maccs_58,maccs_86,maccs_88,morgan_360,morgan_969,neutral_rdkit_fr_guanido,protonated_pm7_LUMO_eV,protonated_pm7_HOMO_LUMO_gap_eV,protonated_mordred_nBase
0.0,0.0,0.0,0.0,0.0,0.0,-4.198,10.1,2.0
0.0,0.0,0.0,0.0,0.0,0.0,-4.206,10.044,1.0
0.0,0.0,0.0,0.0,0.0,0.0,-5.089,8.757,2.0
0.0,0.0,0.0,0.0,0.0,0.0,-4.009,9.096,1.0
0.0,0.0,0.0,0.0,0.0,0.0,-5.014,7.755999999999999,2.0
0.0,1.0,0.0,0.0,0.0,0.0,-3.831,8.389000000000001,2.0
0.0,1.0,0.0,0.0,0.0,0.0,-3.346,8.754,2.0
0.0,0.0,1.0,0.0,0.0,0.0,-5.306,7.158,1.0
0.0,0.0,1.0,0.0,0.0,0.0,-5.106,7.407999999999999,1.0
0.0,0.0,1.0,0.0,0.0,0.0,-6.25,6.847,1.0
0.0,0.0,1.0,0.0,0.0,0.0,-5.502,7.879,1.0
0.0,1.0,0.0,0.0,0.0,0.0,-4.108,9.844,1.0
0.0,1.0,0.0,0.0,0.0,0.0,-4.473,9.527,1.0
0.0,1.0,0.0,0.0,0.0,0.0,-3.942,10.034,1.0
0.0,1.0,0.0,0.0,0.0,0.0,-4.312,9.694,1.0
0.0,1.0,0.0,0.0,0.0,0.0,-5.389,8.183,1.0
0.0,1.0,0.0,0.0,0.0,0.0,-4.443,9.917,1.0
0.0,1.0,0.0,0.0,0.0,0.0,-4.69,9.249,1.0
0.0,1.0,0.0,0.0,0.0,0.0,-4.648,9.423,1.0
0.0,0.0,0.0,0.0,0.0,0.0,-5.047,8.552,1.0
0.0,0.0,0.0,0.0,0.0,0.0,-4.877,8.521,1.0
0.0,0.0,0.0,0.0,0.0,0.0,-4.86,9.286,1.0
0.0,0.0,0.0,0.0,0.0,0.0,-4.853,9.364,1.0
0.0,0.0,0.0,1.0,0.0,0.0,-4.045,11.13,1.0
0.0,0.0,0.0,1.0,0.0,0.0,-5.192,7.1,2.0
0.0,1.0,0.0,0.0,0.0,0.0,-3.758,9.672999999999998,1.0
0.0,1.0,0.0,0.0,0.0,0.0,-3.496,10.443,2.0
0.0,0.0,0.0,0.0,0.0,0.0,-4.951,9.368000000000002,1.0
0.0,0.0,0.0,0.0,0.0,0.0,-5.267,9.07,1.0
0.0,0.0,0.0,0.0,0.0,0.0,-4.994,9.539,1.0
0.0,0.0,0.0,0.0,0.0,0.0,-4.865,9.889,1.0
0.0,1.0,0.0,0.0,0.0,0.0,-4.334,8.432,2.0
0.0,1.0,0.0,0.0,0.0,0.0,-3.27,9.843,1.0
0.0,1.0,0.0,0.0,0.0,0.0,-4.874,7.048000000000001,2.0
0.0,0.0,0.0,0.0,0.0,0.0,-5.133,9.072,1.0
0.0,0.0,0.0,0.0,0.0,0.0,-5.127,8.655000000000001,1.0
0.0,0.0,0.0,0.0,0.0,0.0,-5.832,6.949000000000001,1.0
0.0,0.0,0.0,0.0,0.0,0.0,-5.248,8.905000000000001,1.0
0.0,1.0,0.0,0.0,0.0,1.0,-3.836,9.332,3.0
0.0,1.0,0.0,0.0,0.0,1.0,-4.001,10.114,4.0
0.0,1.0,0.0,0.0,0.0,1.0,-4.023,9.768,3.0
0.0,1.0,0.0,0.0,0.0,1.0,-3.909,10.128,3.0
0.0,1.0,0.0,0.0,0.0,1.0,-3.919,9.946,4.0
0.0,1.0,0.0,0.0,0.0,0.0,-3.608,9.133,2.0
0.0,1.0,0.0,0.0,0.0,0.0,-3.68,9.133,1.0
0.0,1.0,0.0,0.0,0.0,0.0,-3.489,9.156,2.0
0.0,1.0,0.0,0.0,0.0,0.0,-3.696,7.446,3.0
0.0,1.0,0.0,0.0,0.0,0.0,-2.997,8.99,3.0
0.0,1.0,0.0,0.0,0.0,0.0,-3.826,7.126,3.0
0.0,1.0,0.0,0.0,0.0,0.0,-3.52,10.17,1.0
0.0,1.0,0.0,0.0,0.0,0.0,-3.52,10.178,2.0
0.0,1.0,0.0,0.0,0.0,0.0,-3.917,9.039,2.0
0.0,0.0,0.0,1.0,0.0,0.0,-5.098,9.057,1.0
0.0,0.0,0.0,1.0,0.0,0.0,-5.023,7.811,1.0
0.0,0.0,0.0,1.0,0.0,0.0,-5.26,8.597,1.0
0.0,0.0,0.0,0.0,0.0,0.0,-4.619,8.198,1.0
0.0,0.0,0.0,0.0,0.0,0.0,-4.625,8.52,1.0
0.0,0.0,0.0,0.0,0.0,0.0,-4.609,8.646,1.0
0.0,0.0,0.0,0.0,0.0,0.0,-4.654,8.666,1.0
0.0,0.0,1.0,0.0,0.0,0.0,-5.15,7.949,1.0
0.0,0.0,1.0,0.0,0.0,0.0,-5.294,8.440000000000001,1.0
0.0,0.0,0.0,0.0,0.0,0.0,-5.099,9.474,1.0
0.0,0.0,0.0,0.0,0.0,0.0,-5.184,9.415,1.0
0.0,0.0,0.0,0.0,0.0,0.0,-4.845,10.176000000000002,1.0
0.0,0.0,0.0,0.0,0.0,0.0,-4.793,9.905,1.0
0.0,0.0,1.0,0.0,0.0,0.0,-5.047,7.244000000000001,1.0
0.0,0.0,1.0,0.0,0.0,0.0,-5.033,7.113,1.0
0.0,1.0,0.0,0.0,0.0,0.0,-3.329,10.267,2.0
0.0,1.0,0.0,0.0,0.0,0.0,-3.364,10.277,1.0
0.0,1.0,0.0,0.0,0.0,0.0,-4.742,8.254999999999999,2.0
0.0,1.0,0.0,0.0,0.0,0.0,-4.358,9.142,1.0
0.0,1.0,0.0,0.0,0.0,0.0,-4.554,8.02,1.0
0.0,1.0,0.0,0.0,0.0,0.0,-6.021,6.623,1.0
0.0,0.0,0.0,0.0,0.0,0.0,-4.999,8.053,1.0
0.0,0.0,0.0,0.0,0.0,0.0,-4.964,8.074,1.0
0.0,0.0,0.0,0.0,0.0,0.0,-5.16,8.253,1.0
0.0,0.0,0.0,0.0,0.0,0.0,-4.866,9.164,1.0
0.0,0.0,0.0,1.0,0.0,0.0,-5.283,6.957999999999999,2.0
0.0,0.0,0.0,1.0,0.0,0.0,-3.991,9.37,1.0
0.0,0.0,0.0,0.0,0.0,0.0,-5.697,9.079999999999998,1.0
0.0,0.0,0.0,0.0,0.0,0.0,-6.476,6.694,1.0
0.0,0.0,0.0,0.0,0.0,0.0,-6.274,6.877,1.0
0.0,0.0,0.0,0.0,0.0,0.0,-5.225,9.265,1.0
0.0,1.0,0.0,0.0,0.0,0.0,-4.591,8.114999999999998,2.0
0.0,1.0,0.0,0.0,0.0,0.0,-4.278,8.158999999999999,1.0
0.0,1.0,0.0,0.0,0.0,0.0,-4.285,8.685,2.0
0.0,1.0,0.0,0.0,0.0,0.0,-4.475,8.604000000000001,2.0
0.0,1.0,0.0,0.0,0.0,0.0,-4.634,7.985999999999999,2.0
0.0,0.0,0.0,0.0,0.0,0.0,-4.324,8.124,2.0
0.0,0.0,0.0,0.0,0.0,0.0,-4.495,7.94,2.0
0.0,0.0,0.0,0.0,0.0,0.0,-2.977,10.01,1.0
0.0,0.0,0.0,0.0,0.0,0.0,-4.09,9.784,2.0
0.0,0.0,0.0,0.0,0.0,0.0,-4.499,8.933,1.0
0.0,0.0,0.0,0.0,0.0,0.0,-4.564,8.689,1.0
0.0,0.0,0.0,0.0,0.0,0.0,-4.56,8.297,1.0
0.0,0.0,0.0,0.0,0.0,0.0,-4.998,8.09,1.0
0.0,1.0,0.0,0.0,0.0,0.0,-4.435,9.166,2.0
0.0,1.0,0.0,0.0,0.0,0.0,-4.221,9.434,1.0
0.0,1.0,0.0,0.0,0.0,0.0,-4.757,8.661,2.0
0.0,1.0,0.0,0.0,0.0,0.0,-4.475,8.968,2.0
0.0,1.0,0.0,0.0,0.0,0.0,-4.154,9.343,2.0
0.0,0.0,0.0,0.0,0.0,0.0,-4.125,8.731,2.0
0.0,0.0,0.0,0.0,0.0,0.0,-3.918,8.602,1.0
1.0,0.0,1.0,0.0,0.0,0.0,-5.097,9.313,1.0
1.0,0.0,1.0,0.0,0.0,0.0,-4.981,8.591,1.0
1.0,0.0,1.0,0.0,0.0,0.0,-4.763,9.874,1.0
0.0,1.0,0.0,0.0,0.0,0.0,-3.989,10.277,1.0
0.0,1.0,0.0,0.0,0.0,0.0,-3.751,10.398,2.0
0.0,1.0,0.0,0.0,0.0,0.0,-3.806,10.294,2.0
0.0,1.0,0.0,0.0,0.0,0.0,-3.287,10.602,2.0
0.0,1.0,0.0,0.0,0.0,0.0,-3.572,10.402,1.0
0.0,0.0,0.0,0.0,0.0,0.0,-4.611,7.911,1.0
0.0,0.0,0.0,0.0,0.0,0.0,-4.993,8.231,1.0
0.0,0.0,0.0,0.0,0.0,0.0,-4.773,7.801,1.0
0.0,0.0,0.0,0.0,0.0,0.0,-5.661,7.773,1.0
0.0,1.0,0.0,0.0,0.0,0.0,-3.33,10.077,1.0
0.0,1.0,0.0,0.0,0.0,0.0,-4.593,8.217,2.0
0.0,1.0,0.0,0.0,0.0,0.0,-4.714,7.395,2.0
0.0,0.0,0.0,0.0,0.0,0.0,-5.106,8.059,1.0
0.0,0.0,0.0,0.0,0.0,0.0,-4.841,9.023,1.0
0.0,0.0,0.0,0.0,0.0,0.0,-4.489,9.260000000000002,1.0
0.0,0.0,1.0,0.0,0.0,0.0,-5.393,8.655000000000001,1.0
0.0,0.0,1.0,0.0,0.0,0.0,-5.393,8.655000000000001,1.0
0.0,0.0,1.0,0.0,0.0,0.0,-5.944,8.55,1.0
0.0,0.0,0.0,1.0,0.0,0.0,-5.031,9.199000000000002,1.0
0.0,0.0,0.0,1.0,0.0,0.0,-5.032,9.197,1.0
0.0,0.0,0.0,1.0,0.0,0.0,-4.962,8.5,1.0
0.0,0.0,0.0,1.0,0.0,0.0,-4.624,7.975,1.0
0.0,0.0,0.0,0.0,0.0,0.0,-5.478,7.797000000000001,1.0
0.0,0.0,0.0,0.0,0.0,0.0,-4.928,8.846,1.0
0.0,0.0,0.0,0.0,0.0,0.0,-5.473,7.467,1.0
0.0,0.0,0.0,0.0,0.0,0.0,-4.825,8.873999999999999,1.0
0.0,0.0,0.0,0.0,0.0,0.0,-5.146,9.457,1.0
0.0,0.0,0.0,0.0,0.0,0.0,-5.697,8.866,1.0
0.0,0.0,0.0,0.0,0.0,0.0,-5.26,9.013,1.0
0.0,1.0,0.0,0.0,0.0,0.0,-4.494,10.428,1.0
0.0,1.0,0.0,0.0,0.0,0.0,-4.548,9.873,1.0
0.0,1.0,0.0,0.0,0.0,0.0,-4.494,10.428,1.0
0.0,1.0,0.0,0.0,0.0,0.0,-4.3,10.447,1.0
0.0,1.0,0.0,0.0,0.0,0.0,-3.428,10.494,2.0
0.0,1.0,0.0,0.0,0.0,0.0,-3.407,10.432,1.0
0.0,0.0,0.0,0.0,0.0,0.0,-4.403,9.447,1.0
0.0,0.0,0.0,0.0,0.0,0.0,-4.653,8.655000000000001,1.0
0.0,0.0,0.0,0.0,0.0,0.0,-5.69,6.492999999999999,1.0
0.0,0.0,0.0,0.0,0.0,0.0,-4.213,9.682,1.0
0.0,1.0,0.0,0.0,0.0,0.0,-3.002,9.981000000000002,2.0
0.0,1.0,0.0,0.0,0.0,0.0,-3.348,9.759,2.0
0.0,1.0,0.0,0.0,0.0,0.0,-2.715,10.253,2.0
0.0,1.0,0.0,0.0,0.0,0.0,-3.607,8.097000000000001,2.0
0.0,1.0,1.0,0.0,0.0,0.0,-4.398,7.329000000000001,1.0
0.0,1.0,1.0,0.0,0.0,0.0,-5.411,8.381,1.0
0.0,0.0,0.0,0.0,0.0,0.0,-4.125,9.78,1.0
0.0,0.0,0.0,0.0,0.0,0.0,-4.712,8.759,2.0
0.0,0.0,0.0,0.0,0.0,0.0,-4.447,9.111999999999998,2.0
0.0,1.0,0.0,0.0,0.0,0.0,-2.97,11.452,2.0
0.0,1.0,0.0,0.0,0.0,0.0,-3.046,11.379,1.0
0.0,0.0,0.0,0.0,0.0,0.0,-2.821,11.681,2.0
0.0,0.0,0.0,0.0,0.0,0.0,-3.484,9.736,1.0
0.0,0.0,1.0,0.0,1.0,0.0,-5.784,6.672,1.0
0.0,0.0,1.0,0.0,1.0,0.0,-5.62,6.694999999999999,1.0
0.0,0.0,1.0,0.0,1.0,0.0,-5.944,8.084,1.0
0.0,0.0,0.0,0.0,0.0,0.0,-4.496,9.113,1.0
0.0,0.0,0.0,0.0,0.0,0.0,-4.417,9.809,1.0
0.0,0.0,0.0,0.0,0.0,0.0,-4.618,8.767999999999999,1.0
0.0,0.0,0.0,0.0,0.0,0.0,-4.117,9.981000000000002,1.0
0.0,0.0,0.0,0.0,0.0,0.0,-4.191,9.869,1.0
0.0,0.0,0.0,0.0,0.0,0.0,-5.312,8.84,1.0
0.0,0.0,0.0,0.0,0.0,0.0,-6.135,8.224,1.0
0.0,0.0,0.0,0.0,0.0,0.0,-5.258,8.773,1.0
0.0,0.0,0.0,0.0,0.0,0.0,-4.57,9.957,1.0
0.0,0.0,0.0,0.0,0.0,0.0,-4.745,9.735,1.0
0.0,0.0,0.0,0.0,0.0,0.0,-4.96,9.335,1.0
0.0,0.0,0.0,0.0,0.0,0.0,-5.267,8.908000000000001,1.0
0.0,0.0,0.0,0.0,0.0,0.0,-4.916,9.702,1.0
1.0,0.0,1.0,0.0,0.0,0.0,-4.617,8.204,2.0
1.0,0.0,1.0,0.0,0.0,0.0,-3.447,9.91,1.0
1.0,0.0,1.0,0.0,0.0,0.0,-4.747,7.554,2.0
0.0,0.0,0.0,0.0,0.0,0.0,-3.486,10.386,1.0
0.0,0.0,0.0,0.0,0.0,0.0,-5.095,7.715000000000001,2.0
0.0,0.0,1.0,0.0,0.0,0.0,-5.369,8.331,2.0
0.0,0.0,1.0,0.0,0.0,0.0,-4.139,8.547999999999998,1.0
0.0,0.0,0.0,0.0,0.0,0.0,-3.509,8.278,1.0
0.0,0.0,0.0,0.0,0.0,0.0,-3.284,10.243,1.0
0.0,0.0,0.0,0.0,0.0,0.0,-3.378,10.731,2.0
0.0,1.0,0.0,0.0,0.0,0.0,-4.948,6.856,2.0
0.0,1.0,0.0,0.0,0.0,0.0,-3.328,9.518,1.0
0.0,1.0,0.0,0.0,0.0,0.0,-4.921,7.134999999999999,2.0
0.0,0.0,0.0,0.0,0.0,0.0,-4.357,10.194,1.0
0.0,0.0,0.0,0.0,0.0,0.0,-4.7,9.823,1.0
0.0,1.0,0.0,0.0,0.0,0.0,-3.741,9.88,1.0
0.0,1.0,0.0,0.0,0.0,0.0,-5.498,7.338999999999999,2.0
0.0,1.0,0.0,0.0,0.0,0.0,-3.475,10.615,2.0
0.0,1.0,0.0,0.0,0.0,0.0,-3.972,8.533000000000001,2.0
0.0,1.0,0.0,0.0,0.0,0.0,-3.817,10.158,1.0
0.0,1.0,0.0,0.0,0.0,0.0,-3.288,10.903,2.0
0.0,0.0,0.0,0.0,0.0,0.0,-5.783,7.656999999999999,1.0
0.0,0.0,0.0,0.0,0.0,0.0,-5.543,9.067,1.0
0.0,0.0,0.0,0.0,0.0,0.0,-5.49,7.897,1.0
0.0,0.0,0.0,0.0,0.0,0.0,-5.502,8.828,1.0
0.0,1.0,0.0,0.0,0.0,0.0,-3.89,9.723,1.0
0.0,1.0,0.0,0.0,0.0,0.0,-5.468,7.471999999999999,2.0
0.0,1.0,0.0,0.0,0.0,0.0,-5.38,7.314000000000001,2.0
0.0,0.0,0.0,0.0,0.0,0.0,-5.463,8.116,1.0
0.0,0.0,0.0,0.0,0.0,0.0,-4.933,9.13,1.0
0.0,0.0,0.0,0.0,0.0,0.0,-4.959,8.489,1.0
0.0,0.0,0.0,0.0,0.0,0.0,-5.039,8.724,1.0
0.0,0.0,0.0,0.0,0.0,0.0,-4.51,9.662,1.0
0.0,0.0,0.0,0.0,0.0,0.0,-4.608,9.036,1.0
0.0,0.0,0.0,0.0,0.0,0.0,-4.641,9.657,1.0
0.0,0.0,0.0,0.0,0.0,0.0,-4.376,10.059,1.0
1.0,1.0,1.0,1.0,0.0,0.0,-4.382,9.41,2.0
1.0,1.0,1.0,1.0,0.0,0.0,-3.176,10.191,1.0
1.0,1.0,1.0,1.0,0.0,0.0,-4.805,8.192,2.0
0.0,0.0,0.0,0.0,0.0,0.0,-4.179,9.608,2.0
0.0,0.0,0.0,0.0,0.0,0.0,-3.601,9.562,1.0
0.0,0.0,0.0,0.0,0.0,0.0,-4.175,9.838,2.0
0.0,0.0,0.0,1.0,0.0,0.0,-3.489,10.98,1.0
0.0,0.0,0.0,1.0,0.0,0.0,-3.794,10.311,2.0
0.0,1.0,0.0,0.0,0.0,0.0,-4.585,8.873000000000001,2.0
0.0,1.0,0.0,0.0,0.0,0.0,-3.899,8.948,1.0
0.0,1.0,0.0,0.0,0.0,0.0,-4.773,8.541,2.0
0.0,1.0,0.0,0.0,0.0,0.0,-4.387,8.543,2.0
0.0,1.0,0.0,0.0,0.0,0.0,-3.582,8.843,2.0
0.0,1.0,0.0,0.0,0.0,0.0,-3.332,9.425999999999998,2.0
0.0,0.0,0.0,0.0,0.0,0.0,-5.105,8.876,1.0
0.0,0.0,0.0,0.0,0.0,0.0,-5.163,8.541,1.0
0.0,0.0,0.0,0.0,0.0,0.0,-5.351,9.364999999999998,1.0
0.0,0.0,0.0,0.0,0.0,0.0,-5.069,9.071000000000002,1.0
0.0,0.0,0.0,0.0,0.0,0.0,-5.478,8.086,1.0
0.0,0.0,0.0,0.0,0.0,0.0,-4.036,9.275,1.0
0.0,0.0,0.0,0.0,0.0,0.0,-4.887,9.105,1.0
0.0,0.0,0.0,0.0,0.0,0.0,-6.55,6.31,1.0
0.0,0.0,0.0,0.0,0.0,0.0,-5.158,7.740999999999999,2.0
0.0,0.0,0.0,0.0,0.0,0.0,-5.25,7.821999999999999,2.0
0.0,0.0,0.0,0.0,0.0,0.0,-4.354,9.546,1.0
0.0,0.0,0.0,0.0,0.0,0.0,-4.343,8.868,1.0
0.0,0.0,0.0,0.0,0.0,0.0,-5.633,8.305,2.0
0.0,0.0,0.0,0.0,0.0,0.0,-4.412,9.633,1.0
0.0,0.0,0.0,0.0,0.0,0.0,-4.343,9.232,1.0
0.0,0.0,0.0,0.0,0.0,0.0,-3.861,10.382,1.0
0.0,1.0,0.0,0.0,0.0,0.0,-3.961,9.361,2.0
0.0,1.0,0.0,0.0,0.0,0.0,-2.815,10.021,1.0
0.0,1.0,0.0,0.0,0.0,0.0,-4.262,8.687000000000001,2.0
0.0,1.0,0.0,0.0,0.0,0.0,-2.789,10.127,2.0
0.0,1.0,0.0,0.0,0.0,0.0,-4.987,7.711,1.0
0.0,1.0,0.0,0.0,0.0,0.0,-4.91,8.25,1.0
0.0,1.0,0.0,0.0,0.0,0.0,-4.634,7.846999999999999,1.0
0.0,1.0,0.0,0.0,0.0,0.0,-4.609,7.867000000000001,1.0
0.0,1.0,0.0,0.0,0.0,0.0,-3.964,11.212,1.0
0.0,1.0,0.0,0.0,0.0,0.0,-5.093,8.868,2.0
0.0,1.0,0.0,0.0,0.0,0.0,-4.042,11.135,2.0
0.0,1.0,0.0,0.0,0.0,0.0,-3.139,9.859,2.0
0.0,1.0,0.0,0.0,0.0,0.0,-3.537,9.656,2.0
0.0,1.0,0.0,0.0,0.0,0.0,-3.961,9.903,1.0
0.0,1.0,0.0,0.0,0.0,0.0,-3.341,11.193,2.0
0.0,1.0,0.0,0.0,0.0,0.0,-3.451,11.11,2.0
0.0,1.0,0.0,0.0,0.0,0.0,-3.399,10.444,2.0
0.0,1.0,0.0,0.0,0.0,0.0,-3.558,10.046,1.0
0.0,1.0,0.0,0.0,0.0,0.0,-3.18,10.276,2.0
0.0,1.0,0.0,0.0,0.0,0.0,-4.638,10.561,1.0
0.0,1.0,0.0,0.0,0.0,0.0,-6.052,6.987,1.0
0.0,1.0,0.0,0.0,0.0,0.0,-4.927,9.811,1.0
0.0,1.0,0.0,0.0,0.0,0.0,-5.789,7.434000000000001,1.0
0.0,0.0,0.0,0.0,0.0,0.0,-4.529,9.031,1.0
0.0,0.0,0.0,0.0,0.0,0.0,-4.491,8.428,1.0
0.0,0.0,0.0,0.0,0.0,0.0,-4.083,9.66,1.0
0.0,0.0,0.0,0.0,0.0,0.0,-4.324,9.423,1.0
0.0,1.0,0.0,0.0,0.0,0.0,-4.719,9.625,1.0
0.0,1.0,0.0,0.0,0.0,0.0,-4.631,10.218,1.0
0.0,1.0,0.0,0.0,0.0,0.0,-4.503,10.13,1.0
0.0,0.0,0.0,0.0,0.0,0.0,-4.729,8.707,1.0
0.0,0.0,0.0,0.0,0.0,0.0,-4.577,9.134,1.0
0.0,0.0,0.0,0.0,0.0,0.0,-4.489,9.14,1.0
0.0,0.0,0.0,0.0,0.0,0.0,-4.459,8.75,1.0
0.0,0.0,0.0,0.0,0.0,0.0,-4.793,8.66,1.0
0.0,1.0,0.0,0.0,0.0,0.0,-4.923,7.41,1.0
0.0,1.0,0.0,0.0,0.0,0.0,-4.688,7.731000000000001,1.0
0.0,1.0,0.0,0.0,0.0,0.0,-4.545,7.752000000000001,1.0
0.0,1.0,0.0,0.0,0.0,0.0,-4.72,7.809,1.0
0.0,0.0,0.0,0.0,0.0,0.0,-4.622,10.154,1.0
0.0,0.0,0.0,0.0,0.0,0.0,-4.71,10.471,1.0
0.0,0.0,0.0,0.0,0.0,0.0,-4.426,10.328,1.0
0.0,0.0,0.0,0.0,0.0,0.0,-4.63,9.167000000000002,1.0
0.0,1.0,0.0,0.0,0.0,0.0,-2.891,10.067,1.0
0.0,1.0,0.0,0.0,0.0,0.0,-4.065,8.68,2.0
0.0,1.0,0.0,0.0,0.0,0.0,-4.084,7.867000000000001,2.0
0.0,1.0,0.0,0.0,0.0,0.0,-4.398,8.295,2.0
0.0,1.0,0.0,0.0,0.0,0.0,-4.586,8.811,1.0
0.0,1.0,0.0,0.0,0.0,0.0,-4.48,9.251,1.0
0.0,1.0,0.0,0.0,0.0,0.0,-5.607,6.547999999999999,1.0
0.0,1.0,0.0,0.0,0.0,0.0,-4.458,9.417,1.0
0.0,0.0,0.0,0.0,0.0,0.0,-4.632,10.279,1.0
0.0,0.0,0.0,0.0,0.0,0.0,-4.707,9.582,1.0
0.0,0.0,0.0,0.0,0.0,0.0,-5.156,9.291,1.0
0.0,1.0,0.0,0.0,0.0,0.0,-4.004,10.845,1.0
0.0,1.0,0.0,0.0,0.0,0.0,-4.636,9.381,2.0
0.0,1.0,0.0,0.0,0.0,0.0,-4.109,10.759,2.0
0.0,0.0,0.0,0.0,0.0,0.0,-4.484,7.558,1.0
0.0,0.0,0.0,0.0,0.0,0.0,-4.343,8.297,1.0
0.0,0.0,0.0,0.0,0.0,0.0,-4.536,7.494,1.0
0.0,0.0,0.0,0.0,0.0,0.0,-5.071,6.924,1.0
0.0,0.0,0.0,0.0,0.0,0.0,-4.755,8.908999999999999,2.0
0.0,0.0,0.0,0.0,0.0,0.0,-3.59,11.04,1.0
0.0,0.0,0.0,0.0,0.0,0.0,-3.745,10.675999999999998,2.0
0.0,1.0,0.0,0.0,0.0,0.0,-3.446,9.176,1.0
0.0,1.0,0.0,0.0,0.0,0.0,-3.471,9.088,2.0
0.0,1.0,0.0,0.0,0.0,0.0,-5.396,6.460999999999999,2.0
0.0,1.0,0.0,0.0,0.0,0.0,-4.952,7.856,2.0
0.0,1.0,0.0,0.0,0.0,0.0,-5.313,6.974000000000001,2.0
0.0,1.0,0.0,0.0,0.0,0.0,-3.463,10.351,1.0
0.0,1.0,0.0,0.0,0.0,0.0,-4.474,8.626,2.0
0.0,1.0,0.0,0.0,0.0,0.0,-4.728,8.52,2.0
0.0,1.0,0.0,0.0,0.0,0.0,-3.519,9.558,1.0
0.0,1.0,0.0,0.0,0.0,0.0,-4.438,8.631,2.0
1.0,0.0,1.0,0.0,0.0,0.0,-4.772,10.098,1.0
1.0,0.0,1.0,0.0,0.0,0.0,-4.88,9.435,1.0
1.0,0.0,1.0,0.0,0.0,0.0,-4.972,8.762,1.0
1.0,0.0,1.0,0.0,0.0,0.0,-4.601,9.797,1.0
0.0,1.0,1.0,0.0,0.0,1.0,-5.615,6.855,4.0
0.0,1.0,1.0,0.0,0.0,1.0,-4.444,6.823,3.0
0.0,1.0,1.0,0.0,0.0,1.0,-4.1,8.15,3.0
0.0,1.0,1.0,0.0,0.0,1.0,-4.067,8.172,3.0
0.0,0.0,0.0,1.0,0.0,0.0,-5.361,8.754999999999999,1.0
0.0,0.0,0.0,1.0,0.0,0.0,-4.981,9.543,1.0
0.0,0.0,0.0,1.0,0.0,0.0,-4.79,10.398,1.0
0.0,0.0,0.0,1.0,0.0,0.0,-4.909,8.175,1.0
0.0,1.0,0.0,1.0,0.0,0.0,-3.968,9.92,1.0
0.0,1.0,0.0,1.0,0.0,0.0,-5.361,7.324000000000001,2.0
0.0,1.0,0.0,1.0,0.0,0.0,-4.917,7.439999999999999,2.0
0.0,1.0,0.0,1.0,0.0,0.0,-4.252,8.539000000000001,2.0
0.0,1.0,0.0,0.0,0.0,0.0,-4.236,10.106000000000002,1.0
0.0,1.0,0.0,0.0,0.0,0.0,-4.817,8.58,1.0
0.0,1.0,0.0,0.0,0.0,0.0,-5.161,7.705,1.0
0.0,0.0,0.0,0.0,0.0,0.0,-5.612,8.176,1.0
0.0,0.0,0.0,0.0,0.0,0.0,-5.627,8.936,1.0
0.0,0.0,0.0,0.0,0.0,0.0,-5.625,8.877,1.0
0.0,0.0,0.0,0.0,0.0,0.0,-4.244,10.256,1.0
0.0,0.0,0.0,0.0,0.0,0.0,-4.529,9.34,1.0
0.0,0.0,0.0,0.0,0.0,0.0,-4.341,9.685,1.0
0.0,0.0,1.0,0.0,0.0,0.0,-4.387,8.184999999999999,2.0
0.0,0.0,1.0,0.0,0.0,0.0,-5.539,7.402000000000001,2.0
0.0,0.0,1.0,0.0,0.0,0.0,-4.287,8.530999999999999,2.0
0.0,0.0,1.0,0.0,0.0,0.0,-3.606,8.536,1.0
0.0,0.0,0.0,0.0,0.0,0.0,-4.31,9.729,1.0
0.0,0.0,0.0,0.0,0.0,0.0,-4.929,8.049999999999999,1.0
0.0,0.0,0.0,0.0,0.0,0.0,-4.505,8.469000000000001,1.0
0.0,1.0,0.0,0.0,0.0,0.0,-5.294,6.578,2.0
0.0,1.0,0.0,0.0,0.0,0.0,-3.197,11.024,1.0
0.0,0.0,0.0,0.0,0.0,0.0,-2.964,11.199,1.0
0.0,0.0,0.0,0.0,0.0,0.0,-4.688,7.370999999999999,2.0
0.0,0.0,0.0,0.0,0.0,0.0,-5.013,7.033,2.0
0.0,1.0,0.0,0.0,0.0,0.0,-3.429,9.966,1.0
0.0,1.0,0.0,0.0,0.0,0.0,-4.95,6.935,2.0
0.0,1.0,0.0,0.0,0.0,0.0,-4.638,7.681000000000001,2.0
0.0,0.0,0.0,0.0,0.0,0.0,-3.793,9.832,1.0
0.0,0.0,0.0,0.0,0.0,0.0,-5.029,7.59,2.0
0.0,0.0,0.0,0.0,0.0,0.0,-4.918,7.0680000000000005,2.0
0.0,0.0,0.0,0.0,0.0,0.0,-4.914,7.698,2.0
0.0,0.0,0.0,1.0,0.0,0.0,-4.282,9.239,1.0
0.0,0.0,0.0,1.0,0.0,0.0,-4.936,9.748,1.0
0.0,0.0,0.0,1.0,0.0,0.0,-4.561,10.457,1.0
0.0,0.0,0.0,1.0,0.0,0.0,-4.293,8.985,1.0
0.0,0.0,0.0,1.0,0.0,0.0,-5.013,9.533,1.0
0.0,0.0,0.0,1.0,0.0,0.0,-4.79,8.341999999999999,1.0
0.0,0.0,0.0,1.0,0.0,0.0,-4.403,10.602,1.0
0.0,0.0,0.0,1.0,0.0,0.0,-5.493,8.305,1.0
0.0,1.0,0.0,0.0,0.0,0.0,-3.048,11.191,1.0
0.0,1.0,0.0,0.0,0.0,0.0,-5.093,7.141,2.0
0.0,0.0,0.0,0.0,0.0,0.0,-5.263,9.374,3.0
0.0,0.0,0.0,0.0,0.0,0.0,-5.067,9.254,2.0
0.0,0.0,0.0,0.0,0.0,0.0,-6.091,7.768,3.0
0.0,0.0,0.0,1.0,0.0,0.0,-5.907,8.813,2.0
0.0,0.0,0.0,1.0,0.0,0.0,-6.095,9.248,3.0
0.0,0.0,0.0,1.0,0.0,0.0,-6.097,9.305,3.0
0.0,0.0,0.0,1.0,0.0,0.0,-5.877,8.655000000000001,3.0
0.0,0.0,0.0,0.0,0.0,0.0,-5.286,9.259,1.0
0.0,0.0,0.0,0.0,0.0,0.0,-5.377,8.056000000000001,1.0
0.0,0.0,0.0,0.0,0.0,0.0,-4.98,9.447,1.0
0.0,0.0,0.0,0.0,0.0,0.0,-5.38,7.840000000000001,1.0
0.0,0.0,0.0,0.0,0.0,0.0,-4.809,9.489,1.0
0.0,1.0,0.0,0.0,0.0,0.0,-3.911,9.702,1.0
0.0,1.0,0.0,0.0,0.0,0.0,-4.482,9.25,2.0
0.0,1.0,0.0,0.0,0.0,0.0,-4.352,9.272,2.0
0.0,1.0,0.0,0.0,0.0,0.0,-5.165,6.316,3.0
0.0,1.0,0.0,0.0,0.0,0.0,-5.314,6.077,3.0
0.0,1.0,0.0,0.0,0.0,0.0,-3.43,8.824,2.0
0.0,1.0,0.0,0.0,0.0,0.0,-3.583,9.058,2.0
0.0,1.0,0.0,0.0,0.0,0.0,-3.528,9.723,2.0
0.0,1.0,0.0,0.0,0.0,0.0,-3.734,8.578,2.0
0.0,1.0,0.0,0.0,0.0,0.0,-3.694,7.745999999999999,1.0
0.0,1.0,0.0,0.0,0.0,0.0,-4.773,7.141,2.0
0.0,1.0,0.0,0.0,0.0,0.0,-4.036,7.493,2.0
0.0,1.0,0.0,0.0,0.0,0.0,-5.809,8.133,1.0
0.0,1.0,0.0,0.0,0.0,0.0,-5.89,7.251,1.0
0.0,1.0,0.0,0.0,0.0,0.0,-5.397,7.188000000000001,1.0
0.0,1.0,0.0,0.0,0.0,0.0,-5.464,6.696,1.0
0.0,1.0,0.0,0.0,0.0,0.0,-5.561,6.798,1.0
0.0,1.0,0.0,0.0,0.0,0.0,-5.673,7.648,1.0
0.0,1.0,0.0,0.0,0.0,0.0,-3.358,10.329,3.0
0.0,1.0,0.0,0.0,0.0,0.0,-3.011,9.48,3.0
0.0,1.0,0.0,0.0,0.0,0.0,-3.011,9.477,2.0
0.0,1.0,0.0,0.0,0.0,0.0,-3.679,9.127,2.0
0.0,1.0,0.0,0.0,0.0,0.0,-3.215,10.782,1.0
0.0,1.0,0.0,0.0,0.0,0.0,-5.325,7.076999999999999,2.0
0.0,1.0,0.0,0.0,0.0,0.0,-3.188,10.992,2.0
0.0,1.0,0.0,0.0,0.0,0.0,-3.493,8.432,3.0
0.0,1.0,0.0,0.0,0.0,0.0,-2.841,8.886,3.0
0.0,1.0,0.0,0.0,0.0,0.0,-3.689,7.142,3.0
0.0,1.0,0.0,0.0,0.0,0.0,-4.336,8.512,2.0
0.0,1.0,0.0,0.0,0.0,0.0,-4.2,7.970999999999999,2.0
0.0,1.0,0.0,0.0,0.0,0.0,-5.118,6.853,3.0
0.0,1.0,0.0,0.0,0.0,0.0,-4.04,8.908000000000001,3.0
0.0,1.0,0.0,0.0,0.0,0.0,-4.225,9.463,1.0
0.0,1.0,0.0,0.0,0.0,0.0,-4.972,7.665999999999999,1.0
0.0,1.0,0.0,0.0,0.0,0.0,-4.417,9.137,1.0
0.0,0.0,0.0,0.0,0.0,1.0,-4.296,8.991,3.0
0.0,0.0,0.0,0.0,0.0,1.0,-4.161,9.405,3.0
0.0,0.0,0.0,0.0,0.0,1.0,-4.063,9.757,3.0
0.0,1.0,0.0,0.0,0.0,0.0,-5.491,5.629,2.0
0.0,1.0,0.0,0.0,0.0,0.0,-3.827,7.582000000000001,1.0
1.0,0.0,1.0,0.0,0.0,0.0,-4.322,9.354,1.0
1.0,0.0,1.0,0.0,0.0,0.0,-4.296,9.369,1.0
1.0,0.0,1.0,0.0,0.0,0.0,-4.907,8.544,1.0
0.0,0.0,0.0,0.0,0.0,0.0,-4.405,9.136,2.0
0.0,0.0,0.0,0.0,0.0,0.0,-4.266,8.723,2.0
0.0,0.0,0.0,0.0,0.0,0.0,-3.696,9.439,1.0
0.0,1.0,0.0,0.0,0.0,0.0,-3.511,10.171,1.0
0.0,1.0,0.0,0.0,0.0,0.0,-5.228,6.892,2.0
0.0,1.0,0.0,0.0,0.0,0.0,-5.211,6.767,2.0
0.0,0.0,0.0,0.0,0.0,0.0,-5.117,8.646,1.0
0.0,0.0,0.0,0.0,0.0,0.0,-5.701,7.901000000000001,1.0
0.0,0.0,0.0,0.0,0.0,0.0,-5.718,6.829000000000001,1.0
0.0,0.0,0.0,0.0,0.0,0.0,-6.029,6.712,1.0
0.0,0.0,0.0,0.0,0.0,0.0,-4.959,9.918,1.0
0.0,0.0,0.0,0.0,0.0,0.0,-4.523,10.565,1.0
0.0,0.0,0.0,0.0,0.0,0.0,-4.427,10.719,1.0
0.0,0.0,0.0,0.0,0.0,0.0,-5.209,8.827,1.0
0.0,0.0,0.0,0.0,0.0,0.0,-6.148,7.250999999999999,1.0
0.0,0.0,0.0,0.0,0.0,0.0,-5.736,8.134,1.0
0.0,0.0,0.0,0.0,0.0,0.0,-6.254,7.836,1.0
0.0,0.0,0.0,0.0,0.0,0.0,-5.858,8.103000000000002,1.0
0.0,0.0,0.0,0.0,0.0,0.0,-6.29,7.379,1.0
0.0,1.0,0.0,0.0,0.0,0.0,-4.757,8.256,1.0
0.0,1.0,0.0,0.0,0.0,0.0,-5.226,8.045000000000002,1.0
0.0,1.0,0.0,0.0,0.0,0.0,-5.118,7.818,1.0
0.0,1.0,0.0,0.0,0.0,0.0,-4.332,8.998000000000001,1.0
0.0,1.0,0.0,0.0,0.0,0.0,-4.881,8.496,1.0
0.0,1.0,0.0,0.0,0.0,0.0,-3.42,10.461,1.0
0.0,1.0,0.0,0.0,0.0,0.0,-5.916,6.689,2.0
0.0,1.0,0.0,0.0,0.0,0.0,-4.876,7.396999999999999,2.0
0.0,1.0,0.0,0.0,0.0,0.0,-4.481,8.909,1.0
0.0,1.0,0.0,0.0,0.0,0.0,-4.331,9.319,1.0
0.0,1.0,0.0,0.0,0.0,0.0,-3.07,9.738,3.0
0.0,1.0,0.0,0.0,0.0,0.0,-3.464,9.205,2.0
0.0,1.0,0.0,0.0,0.0,0.0,-3.226,9.743,2.0
0.0,1.0,0.0,0.0,0.0,0.0,-3.518,9.891000000000002,2.0
0.0,1.0,0.0,0.0,0.0,0.0,-3.316,10.105,1.0
0.0,1.0,0.0,0.0,0.0,0.0,-3.136,11.017,2.0
0.0,0.0,0.0,1.0,0.0,0.0,-5.367,7.665999999999999,2.0
0.0,0.0,0.0,1.0,0.0,0.0,-5.795,6.561,2.0
0.0,0.0,0.0,1.0,0.0,0.0,-4.176,9.403,1.0
0.0,0.0,0.0,1.0,0.0,0.0,-5.367,7.665,2.0
0.0,0.0,0.0,0.0,0.0,0.0,-4.874,7.156,1.0
0.0,0.0,0.0,0.0,0.0,0.0,-4.131,8.972,1.0
0.0,0.0,0.0,0.0,0.0,0.0,-5.735,7.563999999999999,1.0
0.0,0.0,0.0,0.0,0.0,0.0,-4.914,8.097,1.0
0.0,0.0,0.0,0.0,0.0,0.0,-5.132,8.287,1.0
0.0,0.0,0.0,0.0,0.0,0.0,-5.03,7.822999999999999,1.0
0.0,0.0,0.0,0.0,0.0,0.0,-5.787,7.510000000000001,1.0
0.0,0.0,0.0,0.0,0.0,0.0,-6.708,5.949,1.0
0.0,0.0,0.0,0.0,0.0,0.0,-5.508,7.005,1.0
0.0,0.0,0.0,0.0,0.0,0.0,-5.779,7.525,1.0
0.0,0.0,0.0,0.0,0.0,0.0,-5.285,7.257999999999999,1.0
0.0,1.0,0.0,0.0,0.0,0.0,-3.848,8.670000000000002,1.0
0.0,1.0,0.0,0.0,0.0,0.0,-5.454,6.476999999999999,2.0
0.0,1.0,0.0,0.0,0.0,0.0,-4.703,7.973,2.0
0.0,0.0,1.0,0.0,0.0,0.0,-5.974,7.042999999999999,1.0
0.0,0.0,1.0,0.0,0.0,0.0,-5.759,6.6,1.0
0.0,0.0,1.0,0.0,0.0,0.0,-5.696,7.618,1.0
0.0,0.0,1.0,0.0,0.0,0.0,-5.765,7.629,1.0
0.0,0.0,1.0,0.0,0.0,0.0,-6.146,6.857,1.0
0.0,0.0,1.0,0.0,0.0,0.0,-5.714,5.263999999999999,1.0
0.0,0.0,1.0,0.0,0.0,0.0,-5.221,8.076,1.0
0.0,0.0,1.0,0.0,0.0,0.0,-5.009,7.417999999999999,1.0
0.0,0.0,0.0,1.0,0.0,0.0,-5.465,8.673,1.0
0.0,0.0,0.0,1.0,0.0,0.0,-5.392,9.078,1.0
0.0,0.0,0.0,1.0,0.0,0.0,-5.226,7.918,1.0
0.0,0.0,0.0,1.0,0.0,0.0,-6.215,8.805,1.0
0.0,0.0,0.0,1.0,0.0,0.0,-4.255,8.716000000000001,1.0
0.0,0.0,0.0,1.0,0.0,0.0,-4.61,7.213999999999999,2.0
0.0,0.0,0.0,1.0,0.0,0.0,-4.355,8.998999999999999,2.0
0.0,0.0,0.0,0.0,0.0,0.0,-3.481,9.713,1.0
0.0,0.0,0.0,0.0,0.0,0.0,-2.799,11.579,2.0
0.0,0.0,0.0,0.0,0.0,0.0,-3.574,8.594,2.0
0.0,0.0,0.0,0.0,0.0,0.0,-2.768,10.847,2.0
0.0,0.0,0.0,0.0,0.0,0.0,-4.799,8.669,1.0
0.0,0.0,0.0,0.0,0.0,0.0,-4.749,8.905999999999999,1.0
0.0,0.0,0.0,0.0,0.0,0.0,-4.957,7.931999999999999,1.0
0.0,0.0,0.0,0.0,0.0,0.0,-4.874,8.667000000000002,1.0
0.0,1.0,0.0,0.0,0.0,0.0,-3.649,7.986,2.0
0.0,1.0,0.0,0.0,0.0,0.0,-3.49,7.971,2.0
0.0,1.0,0.0,0.0,0.0,0.0,-3.397,8.193,3.0
0.0,0.0,0.0,0.0,0.0,0.0,-2.711,10.848,2.0
0.0,0.0,0.0,0.0,0.0,0.0,-2.861,11.084,2.0
0.0,0.0,1.0,0.0,0.0,0.0,-4.037,8.308,2.0
0.0,0.0,1.0,0.0,0.0,0.0,-4.202,8.211,2.0
0.0,0.0,1.0,0.0,0.0,0.0,-3.942,8.557,3.0
0.0,0.0,0.0,1.0,0.0,0.0,-3.757,10.272,1.0
0.0,0.0,0.0,1.0,0.0,0.0,-4.058,10.399,1.0
0.0,0.0,0.0,1.0,0.0,0.0,-3.917,10.199,1.0
0.0,0.0,0.0,1.0,0.0,0.0,-3.926,8.9,1.0
0.0,0.0,0.0,1.0,0.0,0.0,-4.545,8.86,1.0
0.0,0.0,0.0,0.0,0.0,0.0,-4.781,9.635000000000002,2.0
0.0,0.0,0.0,0.0,0.0,0.0,-5.596,7.366,2.0
0.0,0.0,0.0,0.0,0.0,0.0,-5.07,8.987,2.0
0.0,0.0,0.0,0.0,0.0,0.0,-4.162,9.344,1.0
0.0,0.0,0.0,0.0,0.0,0.0,-5.336,7.709,2.0
0.0,0.0,0.0,0.0,0.0,0.0,-5.366,9.157,1.0
0.0,0.0,0.0,0.0,0.0,0.0,-5.855,8.849,1.0
0.0,0.0,0.0,0.0,0.0,0.0,-6.35,7.438000000000001,1.0
0.0,0.0,0.0,0.0,0.0,0.0,-5.422,9.132,1.0
0.0,0.0,0.0,0.0,0.0,0.0,-5.739,8.885000000000002,1.0
0.0,0.0,0.0,0.0,0.0,0.0,-3.801,9.98,1.0
0.0,0.0,0.0,0.0,0.0,0.0,-5.322,7.007000000000001,2.0
0.0,0.0,0.0,0.0,0.0,0.0,-5.32,10.694,1.0
0.0,0.0,0.0,0.0,0.0,0.0,-5.821,8.847,1.0
0.0,0.0,0.0,0.0,0.0,0.0,-5.524,9.517,1.0
0.0,0.0,0.0,0.0,0.0,0.0,-5.71,9.243,1.0
0.0,0.0,0.0,0.0,0.0,0.0,-3.068,10.047,2.0
0.0,0.0,0.0,0.0,0.0,0.0,-3.251,9.945,2.0
0.0,1.0,0.0,0.0,0.0,0.0,-5.289,7.640000000000001,1.0
0.0,1.0,0.0,0.0,0.0,0.0,-4.27,9.721,1.0
0.0,1.0,0.0,0.0,0.0,0.0,-4.57,9.048,1.0
0.0,1.0,0.0,0.0,0.0,0.0,-4.546,8.940999999999999,1.0
0.0,1.0,0.0,0.0,0.0,0.0,-3.11,10.055,2.0
0.0,1.0,0.0,0.0,0.0,0.0,-3.918,8.274999999999999,2.0
0.0,1.0,0.0,0.0,0.0,0.0,-3.26,10.282,1.0
0.0,1.0,0.0,0.0,0.0,0.0,-3.749,8.078999999999999,2.0
0.0,1.0,0.0,0.0,0.0,0.0,-3.73,8.488999999999999,2.0
0.0,0.0,0.0,0.0,0.0,0.0,-3.933,9.651,1.0
0.0,0.0,0.0,0.0,0.0,0.0,-3.96,9.802,1.0
0.0,0.0,0.0,0.0,0.0,0.0,-4.004,9.963,1.0
0.0,1.0,0.0,0.0,0.0,0.0,-3.167,9.846,2.0
0.0,1.0,0.0,0.0,0.0,0.0,-3.044,9.546,2.0
0.0,1.0,0.0,0.0,0.0,0.0,-5.32,7.4,2.0
0.0,1.0,0.0,0.0,0.0,0.0,-5.165,7.527,2.0
0.0,1.0,0.0,0.0,0.0,0.0,-3.651,10.385,1.0
0.0,1.0,0.0,0.0,0.0,0.0,-3.535,9.388,2.0
0.0,1.0,0.0,0.0,0.0,0.0,-3.47,9.312,2.0
0.0,1.0,0.0,0.0,0.0,0.0,-3.464,9.183,3.0
0.0,1.0,0.0,0.0,0.0,0.0,-3.606,11.152,1.0
0.0,1.0,0.0,0.0,0.0,0.0,-5.374,7.361,2.0
0.0,1.0,0.0,0.0,0.0,0.0,-3.456,9.261,2.0
0.0,1.0,0.0,0.0,0.0,0.0,-4.506,7.760999999999999,3.0
0.0,1.0,0.0,0.0,0.0,0.0,-3.074,9.376,2.0
0.0,1.0,0.0,0.0,0.0,0.0,-3.437,10.464,1.0
0.0,1.0,0.0,0.0,0.0,0.0,-5.296,7.531999999999999,2.0
0.0,0.0,0.0,0.0,0.0,0.0,-4.258,10.039,1.0
0.0,0.0,0.0,0.0,0.0,0.0,-4.306,11.014,1.0
0.0,0.0,0.0,0.0,0.0,0.0,-4.318,10.085,1.0
0.0,0.0,0.0,0.0,0.0,0.0,-4.562,9.273,1.0
0.0,0.0,0.0,0.0,0.0,0.0,-5.048,8.518,1.0
0.0,0.0,0.0,0.0,0.0,0.0,-4.876,8.79,1.0
0.0,0.0,0.0,0.0,0.0,0.0,-3.985,9.781,2.0
0.0,0.0,0.0,0.0,0.0,0.0,-3.504,9.589,1.0
0.0,0.0,0.0,0.0,0.0,0.0,-4.51,8.639,2.0
0.0,0.0,0.0,0.0,0.0,0.0,-4.504,9.238,2.0
0.0,0.0,0.0,0.0,0.0,0.0,-3.504,9.589,2.0
0.0,1.0,0.0,0.0,0.0,0.0,-3.231,10.954,2.0
0.0,1.0,0.0,0.0,0.0,0.0,-3.434,10.248,1.0
0.0,0.0,0.0,0.0,0.0,0.0,-3.916,9.294,1.0
0.0,0.0,0.0,0.0,0.0,0.0,-5.149,7.896999999999999,2.0
0.0,0.0,0.0,0.0,0.0,0.0,-4.723,8.593,2.0
0.0,0.0,0.0,0.0,0.0,0.0,-4.62,8.123000000000001,1.0
0.0,0.0,0.0,0.0,0.0,0.0,-4.362,8.831,1.0
0.0,0.0,0.0,0.0,0.0,0.0,-3.896,9.584,1.0
0.0,0.0,0.0,0.0,0.0,0.0,-4.105,9.943,2.0
0.0,0.0,0.0,0.0,0.0,0.0,-4.33,9.966,2.0
0.0,0.0,0.0,0.0,0.0,0.0,-4.371,9.056,2.0
0.0,0.0,0.0,0.0,0.0,0.0,-4.447,9.368,2.0
0.0,0.0,0.0,0.0,0.0,0.0,-3.256,10.553,2.0
0.0,0.0,0.0,0.0,0.0,0.0,-3.205,10.215,1.0
0.0,0.0,0.0,0.0,0.0,0.0,-4.212,10.154,2.0
0.0,0.0,0.0,0.0,0.0,0.0,-4.533,8.277000000000001,2.0
0.0,0.0,0.0,0.0,0.0,0.0,-4.466,9.628,2.0
0.0,0.0,0.0,0.0,0.0,0.0,-3.579,9.76,1.0
0.0,0.0,0.0,0.0,0.0,0.0,-4.703,8.113,2.0
0.0,0.0,0.0,0.0,0.0,0.0,-4.527,7.986999999999999,2.0
0.0,0.0,0.0,0.0,0.0,0.0,-4.806,7.299,2.0
0.0,0.0,0.0,0.0,0.0,0.0,-3.221,9.373,1.0
0.0,0.0,0.0,0.0,0.0,0.0,-4.841,7.364999999999999,2.0
0.0,0.0,0.0,0.0,0.0,0.0,-5.013,7.75,2.0
0.0,1.0,0.0,1.0,0.0,0.0,-4.62,7.005999999999999,3.0
0.0,1.0,0.0,1.0,0.0,0.0,-3.5,8.713,2.0
0.0,1.0,0.0,1.0,0.0,0.0,-3.451,9.184,2.0
1.0,0.0,1.0,0.0,0.0,0.0,-5.89,8.203,1.0
1.0,0.0,1.0,0.0,0.0,0.0,-5.223,8.737000000000002,1.0
1.0,0.0,1.0,0.0,0.0,0.0,-5.099,8.798,1.0
0.0,0.0,1.0,0.0,0.0,0.0,-5.282,7.24,1.0
0.0,0.0,1.0,0.0,0.0,0.0,-5.334,7.103,1.0
0.0,0.0,1.0,0.0,0.0,0.0,-5.066,7.928,1.0
0.0,0.0,0.0,0.0,0.0,0.0,-5.486,7.642,1.0
0.0,0.0,0.0,0.0,0.0,0.0,-5.652,8.132000000000001,1.0
0.0,0.0,0.0,0.0,0.0,0.0,-5.043,7.342,1.0
0.0,0.0,0.0,0.0,0.0,0.0,-5.115,7.385,1.0
0.0,0.0,0.0,0.0,0.0,0.0,-5.21,7.665,1.0
0.0,0.0,0.0,0.0,0.0,0.0,-5.27,6.085000000000001,1.0
0.0,0.0,0.0,0.0,0.0,0.0,-4.071,8.459,1.0
0.0,0.0,0.0,1.0,0.0,0.0,-5.173,9.398,1.0
0.0,0.0,0.0,1.0,0.0,0.0,-5.422,8.43,1.0
0.0,0.0,0.0,1.0,0.0,0.0,-5.485,7.903999999999999,1.0
0.0,0.0,0.0,1.0,0.0,0.0,-4.198,8.312,1.0
0.0,0.0,0.0,0.0,0.0,0.0,-4.84,8.104000000000001,1.0
0.0,0.0,0.0,0.0,0.0,0.0,-5.117,8.029,1.0
0.0,0.0,0.0,0.0,0.0,0.0,-5.271,8.309000000000001,1.0
0.0,0.0,1.0,0.0,0.0,0.0,-5.248,6.742999999999999,1.0
0.0,0.0,1.0,0.0,0.0,0.0,-5.073,7.48,1.0
0.0,1.0,0.0,0.0,0.0,0.0,-5.015,9.662,1.0
0.0,1.0,0.0,0.0,0.0,0.0,-5.124,8.600000000000001,1.0
0.0,1.0,0.0,0.0,0.0,0.0,-5.623,7.1610000000000005,1.0
0.0,1.0,0.0,0.0,0.0,0.0,-5.637,7.352000000000001,1.0
0.0,1.0,0.0,0.0,0.0,0.0,-5.144,8.495,1.0
0.0,0.0,1.0,0.0,0.0,0.0,-5.535,7.093999999999999,1.0
0.0,0.0,1.0,0.0,0.0,0.0,-5.453,7.851999999999999,1.0
0.0,0.0,1.0,0.0,0.0,0.0,-6.34,7.007,1.0
0.0,1.0,0.0,0.0,0.0,0.0,-5.29,7.273000000000001,2.0
0.0,1.0,0.0,0.0,0.0,0.0,-5.478,8.603,2.0
0.0,1.0,0.0,0.0,0.0,0.0,-4.457,8.196000000000002,1.0
0.0,0.0,0.0,0.0,0.0,0.0,-4.527,8.594000000000001,1.0
0.0,0.0,0.0,0.0,0.0,0.0,-5.049,8.204999999999998,1.0
0.0,0.0,0.0,0.0,0.0,0.0,-4.888,8.441,1.0
0.0,0.0,0.0,0.0,0.0,0.0,-4.903,8.036999999999999,2.0
0.0,0.0,0.0,0.0,0.0,0.0,-4.584,8.096,2.0
0.0,0.0,0.0,0.0,0.0,0.0,-3.858,8.346,1.0
0.0,0.0,0.0,0.0,0.0,0.0,-4.642,9.838,2.0
0.0,0.0,0.0,0.0,0.0,0.0,-5.876,8.072,2.0
0.0,0.0,0.0,0.0,0.0,0.0,-5.633,8.846,2.0
0.0,0.0,0.0,0.0,0.0,0.0,-4.562,9.927,1.0
0.0,1.0,0.0,0.0,0.0,0.0,-3.922,8.7,1.0
0.0,1.0,0.0,0.0,0.0,0.0,-5.409,5.832,2.0
0.0,0.0,0.0,0.0,0.0,0.0,-5.052,8.040000000000001,1.0
0.0,0.0,0.0,0.0,0.0,0.0,-4.75,7.519,1.0
0.0,0.0,0.0,0.0,0.0,0.0,-4.397,8.565999999999999,1.0
0.0,0.0,0.0,0.0,0.0,0.0,-4.465,7.521000000000001,1.0
0.0,0.0,0.0,0.0,0.0,0.0,-4.642,8.799,1.0
0.0,0.0,0.0,0.0,0.0,0.0,-4.876,7.963999999999999,1.0
0.0,0.0,0.0,0.0,0.0,0.0,-4.827,8.209,1.0
0.0,1.0,0.0,0.0,0.0,0.0,-5.747,6.44,2.0
0.0,1.0,0.0,0.0,0.0,0.0,-5.9,6.363,2.0
0.0,1.0,0.0,0.0,0.0,0.0,-3.773,9.804,1.0
0.0,1.0,0.0,0.0,0.0,0.0,-6.134,5.658,2.0
0.0,1.0,0.0,1.0,0.0,0.0,-5.399,8.251000000000001,2.0
0.0,1.0,0.0,1.0,0.0,0.0,-3.865,9.712,1.0
0.0,1.0,0.0,1.0,0.0,0.0,-4.165,8.780000000000001,2.0
0.0,0.0,0.0,1.0,0.0,0.0,-4.75,8.667,1.0
0.0,0.0,0.0,1.0,0.0,0.0,-4.604,8.498999999999999,2.0
0.0,1.0,0.0,0.0,0.0,1.0,-3.918,9.782,3.0
0.0,1.0,0.0,0.0,0.0,1.0,-3.85,9.848,4.0
0.0,1.0,0.0,0.0,0.0,1.0,-3.883,9.635000000000002,3.0
0.0,1.0,0.0,0.0,0.0,1.0,-3.934,9.576,3.0
0.0,0.0,0.0,0.0,0.0,0.0,-4.477,9.488,1.0
0.0,0.0,0.0,0.0,0.0,0.0,-4.968,8.254,1.0
0.0,0.0,0.0,0.0,0.0,0.0,-4.78,8.748000000000001,1.0
0.0,0.0,0.0,0.0,0.0,0.0,-4.952,8.044,1.0
0.0,0.0,0.0,0.0,0.0,0.0,-5.224,8.58,1.0
0.0,0.0,0.0,0.0,0.0,1.0,-4.844,7.182999999999999,3.0
0.0,0.0,0.0,0.0,0.0,1.0,-4.587,7.433,3.0
0.0,0.0,0.0,0.0,0.0,1.0,-4.988,7.515,4.0
0.0,0.0,0.0,0.0,0.0,0.0,-5.272,8.013,2.0
0.0,0.0,0.0,0.0,0.0,0.0,-3.531,10.379,1.0
0.0,1.0,1.0,0.0,0.0,0.0,-4.541,7.930999999999999,2.0
0.0,1.0,1.0,0.0,0.0,0.0,-4.977,7.705,2.0
0.0,1.0,1.0,0.0,0.0,0.0,-6.038,7.362,3.0
0.0,0.0,0.0,0.0,0.0,0.0,-4.357,10.189,2.0
0.0,0.0,0.0,0.0,0.0,0.0,-3.857,9.349,1.0
0.0,0.0,0.0,0.0,0.0,0.0,-4.668,9.323,2.0
0.0,0.0,0.0,0.0,0.0,0.0,-4.062,8.155999999999999,1.0
0.0,0.0,0.0,0.0,0.0,0.0,-4.161,9.609,2.0
0.0,0.0,0.0,0.0,0.0,0.0,-4.461,9.132,2.0
0.0,1.0,0.0,0.0,0.0,0.0,-4.439,8.333,2.0
0.0,1.0,0.0,0.0,0.0,0.0,-3.376,8.679,1.0
0.0,1.0,0.0,0.0,0.0,0.0,-4.493,7.381,2.0
0.0,0.0,0.0,0.0,0.0,0.0,-3.788,8.687,2.0
0.0,0.0,0.0,0.0,0.0,0.0,-4.364,7.476,2.0
0.0,0.0,0.0,0.0,0.0,0.0,-3.743,8.321,3.0
0.0,1.0,0.0,0.0,0.0,0.0,-3.525,8.828999999999999,3.0
0.0,1.0,0.0,0.0,0.0,0.0,-3.899,8.356000000000002,3.0
0.0,1.0,0.0,0.0,0.0,0.0,-4.01,9.075,3.0
0.0,1.0,0.0,0.0,0.0,0.0,-3.422,9.8,4.0
0.0,0.0,0.0,0.0,0.0,0.0,-3.759,9.915,1.0
0.0,0.0,0.0,0.0,0.0,0.0,-5.235,8.236999999999998,2.0
0.0,0.0,0.0,0.0,0.0,0.0,-4.431,7.544,2.0
0.0,0.0,0.0,0.0,0.0,0.0,-3.97,8.226999999999999,1.0
0.0,0.0,0.0,0.0,0.0,0.0,-4.607,7.207999999999999,2.0
0.0,0.0,0.0,0.0,0.0,0.0,-4.575,7.085999999999999,2.0
0.0,0.0,0.0,0.0,0.0,0.0,-3.858,8.57,2.0
0.0,0.0,0.0,0.0,0.0,0.0,-4.372,8.796,1.0
0.0,0.0,0.0,0.0,0.0,0.0,-4.372,8.795,2.0
0.0,0.0,0.0,0.0,0.0,0.0,-5.788,6.478,2.0
0.0,0.0,0.0,0.0,0.0,0.0,-5.416,6.738,2.0
0.0,0.0,0.0,0.0,0.0,0.0,-5.144,7.663,2.0
0.0,0.0,0.0,0.0,0.0,0.0,-5.195,8.073,2.0
0.0,0.0,0.0,0.0,0.0,0.0,-4.77,8.188,2.0
0.0,0.0,0.0,0.0,0.0,0.0,-3.901,8.39,1.0
0.0,0.0,0.0,0.0,0.0,0.0,-4.286,9.047,1.0
0.0,0.0,0.0,0.0,0.0,0.0,-4.44,9.062,2.0
0.0,1.0,0.0,0.0,0.0,0.0,-4.722,8.533999999999999,1.0
0.0,1.0,0.0,0.0,0.0,0.0,-5.498,7.701999999999999,1.0
0.0,1.0,0.0,0.0,0.0,0.0,-5.11,7.312,1.0
0.0,1.0,0.0,0.0,0.0,0.0,-4.434,7.688999999999999,1.0
0.0,1.0,0.0,0.0,0.0,0.0,-4.673,8.063,1.0
1.0,0.0,1.0,0.0,0.0,0.0,-5.216,9.415,1.0
1.0,0.0,1.0,0.0,0.0,0.0,-5.15,9.534,1.0
1.0,0.0,1.0,0.0,0.0,0.0,-5.288,9.983,1.0
1.0,0.0,1.0,0.0,0.0,0.0,-5.224,9.653,1.0
0.0,0.0,0.0,0.0,0.0,0.0,-3.572,9.765,1.0
0.0,0.0,0.0,0.0,0.0,0.0,-4.703,9.533,2.0
0.0,0.0,0.0,0.0,0.0,0.0,-4.555,10.087,2.0
0.0,0.0,0.0,0.0,0.0,0.0,-5.184,7.617,1.0
0.0,0.0,0.0,0.0,0.0,0.0,-4.474,8.621,1.0
0.0,0.0,0.0,0.0,0.0,0.0,-4.556,7.342999999999999,1.0
0.0,0.0,0.0,0.0,0.0,0.0,-4.975,6.891,1.0
0.0,0.0,0.0,0.0,0.0,0.0,-5.065,6.525,1.0
0.0,0.0,0.0,0.0,0.0,0.0,-5.43,5.468,1.0
0.0,1.0,0.0,0.0,0.0,0.0,-3.96,7.747000000000001,1.0
0.0,1.0,0.0,0.0,0.0,0.0,-3.938,8.168,1.0
0.0,1.0,0.0,0.0,0.0,0.0,-5.066,6.262,1.0
0.0,0.0,0.0,0.0,1.0,0.0,-5.697,7.944,1.0
0.0,0.0,0.0,0.0,1.0,0.0,-5.508,8.606000000000002,1.0
0.0,0.0,0.0,0.0,1.0,0.0,-5.538,8.587,1.0
0.0,0.0,0.0,0.0,1.0,0.0,-5.654,8.516,1.0
0.0,1.0,0.0,0.0,0.0,0.0,-4.5,9.095,1.0
0.0,1.0,0.0,0.0,0.0,0.0,-4.464,10.267,1.0
0.0,1.0,0.0,0.0,0.0,0.0,-4.643,10.055,1.0
0.0,1.0,0.0,0.0,0.0,0.0,-4.55,9.861,1.0
0.0,0.0,0.0,0.0,0.0,0.0,-4.148,9.8,1.0
0.0,0.0,0.0,0.0,0.0,0.0,-4.178,10.108,1.0
0.0,0.0,0.0,0.0,0.0,0.0,-4.059,9.727,1.0
0.0,1.0,0.0,0.0,0.0,0.0,-5.071,7.546000000000001,1.0
0.0,1.0,0.0,0.0,0.0,0.0,-4.957,8.055,1.0
0.0,1.0,0.0,0.0,0.0,0.0,-4.661,8.315000000000001,1.0
0.0,1.0,0.0,0.0,0.0,0.0,-3.814,9.615,1.0
0.0,1.0,0.0,0.0,0.0,0.0,-4.06,9.607,1.0
0.0,1.0,0.0,0.0,0.0,0.0,-4.475,8.147,1.0
0.0,1.0,0.0,0.0,0.0,0.0,-3.958,9.101,1.0
1.0,0.0,1.0,0.0,0.0,0.0,-5.724,7.709,1.0
1.0,0.0,1.0,0.0,0.0,0.0,-5.361,7.46,1.0
1.0,0.0,1.0,0.0,0.0,0.0,-6.108,7.175,1.0
1.0,0.0,1.0,0.0,0.0,0.0,-5.198,8.278,1.0
0.0,0.0,0.0,0.0,0.0,0.0,-4.543,8.934999999999999,1.0
0.0,0.0,0.0,0.0,0.0,0.0,-4.998,8.172999999999998,1.0
0.0,0.0,0.0,0.0,0.0,0.0,-4.917,8.486,1.0
0.0,0.0,0.0,0.0,0.0,0.0,-4.08,10.927,1.0
0.0,0.0,0.0,0.0,0.0,0.0,-4.66,9.467,1.0
0.0,1.0,0.0,0.0,0.0,0.0,-3.784,8.330000000000002,2.0
0.0,1.0,0.0,0.0,0.0,0.0,-3.922,7.998999999999999,2.0
0.0,1.0,0.0,0.0,0.0,0.0,-4.054,8.028,3.0
0.0,1.0,0.0,0.0,0.0,0.0,-4.064,7.996,3.0
0.0,1.0,0.0,0.0,0.0,0.0,-3.278,11.048,1.0
0.0,1.0,0.0,0.0,0.0,0.0,-5.811,6.135999999999999,2.0
0.0,1.0,0.0,0.0,0.0,0.0,-3.629,10.531,2.0
0.0,1.0,0.0,0.0,0.0,0.0,-3.726,10.226,2.0
0.0,0.0,0.0,0.0,0.0,0.0,-5.533,6.807999999999999,1.0
0.0,0.0,0.0,0.0,0.0,0.0,-4.48,8.594,1.0
0.0,0.0,0.0,0.0,0.0,0.0,-5.277,7.159,1.0
0.0,0.0,0.0,0.0,0.0,0.0,-5.234,7.0280000000000005,1.0
0.0,0.0,0.0,0.0,0.0,0.0,-6.259,7.855,1.0
0.0,0.0,0.0,0.0,0.0,0.0,-6.269,7.664999999999999,1.0
0.0,0.0,0.0,0.0,0.0,0.0,-6.387,8.367,1.0
0.0,0.0,0.0,0.0,0.0,0.0,-6.267,8.215,1.0
0.0,1.0,0.0,0.0,0.0,0.0,-4.441,9.253,1.0
0.0,1.0,0.0,0.0,0.0,0.0,-4.441,9.253,1.0
0.0,1.0,0.0,0.0,0.0,0.0,-5.704,7.428999999999999,1.0
0.0,1.0,0.0,0.0,0.0,0.0,-4.451,9.674,1.0
0.0,0.0,0.0,0.0,0.0,0.0,-6.481,6.447000000000001,1.0
0.0,0.0,0.0,0.0,0.0,0.0,-5.597,7.95,1.0
0.0,0.0,0.0,0.0,0.0,0.0,-5.937,8.291,1.0
0.0,0.0,0.0,0.0,0.0,0.0,-6.052,7.85,1.0
0.0,0.0,0.0,0.0,0.0,0.0,-6.095,7.35,1.0
0.0,1.0,0.0,0.0,0.0,0.0,-3.619,10.373,1.0
0.0,1.0,0.0,0.0,0.0,0.0,-5.597,7.095999999999999,2.0
0.0,0.0,0.0,0.0,0.0,0.0,-4.665,9.183,1.0
0.0,0.0,0.0,0.0,0.0,0.0,-4.665,9.183,1.0
0.0,0.0,0.0,0.0,0.0,0.0,-5.806,7.854,1.0
0.0,0.0,0.0,0.0,0.0,0.0,-5.628,8.203,1.0
0.0,1.0,0.0,0.0,0.0,0.0,-5.029,7.741,2.0
0.0,1.0,0.0,0.0,0.0,0.0,-4.029,10.194,1.0
0.0,1.0,0.0,0.0,0.0,0.0,-5.066,8.219000000000001,2.0
0.0,1.0,0.0,0.0,0.0,0.0,-5.413,7.565999999999999,2.0
0.0,1.0,0.0,0.0,0.0,0.0,-4.727,8.347,2.0
0.0,0.0,0.0,0.0,2.0,0.0,-5.679,9.022,1.0
0.0,0.0,0.0,0.0,2.0,0.0,-5.745,8.201,1.0
0.0,0.0,0.0,0.0,2.0,0.0,-5.725,9.365,1.0
0.0,0.0,0.0,0.0,2.0,0.0,-5.702,8.724,1.0
0.0,0.0,0.0,0.0,2.0,0.0,-5.872,8.234,1.0
0.0,0.0,0.0,0.0,0.0,0.0,-5.491,9.393,1.0
0.0,0.0,0.0,0.0,0.0,0.0,-5.102,10.053,1.0
0.0,0.0,0.0,0.0,0.0,0.0,-6.233,8.237000000000002,1.0
0.0,0.0,1.0,0.0,0.0,0.0,-5.32,8.469999999999999,1.0
0.0,0.0,1.0,0.0,0.0,0.0,-5.54,7.803999999999999,1.0
0.0,0.0,1.0,0.0,0.0,0.0,-6.233,7.054000000000001,1.0
0.0,0.0,0.0,0.0,0.0,0.0,-3.546,10.816,1.0
0.0,0.0,0.0,0.0,0.0,0.0,-3.514,10.661,2.0
0.0,1.0,0.0,0.0,0.0,0.0,-4.628,9.108,1.0
0.0,1.0,0.0,0.0,0.0,0.0,-4.33,9.651,1.0
0.0,1.0,0.0,0.0,0.0,0.0,-5.08,7.093999999999999,1.0
0.0,1.0,0.0,0.0,0.0,0.0,-4.868,8.202,1.0
0.0,1.0,0.0,0.0,0.0,0.0,-3.561,11.064,2.0
0.0,1.0,0.0,0.0,0.0,0.0,-3.6,11.004,1.0
0.0,1.0,0.0,0.0,0.0,0.0,-3.6,11.004,2.0
0.0,0.0,0.0,0.0,0.0,0.0,-5.464,7.852,1.0
0.0,0.0,0.0,0.0,0.0,0.0,-6.179,7.278,1.0
0.0,0.0,0.0,0.0,0.0,0.0,-5.28,8.41,1.0
0.0,0.0,0.0,0.0,0.0,0.0,-5.378,8.647,1.0
0.0,0.0,0.0,0.0,0.0,0.0,-5.187,9.909,1.0
0.0,0.0,0.0,0.0,0.0,0.0,-4.751,10.239999999999998,1.0
0.0,0.0,0.0,0.0,0.0,0.0,-4.815,9.656,1.0
0.0,0.0,0.0,0.0,0.0,0.0,-4.906,9.588,1.0
0.0,0.0,0.0,0.0,0.0,0.0,-6.275,7.796999999999999,1.0
0.0,1.0,0.0,0.0,0.0,0.0,-5.117,6.851,2.0
0.0,1.0,0.0,0.0,0.0,0.0,-3.915,9.079999999999998,1.0
