fold,record_id,n_sites,pa_true,pa_pred_max,pa_pred_mean,pa_pm7_max,pa_pm7_mean,error_max,error_mean,error_pm7_max
1,kmeans_03210311,2,965.9311,980.927934,932.5048605,948.7001,908.2469,3.5843293499044058,-7.9890629780114875,-4.118307839388144
1,kmeans_04320134,5,979.6852,971.716405,931.1181294,945.5639,907.97014,-1.9045877151051624,-11.607808460803051,-8.155186424474191
1,kmeans_05104331,3,954.8786,979.8649445,893.1650141666665,962.2374,848.5214333333333,5.971879660611848,-14.749901011790982,1.7587954110898598
1,kmeans_06698303,3,986.3847,1011.1622875,894.7075538333332,986.5028,854.7633333333333,5.921985540152986,-21.9113638065647,0.028226577437864896
1,kmeans_06826119,4,1037.4547,1020.2341795,987.8871979999999,976.5844,933.90525,-4.115803178776296,-11.84691730401532,-14.54835086042066
1,kmeans_07460908,4,994.4194,988.3361135,976.418356875,947.759,927.536625,-1.45394036806883,-4.302352563336526,-11.152103250478007
1,kmeans_08672997,2,969.4634,954.21688,918.9110055,945.2928,884.74415,-3.6440057361376748,-12.08231226099426,-5.776912045889082
1,kmeans_09915793,4,911.5072,943.060939,917.3904211250001,883.6166,868.575425,7.5415246175908095,1.4061235958413218,-6.666013384321238
1,kmeans_10943521,3,987.0439,974.0277695,924.1395686666666,954.5874,900.7685666666666,-3.1109298518164508,-15.03449601657108,-7.7572896749522
1,kmeans_13645195,4,908.6194,919.957109,908.845746625,876.9149,867.0721249999999,2.709777485659633,0.054098141730378954,-7.577557361376686
1,kmeans_13751043,4,984.6723,959.8292015,907.3154216249999,918.9108,872.6965749999999,-5.937643044933077,-18.488737661328887,-15.717375717017196
1,kmeans_14383554,6,937.7353,944.7126335,914.6641058333335,889.589,851.7063833333333,1.6676227294455033,-5.514147745379207,-11.50724187380497
1,kmeans_15401032,2,1017.1427,963.6413835,959.9526492499999,936.54,934.61425,-12.787121534416832,-13.668750179254317,-19.26450764818356
1,kmeans_15893318,4,971.9517,959.0687415,919.022993875,909.3069,883.018325,-3.0791009799235116,-12.650264370219876,-14.97246653919692
1,kmeans_16669097,3,969.4459,964.1856015,939.6755593333334,958.7952,940.5999333333334,-1.2572415152963885,-7.115282186105807,-2.54557839388146
1,kmeans_19190332,3,966.7182,935.23246,908.1685524999999,909.7163,888.4180666666667,-7.525272466539215,-13.993701601338456,-13.623781070745691
1,kmeans_19837929,2,981.7134,1008.826771,1001.953118,1000.4757,999.0201,6.480251195028687,4.837408699808805,4.484297323135751
1,kmeans_21774939,3,914.5494,879.9283435,869.8034345000001,861.2573,856.3368,-8.274631094646272,-10.69454242351814,-12.73711759082218
1,kmeans_25077714,3,926.2212,917.115815,884.46239,890.4631,855.4663666666667,-2.176239244741863,-9.980595124282965,-8.546391013384296
1,kmeans_27964177,2,960.3855,945.2037615,931.4614,921.7706,898.4094,-3.62852258604205,-6.913025812619491,-9.229182600382417
1,kmeans_36232782,4,1028.337,1001.8244485,946.665562875,985.0982,908.415475,-6.336651888145308,-19.519941951481837,-10.334321223709361
1,kmeans_38897451,3,992.587,975.638208,957.3240673333333,949.1212,938.0418666666668,-4.050858508604213,-8.428043180369656,-10.388575525812605
1,kmeans_44738368,2,999.2869,990.7060055,988.25630925,974.0814,973.2511,-2.0508830066921604,-2.6363744622370904,-6.024259082217952
1,kmeans_45729006,3,986.3976,980.8359145,898.4137083333334,922.2804,858.3007666666666,-1.3292747370937061,-21.02865479604843,-15.324378585086047
1,kmeans_47677060,2,985.7437,946.009813,919.679785,955.754,883.45025,-9.496626912045883,-15.78965463671127,-7.167710325047794
1,kmeans_48989999,1,963.3136,965.985904,965.985904,944.5572,944.5572,0.6386959847036457,0.6386959847036457,-4.482887189292539
1,kmeans_50408648,3,1005.4947,962.567322,883.8627489999999,939.5292,840.5121666666668,-10.259889579349899,-29.070733986615693,-15.766132887189297
1,kmeans_51352539,2,963.4941,986.943431,928.0440115,951.7177,896.946,5.604524617590829,-8.472774498087952,-2.814627151051617
1,kmeans_53263976,3,968.4113,961.169514,924.1950006666666,974.7302,925.2223666666665,-1.7308283938814373,-10.567949171446791,1.5102533460803023
1,kmeans_55709881,4,893.2047,874.0226965,844.802365,844.0022,810.5657249999999,-4.584608867112799,-11.568435707456977,-11.759679732313572
1,kmeans_57258388,4,947.4732,930.94825,886.238819875,866.7716,834.220175,-3.9495578393881425,-14.635368098709375,-19.28814531548757
1,kmeans_59181348,3,902.7606,901.9834435,859.542871,883.0598,823.1565333333333,-0.18574486137665697,-10.329285133843204,-4.7086042065009455
1,kmeans_62025432,3,1020.0121,1018.047915,993.6164716666667,981.4618,960.1824666666666,-0.46945148183557434,-6.308706580624598,-9.213742829827913
1,kmeans_63176218,3,956.5506,933.990411,915.089872,928.9079,900.9162666666667,-5.392014579349913,-9.909351816443598,-6.606763862332693
1,kmeans_63953149,2,894.1351,897.164834,896.4324127500001,861.017,860.56185,0.7241238049713374,0.5490709249522403,-7.915415869980858
1,kmeans_68043376,3,947.4477,934.779169,889.3531786666666,911.4013,855.5638666666667,-3.0278515774378656,-13.884923836838773,-8.615296367112824
1,kmeans_71469949,5,987.4855,984.097601,949.3433662,952.8217,923.0724,-0.8097272944550543,-9.116188766730403,-8.28484703632888
1,kmeans_71672948,5,969.7543,952.7474655,890.6148518,916.3208,861.06728,-4.064730999043969,-18.914782074569775,-12.77091300191204
1,kmeans_72221184,4,927.6567,979.7326905,923.611679125,928.3518,884.621075,12.446460444550667,-0.9667831919216007,0.1661328871892985
1,kmeans_73013034,4,948.613,928.3447625,898.0680468749999,906.393,880.22725,-4.844225023900586,-12.080533729684541,-10.090822179732319
1,kmeans_77379515,5,916.0609,918.205906,863.0429053,883.5202,826.26818,0.5126687380497323,-12.671604851816424,-7.777413957934966
1,kmeans_78477613,3,983.0868,972.5555605,962.3102859999999,947.164,939.1347999999999,-2.517026649139599,-4.965706022944582,-8.585755258126207
1,kmeans_78792009,2,975.9129,988.701736,956.35946325,969.8492,935.0711,3.0566051625238875,-4.673383544455081,-1.4492590822179827
1,kmeans_81105877,3,1041.7132,1050.1119535,1010.358114,1036.096,1002.9183333333334,2.0073502629063364,-7.494045411089846,-1.3425430210324836
1,kmeans_85025620,4,913.8852,999.793716,944.369912125,986.6769,923.070075,20.53262810707456,7.2860210623804935,17.397633843212233
1,kmeans_87112749,2,981.934,955.955243,900.4951715,930.3416,865.2924499999999,-6.209071940726571,-19.46434715583174,-12.330879541108985
1,kmeans_89487298,4,968.2433,1002.352602,927.0507405,951.065,908.878875,8.152318833652025,-9.845258006692164,-4.105712237093671
1,kmeans_93641900,4,970.9879,960.365287,905.374182875,916.6705,859.6827499999999,-2.5388654397705546,-15.68205476218929,-12.982170172084134
1,kmeans_97296787,3,989.5932,955.055464,900.0035883333334,939.059,885.1820333333334,-8.254717017208412,-21.41243108667941,-12.077963671128119
1,kmeans_99519582,2,998.0435,943.1617785,936.3460995,991.6286,960.97545,-13.117046247609949,-14.746032624282972,-1.5331978967495192
1,kmeans_99607407,4,1080.6795,1044.156006,994.6751047500001,1024.3026,970.484975,-8.72932456978968,-20.55554379780112,-13.474402485659649
2,kmeans_00223830,4,983.0866,977.493356,944.244130625,931.4244,912.890325,-1.3368173996175972,-9.28357298637666,-12.347562141491391
2,kmeans_00845735,3,922.8736,898.726223,868.2050823333333,879.0033,841.4762,-5.771361615678777,-13.066089308476752,-10.485253346080315
2,kmeans_02339154,4,1018.4486,1034.435678,1008.8623115,999.7207,979.0890499999999,3.821003346080305,-2.29117793977056,-4.476075525812641
2,kmeans_02589962,2,972.5062,994.3312715,973.4526415,964.1226,942.9584,5.216317280114704,0.22620494741873606,-2.003728489483748
2,kmeans_06440117,3,1002.2548,980.289299,927.0658561666665,957.2928,895.7337333333334,-5.249880736137671,-17.970588870299594,-10.746175908221794
2,kmeans_08108905,2,992.6347,971.3971275,943.68172875,952.7062,907.36385,-5.075901649139565,-11.70004092973229,-9.543140535372846
2,kmeans_08320453,5,950.6152,961.360771,913.4118853,930.1278,875.3399,2.5682531070745793,-8.891805616634791,-4.89660611854684
2,kmeans_08782030,4,964.1364,974.9171865,903.7365447499999,931.1285,870.1373249999999,2.57666981357552,-14.43591186663482,-7.8890774378584965
2,kmeans_09226515,3,984.871,961.2443245,878.0146886666666,919.9683,834.695,-5.6469109703632965,-25.539271351179096,-15.512117590822175
2,kmeans_09820628,2,884.0379,894.789567,877.5194730000001,882.9234,861.9241999999999,2.5697100860420643,-1.55794144359464,-0.26637189292543517
2,kmeans_11747001,4,964.2008,928.6038765,875.45830475,913.7194,848.3822,-8.507868905353728,-21.20996540391968,-12.06534416826004
2,kmeans_12422681,2,911.5561,959.0830015,916.5387565,907.2068,861.9502,11.359202079349906,1.1908834847036236,-1.0395076481835495
2,kmeans_14739108,5,988.1068,972.9762975,940.7934796,939.7654,913.90878,-3.6162768881453236,-11.308154971319327,-11.553871892925434
2,kmeans_15882186,4,933.3653,930.305025,898.7996867500001,898.2797,877.257075,-0.731423279158711,-8.261379839866146,-8.38565965583174
2,kmeans_18281703,3,1019.8539,998.1215935,979.918087,952.3442,942.6799000000001,-5.194145913001896,-9.544888384321208,-16.135205544933065
2,kmeans_18526235,2,1017.0953,1025.1363365,988.9092065,1026.115,979.5413,1.9218538479923561,-6.736638025812612,2.155760038240931
2,kmeans_19196405,4,934.8812,926.153588,902.330414125,875.1982,861.5627749999999,-2.085949330783944,-7.779824539913978,-14.264579349904395
2,kmeans_23768762,4,931.6135,926.7542235,893.0493436250001,890.4875,854.9628,-1.161394956978986,-9.217054582934972,-9.829349904397727
2,kmeans_32181661,4,966.4047,936.6304945,890.0791098750001,894.7228,837.73015,-7.1162059034416805,-18.242253853967487,-17.132385277246662
2,kmeans_36685080,3,934.7799,955.6238125,917.6105868333334,928.6618,882.2279,4.981814651051622,-4.103564332377293,-1.4622609942638687
2,kmeans_37417822,2,942.5422,941.964317,934.1055737500001,928.5352,906.9430500000001,-0.1381173518164266,-2.0164020673995946,-3.3477533460802933
2,kmeans_38102391,3,923.1928,903.063357,887.5776128333333,929.5031,911.2524666666667,-4.811052342256223,-8.51223402644998,1.508197896749518
2,kmeans_38272574,5,960.4669,929.3303405,896.7768792999999,904.206,873.0683999999999,-7.441816324091772,-15.222280282026793,-13.446677820267684
2,kmeans_41873917,2,983.5144,984.124245,967.90022025,958.9982,951.6694,0.14575645315486382,-3.7318785253346225,-5.859512428298285
2,kmeans_42315758,4,1049.1143,1038.6361465,963.991770125,1019.1738,928.7606,-2.5043387906309658,-20.344772914674937,-7.15595124282981
2,kmeans_44246496,3,993.3573,981.1352055,976.8556516666667,941.9578,937.8900333333335,-2.921150693116641,-3.9439886073932273,-12.284775334608028
2,kmeans_44416928,2,981.9454,1002.9179655,994.7688827500001,1034.4649,995.8306,5.012563456022965,3.0648859345124646,12.552461759082215
2,kmeans_44794831,4,972.3099,954.064696,929.436732625,920.4766,894.5115,-4.360708413001898,-10.24693292901529,-12.388456022944553
2,kmeans_50067373,3,987.5389,981.6286405,970.0393996666667,954.0197,931.1379000000001,-1.4125859225621538,-4.18248095920969,-8.011281070745714
2,kmeans_50982207,2,1011.3269,965.993698,949.9257395,1016.8163,990.4559999999999,-10.834895315487579,-14.675229565009573,1.3119980879540947
2,kmeans_52854657,3,958.2016,906.0893665,903.6477475,913.1111,894.5266,-12.455122729445506,-13.038683675908208,-10.776888145315493
2,kmeans_56439915,4,898.3421,880.2422185,832.1031345,852.2476,801.611575,-4.325975501912027,-15.831492710325035,-11.016849904397688
2,kmeans_57986849,3,1017.3565,1031.104422,1021.1399646666667,985.0901,984.7456000000001,3.285832217973262,0.9042697578075428,-7.7118546845124225
2,kmeans_58453948,3,979.0727,978.2381855,965.1979293333334,963.6945,952.1230999999999,-0.1994537523900737,-3.3161497769279817,-3.6754780114723005
2,kmeans_61391153,3,937.9337,915.8530055,843.5768385,875.3685,809.7874333333333,-5.277412643403453,-22.551831142447426,-14.953441682600383
2,kmeans_62102984,3,1015.769,973.648425,922.6943074999999,992.1657,920.7857666666667,-10.067059034416832,-22.24538539674954,-5.6413240917782
2,kmeans_65281098,4,955.8205,925.183299,895.681284125,906.1952,879.369275,-7.322466778202678,-14.37361756094646,-11.86073135755259
2,kmeans_66115464,3,920.6527,914.3098575,882.6656886666666,876.5918,850.0748,-1.5159757409177725,-9.079113607393255,-10.530807839388132
2,kmeans_69495570,3,972.5407,943.1006,922.8269165,892.5389,870.6125000000001,-7.036352772466546,-11.881879421606113,-19.12088910133843
2,kmeans_71570153,2,1010.2881,971.634104,928.4425065,963.1528,934.4285,-9.238526768642448,-19.561566324091764,-11.265607074569797
2,kmeans_76833434,4,972.5781,913.3795385,888.903145625,910.677,870.4447250000001,-14.148795769598465,-19.998794066682592,-14.79471797323134
2,kmeans_78339201,6,896.8967,921.2031865,860.70625525,876.8822,818.1857333333334,5.809389698852773,-8.649723888623322,-4.783580305927342
2,kmeans_79149847,4,871.8874,854.303984,816.99269675,846.5985,791.3768249999999,-4.202537284894824,-13.120148960325025,-6.044192160611857
2,kmeans_80095148,3,976.1835,917.7831575,889.9890655,909.215,864.8469333333334,-13.95801684990439,-20.600964268642432,-16.00585564053536
2,kmeans_82613834,4,854.9506,852.936006,839.702526625,826.8451,812.892875,-0.48149952198852486,-3.6443770016730377,-6.71737571701721
2,kmeans_86439409,2,921.9473,924.1521845,901.525588,920.9058,883.4527499999999,0.5269800430210169,-4.880906309751451,-0.24892447418739047
2,kmeans_87666647,3,963.6913,940.1360725,923.5422006666668,907.6146,878.1813333333333,-5.629834488527725,-9.595865041427627,-13.402652963671118
2,kmeans_90319009,5,924.2304,889.695733,870.8002896,850.2831,833.2201200000002,-8.25398350860421,-12.77010286806883,-17.673828871892933
2,kmeans_94833330,3,1015.5201,1011.5757345,983.8595383333333,986.2127,952.6942666666667,-0.9427259799235189,-7.567055847673684,-7.004636711281051
2,kmeans_97461138,2,969.4826,964.550904,908.86652675,944.3485,870.0059,-1.1787036328872136,-14.487589208891013,-6.007194072657768
3,kmeans_01103658,2,1017.3879,965.689602,950.6998060000001,977.9298,968.1351500000001,-12.35618977055447,-15.93883699808792,-9.430712237093676
3,kmeans_04241750,4,982.241,965.2014805,926.142151125,925.3457,885.734525,-4.072542901529633,-13.407946671845107,-13.598303059273427
3,kmeans_07449760,2,974.2039,969.291821,950.3576840000001,920.3626,905.1042500000001,-1.1740150573613644,-5.699382409177799,-12.86837954110897
3,kmeans_08097159,4,885.5641,885.5579365,862.7075775,881.8537,873.032575,-0.0014731118547013859,-5.462839985659679,-0.8868068833652126
3,kmeans_11471322,3,997.685,963.795058,936.2469613333333,935.327,909.7846,-8.099890535372825,-14.684043658381135,-14.903919694072645
3,kmeans_12331760,5,980.9211,927.055347,907.7554693,948.2605,908.1694600000001,-12.87422394837477,-17.487005425430226,-7.806070745697907
3,kmeans_12399016,2,979.7625,989.3192005,975.5496645000001,979.5659,966.01805,2.2841062380496937,-1.0068918499043935,-0.04698852772466287
3,kmeans_13102676,4,906.7582,889.2486945,839.1104278749999,876.2508,804.663325,-4.184872251434018,-16.168205574808812,-7.291443594646262
3,kmeans_14972071,2,1018.5009,994.3117315,927.40634525,995.3947,905.76775,-5.781350023900585,-21.772121116156796,-5.522514340344181
3,kmeans_18558350,4,962.6879,915.394334,898.753191,905.1391,889.4082749999999,-11.303433556405366,-15.280762189292542,-13.754493307839395
3,kmeans_23178644,4,1024.0636,977.5172745,936.4759785000001,943.1233,912.302575,-11.124838790630966,-20.933943953154838,-19.345195984703626
3,kmeans_26098285,5,991.2897,947.7130205,881.8471438,897.7116,847.3277,-10.415076362332712,-26.157398709369026,-22.36570267686426
3,kmeans_27729145,2,996.799,973.437746,962.0708345,951.812,945.0734,-5.583473709369032,-8.300230760038223,-10.75215105162523
3,kmeans_29841042,4,1045.4009,966.688032,906.097821375,970.2602,906.7787250000001,-18.81282695984705,-33.2942348530115,-17.959058317399627
3,kmeans_31155702,3,967.8746,956.275132,947.7839993333333,914.5024,906.9382999999999,-2.7723393881453156,-4.801768801784574,-12.756261950286811
3,kmeans_34280106,5,936.526,968.0439325,921.73163,936.0944,905.93634,7.532966658699816,-3.5359392925430106,-0.10315487571701794
3,kmeans_35007591,6,911.7538,880.343696,839.51296625,858.977,818.6896166666666,-7.5071950286806715,-17.265973649617585,-12.613957934990434
3,kmeans_35277503,3,985.4721,968.632974,916.7812516666667,937.5224,870.5587999999999,-4.024647705544925,-16.41750677182918,-11.460253346080307
3,kmeans_37312235,3,973.219,1013.869871,954.2988428333333,988.8447,929.1374999999999,9.715791347992337,-4.522026091459546,3.7346319311663327
3,kmeans_40047103,4,903.0057,913.0516975,869.951856875,884.1246,843.796675,2.401051027724665,-7.900058108269615,-4.512691204588925
3,kmeans_40589896,2,993.7132,1016.1443875,980.416884,942.181,924.60105,5.361182480879532,-3.1778957934990553,-12.316491395793495
3,kmeans_41235464,4,990.2717,908.7377735,889.72146475,980.847,956.174425,-19.48707612332696,-24.032082994741877,-2.25255736137668
3,kmeans_43536111,3,987.0321,990.6976535,958.5821201666666,1000.1572,965.4418333333333,0.8760883126194998,-6.799708373167632,3.136974187380491
3,kmeans_47350922,2,956.5046,952.5625315,905.9410364999999,945.9258,881.6487,-0.942176983747611,-12.08498171606121,-2.528393881453155
3,kmeans_47463441,4,1001.6715,973.6064165,932.090764,947.1336,904.6081,-6.707715941682603,-16.63019502868069,-13.034870936902493
3,kmeans_48175504,3,1026.5506,975.5061635,933.3623483333334,957.3622,913.3278666666666,-12.199913121414932,-22.272526688973848,-16.53642447418738
3,kmeans_52736144,3,994.8986,933.2370125,911.8014813333333,955.7507,922.2674666666667,-14.737473111854683,-19.860688017845767,-9.35657265774377
3,kmeans_52911111,4,968.0054,961.0158725,926.920701875,942.166,919.20185,-1.6705371653919714,-9.819478519359475,-6.1757648183556295
3,kmeans_56407544,3,908.4962,938.6054765,907.2501573333334,912.0468,883.8968333333332,7.196289794455058,-0.2978113448056055,0.8486137667303818
3,kmeans_60678714,3,953.4197,966.7526645,913.7877645,936.772,880.8118000000001,3.186654995219886,-9.472259918738063,-3.9788957934990403
3,kmeans_62428632,5,904.9947,913.38675,837.2996526,899.5328,814.4821599999999,2.0057480879541205,-16.179504636711286,-1.3054254302103283
3,kmeans_62476566,2,948.7042,935.200363,925.6768015,956.7851,945.3833500000001,-3.227494502868063,-5.503680329827916,1.9313814531548856
3,kmeans_64971135,3,1012.9763,1042.9978815,1018.4033421666667,1010.4929,971.5281666666666,7.1753301864244525,1.2970942080943206,-0.5935468451243007
3,kmeans_65895143,3,941.2676,936.7316865,916.4877815,906.26,892.0002,-1.0841093451242811,-5.922518761950294,-8.367017208413007
3,kmeans_67220253,4,1001.8634,964.5777205,937.64235525,936.4072,911.7898250000001,-8.911491276290606,-15.349198076003804,-15.64440726577437
3,kmeans_67842562,2,1009.5791,960.235586,932.637694,1008.9936,979.1172,-11.7933828871893,-18.38943738049714,-0.13993785850861007
3,kmeans_69076704,3,1002.5306,1019.918116,994.5284981666667,991.4515,959.3165666666667,4.155716061185469,-1.9125482393244055,-2.647968451242839
3,kmeans_72256210,3,989.0187,964.0588625,938.7710346666668,918.7233,896.5122,-5.965544335564037,-12.009480242192447,-16.801003824091772
3,kmeans_75368074,4,921.9536,927.842577,903.28171675,894.848,882.4413,1.4074992829827806,-4.462687201242845,-6.478393881453178
3,kmeans_78011362,2,940.9672,924.375031,897.05091275,898.1243,878.14885,-3.965623565965586,-10.496244562619525,-10.23969885277249
3,kmeans_81712707,4,997.49,996.542063,939.9858361250001,959.2186,907.7902000000001,-0.22656238049713776,-13.743825017925406,-9.147084130019113
3,kmeans_85244239,3,950.6861,932.6712265,893.5322695,951.482,910.3249333333333,-4.30565810229446,-13.660093331739967,0.19022466539195995
3,kmeans_86032705,3,947.8261,894.1850105,868.0125191666666,872.4236,849.6951333333333,-12.820528083174,-19.075903640854058,-18.021630019120465
3,kmeans_89450752,4,940.0664,920.946696,880.865941625,852.1899,813.74235,-4.569718929254319,-14.149249133604215,-21.002987571701738
3,kmeans_92528919,3,937.2205,969.960499,951.19475,904.5607,887.0654333333333,7.825047562141494,3.3399259082217934,-7.8058795411089905
3,kmeans_92936065,4,914.1903,915.905851,891.362110375,897.0109,873.8928000000001,0.41002652963671243,-5.456068266013369,-4.105975143403438
3,kmeans_93504089,2,995.6413,932.8055275,888.5827167499999,956.6953,875.41725,-15.018110062141481,-25.587615499522006,-9.308317399617597
3,kmeans_93866335,3,927.1023,932.998408,917.6498736666667,908.9813,890.3262666666666,1.4092036328871955,-2.2591841140853917,-4.331022944550664
3,kmeans_97194909,2,1002.9699,975.723619,969.1119652499999,993.7075,972.8516999999999,-6.512017447418754,-8.09224061902489,-2.2137667304015465
3,kmeans_99542190,3,1019.9308,976.471298,939.9284951666667,968.4585,913.449,-10.387070267686408,-19.121009759400874,-12.302174952198856
4,kmeans_08057217,4,869.1618,881.4895769999999,852.810665875,832.6712,810.1972,2.9464094168259964,-3.908014848231341,-8.721462715105156
4,kmeans_09176426,2,997.9313,988.3656315,946.0833875,995.5404,994.8077000000001,-2.2862496414913993,-12.391948494263863,-0.5714388145315458
4,kmeans_11275820,3,928.32,903.0894085,880.0778566666667,871.8229,843.1574999999999,-6.030256094646285,-11.530148980242204,-13.503130975143414
4,kmeans_12198312,5,912.0089,951.0166635,915.2857784,941.944,913.94648,9.32307923040153,0.7831927342256182,7.154660611854665
4,kmeans_14626849,2,985.3851,1003.64572,953.43972575,940.5192,889.01675,4.364392925430214,-7.635127688814528,-10.723207456978969
4,kmeans_14813671,4,1011.4623,972.945064,928.3926260000001,986.5757,928.440625,-9.205840344168266,-19.85412858508603,-5.9480401529636815
4,kmeans_17998498,4,976.3803,951.7783685,911.6142560000001,923.1546,875.2918000000001,-5.88000274856596,-15.479456022944541,-12.721247609942656
4,kmeans_21752853,3,970.0281,935.4248305,880.0223058333332,927.2672,861.1983,-8.270379899617593,-21.51190109145955,-10.220100382409175
4,kmeans_23035992,3,993.298,1001.004655,928.8865926666667,929.5625,863.7284333333333,1.8419347514340236,-15.39469582536646,-15.233150095602294
4,kmeans_23858329,2,985.3554,966.911413,954.5319165000001,938.8688,933.1283,-4.408218690248564,-7.36698936424473,-11.110564053537301
4,kmeans_24142665,3,1018.8254,948.03927,940.3812063333334,922.4799,914.4618333333334,-16.918291108986605,-18.74861225302739,-23.0271271510516
4,kmeans_24747216,5,904.6167,891.545797,870.2699409999999,895.3314,844.5988600000001,-3.1240207934990543,-8.209072418738081,-2.2192399617590834
4,kmeans_26948720,3,862.8798,890.823501,860.8223293333334,843.5264,825.6040999999999,6.67870482791585,-0.49174729126831535,-4.625573613766749
4,kmeans_27283602,2,903.939,921.6454695,889.68315,887.698,865.0497,4.23194777724666,-3.4072299235181664,-3.881692160611851
4,kmeans_27823142,4,995.1781,953.6269555,935.9647595,918.0807,898.786225,-9.930961878585077,-14.152328035372838,-18.426720841300188
4,kmeans_33155880,5,905.0963,936.4165585,884.2241783000002,901.4129,853.8951799999999,7.485721438814509,-4.9885568116634476,-0.8803537284894851
4,kmeans_34963516,3,1039.8575,998.5962535,926.6911436666666,997.592,927.6992333333334,-9.861674593690267,-27.047408301465943,-10.101696940726598
4,kmeans_38045806,4,908.0793,899.5467885,878.67885275,869.1558,858.7424500000001,-2.0393191921605975,-7.026875537762895,-9.30293977055449
4,kmeans_39123819,5,930.8197,945.288123,897.8554345999999,908.0249,859.16224,3.4580360898661637,-7.878648518164473,-5.448087954110901
4,kmeans_39501665,2,971.9138,980.195347,942.31311,919.0705,885.09295,1.979337237093674,-7.074734703632884,-12.629851816443594
4,kmeans_40665259,3,973.9025,965.6112695,911.345131,920.1991,876.1877333333333,-1.9816516491395753,-14.951570028680687,-12.835420650095598
4,kmeans_42837054,3,870.3216,862.0830615,833.3514323333334,843.9751,802.0044666666666,-1.9690579588910142,-8.836082138304638,-6.296964627151049
4,kmeans_46279368,2,933.5277,970.668524,965.9843880000001,966.3918,952.2691,8.876869980879556,7.757334608030616,7.854708413001913
4,kmeans_47860659,3,886.759,902.0128865,865.1196518333335,856.8763,809.0656666666667,3.6457663718929303,-5.171928338113417,-7.14213671128107
4,kmeans_48298808,3,935.9605,894.95942,867.7414038333333,886.8756,873.1673666666666,-9.799493307839388,-16.304755297960504,-11.7315726577438
4,kmeans_51305928,4,903.5897,905.7680645,865.4413051250001,876.5046,823.8343749999999,0.5206416108986719,-9.117685199569763,-6.473494263862335
4,kmeans_52259987,2,984.6592,973.957641,948.24724775,951.3502,925.7891500000001,-2.5577339866156996,-8.702665451720843,-7.96104206500958
4,kmeans_52310977,3,885.7452,875.3394804999999,844.0568691666667,842.3761,827.3786666666666,-2.4870266491395867,-9.96375019917142,-10.365463671128108
4,kmeans_54002230,3,1024.4292,1012.0836835,979.6143153333333,1005.3574,968.8349666666667,-2.9506492590822253,-10.711014499681353,-4.558269598470376
4,kmeans_55018417,4,971.286,945.4789155,918.916550125,920.3681,886.0921999999999,-6.168041228489477,-12.51659891849904,-12.16967017208411
4,kmeans_56273810,2,975.3839,1019.9694395,1011.402503,1017.6463,998.45175,10.656199689292539,8.608652724665388,10.10095602294454
4,kmeans_59826942,4,868.7906,873.8314869999999,848.3450732499999,884.4689,859.506525,1.2048009082217697,-4.8865981716061455,3.7472036328871705
4,kmeans_60166345,3,956.3568,930.974057,909.9570058333334,904.0202,890.0875,-6.066621175908223,-11.089816961440404,-12.508747609942633
4,kmeans_63425040,5,953.2883,940.898969,878.1696771000001,876.2323,815.03252,-2.9611211759082416,-17.95378176386233,-18.4168260038241
4,kmeans_64782210,3,998.8132,981.43505,949.5748555,943.5634,923.3128333333334,-4.153477533460804,-11.768246773422572,-13.205019120458902
4,kmeans_67136393,4,875.3219,895.791487,839.735255625,845.241,803.4796,4.892348709369009,-8.50541213551625,-7.189507648183566
4,kmeans_70682806,3,936.1088,902.8539875,889.9706971666668,891.284,873.2597333333333,-7.948090941682589,-11.027271231676187,-10.713384321223705
4,kmeans_73862143,4,853.0491,888.2984245,842.781686375,845.1929,808.174275,8.424790750478024,-2.453970751673017,-1.8776768642447286
4,kmeans_75232473,3,980.6622,961.1763715,953.6384706666668,956.2765,948.1934666666666,-4.657224784894844,-6.458826322498379,-5.828322179732297
4,kmeans_76295140,2,956.4426,953.1795875,915.855932,926.9523,870.04035,-0.779878704588897,-9.700446462715085,-7.0483508604206335
4,kmeans_80564143,4,960.0854,923.9825875,885.07722775,899.6656,870.381425,-8.628779278202684,-17.927383424952204,-14.440678776290632
4,kmeans_80658567,5,976.2543,842.1115385,830.2270794,809.709,790.2181800000001,-32.06088945984701,-34.90134335564053,-39.80528202676864
4,kmeans_85373448,2,1012.0951,1006.2097535,998.40958175,1015.3778,1007.2238,-1.4066315726577363,-3.2709173637667237,0.784584130019115
4,kmeans_85821452,3,956.9691,956.2805125,915.6800038333334,931.8751,883.7813333333334,-0.16457636233270545,-9.868330823773084,-5.997609942638635
4,kmeans_89034361,4,998.2671,987.8777065,960.314434,961.022,921.918675,-2.4831246414913917,-9.070904875717021,-8.901792543021028
4,kmeans_91419373,4,995.2476,981.996944,942.29474425,931.5886,904.387125,-3.1669827915870097,-12.656036269120465,-15.21486615678776
4,kmeans_91620225,2,1031.2178,1009.590995,1005.8381489999999,997.0604,992.69875,-5.168930449330754,-6.065882170172076,-8.163814531548741
4,kmeans_92260010,3,935.2851,929.89111,909.2910436666667,899.5211,876.5157333333333,-1.2891945506692233,-6.2127285691523255,-8.547801147227535
4,kmeans_99030201,3,998.059,959.809623,875.2827831666667,920.4731,833.7328666666666,-9.141820506692156,-29.344220084448672,-18.543475143403423
4,kmeans_99712002,3,1003.9025,946.7405255,919.5307881666666,920.2511,895.8933000000001,-13.662039794455076,-20.165323095920982,-19.993164435946483
5,kmeans_01841702,4,951.0086,945.5094225,893.5339041249999,927.2775,875.7451,-1.3143349665391906,-13.73678199689294,-5.671869024856589
5,kmeans_02871683,4,934.0365,924.148564,868.75313175,909.6059,849.2561999999999,-2.3632734225621608,-15.603099486137685,-5.839053537284901
5,kmeans_05460655,5,916.4002,924.7382675,860.5863671000001,895.8706,841.69254,1.9928459608030509,-13.339826218929245,-4.906692160611872
5,kmeans_07367640,3,978.3531,994.214674,940.0092715000001,938.6754,919.9725333333332,3.7910071701720613,-9.16439495697896,-9.48319789674954
5,kmeans_07724319,4,909.8382,911.3279125,901.542415875,856.4696,845.948125,0.3560498326959837,-1.9827399916348154,-12.755401529636714
5,kmeans_11092394,3,1031.6076,977.12909,905.9921965,984.6084,887.7404333333334,-13.020676386233276,-30.022801983747627,-11.233078393881474
5,kmeans_12176794,2,932.5089,926.5528765,901.6094887500001,891.5304,875.7,-1.423523781070749,-7.385136532026758,-9.794096558317412
5,kmeans_14143329,4,943.7466,925.6341465,879.066644,899.7707,850.052575,-4.328980282026745,-15.458880497131918,-10.510492351816422
5,kmeans_17114986,4,1037.0065,980.2516035,931.23779975,935.7787,894.6809249999999,-13.56474581739961,-25.27932606357551,-24.194024856596556
5,kmeans_17339368,2,978.0734,968.853941,919.4165947500001,950.0502,888.4303500000001,-2.203503585086049,-14.019312918260022,-6.697705544933072
5,kmeans_17561029,3,977.559,937.9808465,932.6842714999999,937.1563,906.7724666666667,-9.45940571223709,-10.725317519120473,-9.656477055449326
5,kmeans_19486385,3,860.3912,875.6772305,848.9425778333334,893.3845,867.3207000000001,3.6534489722753163,-2.7362863687061685,7.885587954110893
5,kmeans_20068682,2,962.0892,955.460669,883.1925267500001,922.8253,839.13445,-1.5842569311663366,-18.85675746892924,-9.384297323135764
5,kmeans_21111296,4,956.36,956.720683,875.362406125,924.6195,822.939575,0.08620530592734095,-19.35888954947419,-7.586161567877628
5,kmeans_22444747,3,994.3578,996.42456,975.4339383333332,974.3052,926.9535,0.49396749521989597,-4.522911488209074,-4.792686424474184
5,kmeans_26589117,3,957.1542,984.764327,904.8397548333332,972.8699,870.9761333333335,6.598978728489492,-12.503452477692806,3.7561424474187577
5,kmeans_29281710,2,919.1131,907.3250485,885.8598615000001,891.1833,874.6226,-2.8174119263862454,-7.947714746653908,-6.6753824091778196
5,kmeans_32820891,5,905.0251,907.4866645,828.5776687,853.8228,787.28328,0.5883280353728509,-18.271374593690236,-12.237643403441664
5,kmeans_42520645,3,995.5718,941.8094175,923.8694278333334,963.4361,917.5276666666667,-12.849517805927356,-17.137278242511158,-7.680616634799245
5,kmeans_45633416,2,991.5788,968.5986345,901.985905,956.0772,871.6302499999999,-5.492391371892925,-21.41321582217973,-8.485086042065022
5,kmeans_46191005,3,995.3684,990.848404,982.9832138333333,975.7618,961.7593666666667,-1.0803049713193096,-2.9601305369662283,-4.686089866156777
5,kmeans_48197778,3,949.9866,947.3405425,911.5050253333334,916.2069,901.1746333333334,-0.6324229206500916,-9.197317080943254,-8.073542065009544
5,kmeans_48369368,2,1018.6351,992.863131,934.16908075,988.0108,978.9488,-6.159648422562144,-20.187863109464608,-7.3193833652007525
5,kmeans_51424471,3,873.5041,868.8580354999999,852.0406263333333,824.3207,804.4519,-1.110436065965602,-5.129893323773109,-11.755114722753348
5,kmeans_53706547,3,957.1214,929.283023,915.7568019999999,905.479,890.7338333333333,-6.6535317877629145,-9.886376195028708,-12.342829827915859
5,kmeans_60144329,3,992.1465,971.220725,948.5892595,948.9047,924.8237666666668,-5.001380258126178,-10.410430329827896,-10.335038240917758
5,kmeans_60748450,2,999.3965,1009.452249,996.6551315,980.8933,977.59695,2.403381692160637,-0.6552027963670907,-4.4223709369024835
5,kmeans_64100767,3,981.0596,996.018213,929.026523,970.1425,905.7179333333333,3.5751943116634557,-12.436203871892936,-2.6092495219885286
5,kmeans_65321868,4,954.4732,932.5511735,916.814956875,902.7193,878.70145,-5.239490081261954,-9.000536119741877,-12.36947896749523
5,kmeans_68640079,5,1063.3338,1058.3615145,970.5251179,1016.1001,934.04474,-1.1884047562141486,-22.18180738527726,-11.289125239005763
5,kmeans_68911545,5,993.5028,990.978789,954.4106513999999,924.1437,905.8758599999999,-0.6032531070745634,-9.3432477533461,-16.57722275334608
5,kmeans_69623873,3,939.5288,956.850214,925.2855281666667,940.6674,906.2251333333334,4.139917304015297,-3.404223669534733,0.2721319311663472
5,kmeans_69690930,2,888.0894,900.719015,885.6591464999999,884.8048,873.3268499999999,3.0185504302103388,-0.5808445267686541,-0.7850382409177712
5,kmeans_71327853,4,990.7313,969.917371,931.206707125,936.2856,903.179475,-4.974648422562148,-14.226719138384333,-13.01283460803059
5,kmeans_72784837,4,1016.2878,964.7926695,944.7493294999999,941.5882,919.565,-12.307631572657733,-17.0981048040153,-17.85363288718927
5,kmeans_73357719,4,928.9923,868.6080760000001,860.3218757500001,928.0325,896.2287000000001,-14.432175908221774,-16.412625298757142,-0.22939770554492658
5,kmeans_73893844,3,996.2586,972.3571225,917.7126161666666,946.5904,897.8096333333333,-5.712590224665405,-18.772940686743155,-11.870984703632876
5,kmeans_74915686,2,945.2193,967.2152815,915.28992225,939.5979,865.9945,5.257165750478004,-7.1532929612810605,-1.3435468451242816
5,kmeans_80188577,4,883.0618,880.1538975,849.67936475,853.5391,825.412925,-0.6950053776290577,-7.978593510994253,-7.056094646271506
5,kmeans_81741491,3,982.4837,998.8508015,946.9599834999999,964.39,920.3812333333334,3.911831142447416,-8.49037201242832,-4.3244980879541135
5,kmeans_82343259,2,930.6478,929.571938,899.60706375,914.7238,870.94835,-0.2571371892925228,-7.4189140176864266,-3.8059273422562088
5,kmeans_85292445,4,976.8233,961.193985,951.66433275,930.1496,917.9504999999999,-3.73549593690249,-6.013137488049724,-11.155282026768655
5,kmeans_90091048,4,911.2958,952.2752295,913.87445325,889.231,867.7907499999999,9.794318714149147,0.6163129182600388,-5.273613766730399
5,kmeans_91375795,3,1001.3749,916.932589,873.2769098333334,959.6601,933.2670333333332,-20.182196701720844,-30.616154437539816,-9.970076481835555
5,kmeans_91939160,3,980.2683,964.3200175,932.3115936666667,936.7604,900.5548,-3.811730999043978,-11.46192789993625,-10.398637667304003
5,kmeans_92962510,2,984.0549,990.8255655,970.599031,963.1103,946.80595,1.6182278919694224,-3.2160298757170187,-5.005879541108968
5,kmeans_95949325,4,970.8406,977.7953765,908.1786458749999,964.2017,898.937725,1.6622314770554445,-14.976566473470381,-1.5867351816443678
5,kmeans_98103689,3,905.3963,926.3119585,906.6670358333334,918.4388,902.2716666666666,4.998962356596546,0.3037131532823726,3.11723231357553
5,kmeans_99042669,5,910.9963,959.1944245,880.6096717,922.0768,849.7079,11.519628226577424,-7.26257846558317,2.6483030592734296
5,kmeans_99673236,4,937.3798,944.471231,891.41796675,913.0639,865.04205,1.6948926864244604,-10.985141790152973,-5.811639579349918
