model,feature,importance
DecisionTree,dft_delta_HOMO_LUMO_gap_eV,0.193418
DecisionTree,protonated_pm7_HOMO_LUMO_gap_eV,0.15225
DecisionTree,dft_delta_ZPE_kjmol,0.125575
DecisionTree,protonated_pm7_LUMO_eV,0.112112
DecisionTree,protonated_pm7_dipole_debye,0.035353
DecisionTree,protonated_rdkit_fr_quatN,0.031743
DecisionTree,protonated_rdkit_fr_hdrzine,0.023416
DecisionTree,protonated_mordred_BCUTdv-1l,0.021131
DecisionTree,dft_delta_dipole_debye,0.017878
DecisionTree,neutral_pm7_HOMO_LUMO_gap_eV,0.013997
DecisionTree,protonated_mordred_MAXssNH2,0.0122
DecisionTree,protonated_mordred_GATS4dv,0.012077
DecisionTree,protonated_mordred_MATS2c,0.010962
DecisionTree,dft_prot_freq_min_cm,0.010804
DecisionTree,protonated_mordred_ATSC5i,0.009404
DecisionTree,protonated_mordred_ATSC1p,0.00871
DecisionTree,protonated_mordred_WPSA3,0.008385
DecisionTree,neutral_mordred_VSA_EState1,0.007632
DecisionTree,neutral_mordred_AATSC0i,0.007561
DecisionTree,protonated_mordred_ATSC5c,0.006829
DecisionTree,protonated_mordred_WPSA2,0.006567
DecisionTree,protonated_mordred_RPSA,0.006144
DecisionTree,protonated_mordred_PEOE_VSA2,0.004998
DecisionTree,neutral_mordred_PBF,0.004958
DecisionTree,protonated_rdkit_MinAbsPartialCharge,0.004828
DecisionTree,protonated_mordred_MATS3c,0.00482
DecisionTree,protonated_mordred_MATS3s,0.004807
DecisionTree,morgan_80,0.004659
DecisionTree,neutral_mordred_ATS0Z,0.004504
DecisionTree,protonated_mordred_MOMI-Z,0.004346
DecisionTree,morgan_904,0.004071
DecisionTree,protonated_mordred_ATSC4se,0.003999
DecisionTree,protonated_rdkit_SlogP_VSA1,0.003992
DecisionTree,neutral_mordred_PEOE_VSA9,0.003477
DecisionTree,morgan_874,0.003339
DecisionTree,protonated_mordred_GATS3m,0.003243
DecisionTree,neutral_mordred_MATS3s,0.003242
DecisionTree,neutral_mordred_MATS1dv,0.003241
DecisionTree,protonated_mordred_MATS8s,0.002875
DecisionTree,neutral_mordred_PEOE_VSA10,0.002766
DecisionTree,morgan_570,0.00276
DecisionTree,maccs_73,0.002716
DecisionTree,protonated_mordred_ZMIC3,0.002691
DecisionTree,neutral_pm7_dipole_debye,0.002638
DecisionTree,neutral_mordred_GATS2v,0.002637
DecisionTree,neutral_mordred_AATS3v,0.002427
DecisionTree,protonated_mordred_VSA_EState4,0.002412
DecisionTree,neutral_mordred_ATSC1dv,0.002275
DecisionTree,morgan_606,0.002271
DecisionTree,protonated_mordred_AATS2dv,0.002208
DecisionTree,morgan_691,0.002161
DecisionTree,protonated_mordred_MINssO,0.002148
DecisionTree,protonated_mordred_ATSC5v,0.002142
DecisionTree,neutral_mordred_MPC10,0.00208
DecisionTree,morgan_898,0.001862
DecisionTree,maccs_36,0.001839
DecisionTree,maccs_59,0.001837
DecisionTree,protonated_mordred_WPSA4,0.001829
DecisionTree,neutral_mordred_ETA_beta_ns_d,0.001796
DecisionTree,protonated_mordred_PPSA3,0.001644
DecisionTree,protonated_mordred_SsssCH,0.001633
DecisionTree,protonated_mordred_AATS6i,0.00163
DecisionTree,morgan_428,0.001571
DecisionTree,protonated_mordred_ATSC3v,0.001526
DecisionTree,protonated_mordred_ATS0Z,0.001485
DecisionTree,neutral_mordred_MAXaasC,0.001458
DecisionTree,morgan_927,0.001399
DecisionTree,neutral_mordred_ATSC8s,0.001362
DecisionTree,neutral_mordred_PEOE_VSA2,0.001325
DecisionTree,protonated_mordred_DPSA3,0.001304
DecisionTree,morgan_823,0.001216
DecisionTree,morgan_899,0.00121
DecisionTree,protonated_rdkit_PEOE_VSA2,0.001166
DecisionTree,protonated_mordred_ATSC4c,0.001139
DecisionTree,morgan_881,0.001112
DecisionTree,protonated_mordred_piPC10,0.001067
DecisionTree,protonated_mordred_GATS2p,0.001023
DecisionTree,morgan_804,0.000919
DecisionTree,protonated_rdkit_BalabanJ,0.000886
DecisionTree,neutral_mordred_MDEC-11,0.000876
DecisionTree,morgan_767,0.000871
DecisionTree,protonated_rdkit_fr_NH1,0.00087
DecisionTree,protonated_mordred_MATS2s,0.000848
DecisionTree,neutral_mordred_MDEN-12,0.000821
DecisionTree,protonated_rdkit_PEOE_VSA3,0.000799
DecisionTree,neutral_mordred_BCUTs-1h,0.000794
DecisionTree,morgan_994,0.000785
DecisionTree,protonated_pm7_total_energy_eV,0.000769
DecisionTree,protonated_rdkit_fr_Ar_NH,0.000672
DecisionTree,neutral_mordred_MATS2s,0.000653
DecisionTree,protonated_rdkit_fr_Nhpyrrole,0.000641
DecisionTree,protonated_rdkit_MaxPartialCharge,0.000629
DecisionTree,protonated_mordred_NssNH2,0.000619
DecisionTree,maccs_47,0.000609
DecisionTree,maccs_79,0.000597
DecisionTree,neutral_mordred_GATS7c,0.000582
DecisionTree,protonated_mordred_SaaN,0.000566
DecisionTree,morgan_887,0.00055
DecisionTree,neutral_mordred_ATSC4c,0.000513
DecisionTree,protonated_mordred_Xp-6d,0.000493
RandomForest,dft_delta_ZPE_kjmol,0.138968
RandomForest,dft_delta_HOMO_LUMO_gap_eV,0.137295
RandomForest,protonated_pm7_HOMO_LUMO_gap_eV,0.135374
RandomForest,protonated_pm7_LUMO_eV,0.09925
RandomForest,dft_delta_dipole_debye,0.058523
RandomForest,protonated_pm7_dipole_debye,0.038387
RandomForest,protonated_rdkit_fr_quatN,0.02897
RandomForest,protonated_mordred_BCUTdv-1l,0.019867
RandomForest,protonated_rdkit_fr_hdrzine,0.013556
RandomForest,protonated_mordred_MATS2c,0.012703
RandomForest,neutral_pm7_HOMO_LUMO_gap_eV,0.012637
RandomForest,dft_prot_freq_min_cm,0.011016
RandomForest,protonated_mordred_WPSA3,0.010217
RandomForest,protonated_mordred_ATSC5i,0.010098
RandomForest,protonated_mordred_MAXssNH2,0.009557
RandomForest,neutral_mordred_ATSC1dv,0.009222
RandomForest,protonated_mordred_ATSC1p,0.00914
RandomForest,protonated_mordred_GATS4dv,0.008541
RandomForest,protonated_mordred_ATSC5c,0.007398
RandomForest,protonated_rdkit_MaxPartialCharge,0.006972
RandomForest,protonated_rdkit_MinAbsPartialCharge,0.006663
RandomForest,neutral_mordred_AATSC0i,0.006633
RandomForest,neutral_mordred_GATS2v,0.006229
RandomForest,protonated_mordred_MOMI-Z,0.005632
RandomForest,neutral_mordred_VSA_EState1,0.005478
RandomForest,protonated_mordred_PPSA3,0.005122
RandomForest,neutral_mordred_PBF,0.004993
RandomForest,protonated_mordred_WPSA2,0.004111
RandomForest,neutral_mordred_MATS1dv,0.003855
RandomForest,protonated_mordred_RPSA,0.003582
RandomForest,protonated_mordred_ATSC5v,0.003413
RandomForest,protonated_mordred_ATSC4se,0.003375
RandomForest,protonated_rdkit_fr_NH1,0.00327
RandomForest,neutral_mordred_PEOE_VSA10,0.003232
RandomForest,neutral_mordred_ATSC8s,0.003229
RandomForest,protonated_mordred_MATS3c,0.003156
RandomForest,morgan_80,0.002978
RandomForest,protonated_mordred_PEOE_VSA2,0.002875
RandomForest,neutral_mordred_ATS0Z,0.00284
RandomForest,protonated_mordred_MATS3s,0.002709
RandomForest,morgan_904,0.002708
RandomForest,protonated_mordred_ATSC3v,0.002685
RandomForest,protonated_mordred_WPSA4,0.002372
RandomForest,protonated_mordred_GATS2p,0.002337
RandomForest,protonated_rdkit_BalabanJ,0.002314
RandomForest,protonated_mordred_MINsssN,0.002268
RandomForest,neutral_mordred_AATS3v,0.002245
RandomForest,protonated_mordred_ATSC4c,0.002243
RandomForest,protonated_mordred_ZMIC3,0.002139
RandomForest,protonated_mordred_AATS2dv,0.002101
RandomForest,protonated_mordred_ATS0Z,0.002088
RandomForest,protonated_mordred_AATS6i,0.002053
RandomForest,protonated_rdkit_SlogP_VSA1,0.002016
RandomForest,protonated_mordred_DPSA3,0.002001
RandomForest,neutral_mordred_ATSC4c,0.001963
RandomForest,neutral_rdkit_PEOE_VSA10,0.001962
RandomForest,neutral_mordred_PEOE_VSA9,0.001962
RandomForest,morgan_158,0.001896
RandomForest,site_is_S,0.001894
RandomForest,neutral_pm7_dipole_debye,0.001879
RandomForest,neutral_mordred_BCUTs-1h,0.001876
RandomForest,protonated_mordred_MAXsssN,0.001854
RandomForest,morgan_437,0.001837
RandomForest,neutral_mordred_MATS3s,0.001835
RandomForest,neutral_mordred_GATS7c,0.001763
RandomForest,neutral_mordred_MPC10,0.001739
RandomForest,protonated_pm7_total_energy_eV,0.00173
RandomForest,protonated_mordred_GATS3m,0.001715
RandomForest,morgan_669,0.001674
RandomForest,neutral_mordred_AATS3m,0.001657
RandomForest,protonated_mordred_Xp-6d,0.001643
RandomForest,morgan_691,0.001636
RandomForest,protonated_mordred_MATS2s,0.001631
RandomForest,morgan_948,0.001537
RandomForest,maccs_95,0.001489
RandomForest,protonated_mordred_SsssN,0.001485
RandomForest,protonated_rdkit_PEOE_VSA2,0.001482
RandomForest,protonated_mordred_MATS8s,0.00142
RandomForest,neutral_mordred_MATS2s,0.001408
RandomForest,neutral_mordred_Xch-6d,0.001403
RandomForest,protonated_mordred_NssNH2,0.001366
RandomForest,protonated_mordred_VSA_EState4,0.001327
RandomForest,neutral_mordred_Xch-4d,0.001319
RandomForest,protonated_mordred_SsssCH,0.00131
RandomForest,protonated_rdkit_PEOE_VSA3,0.001309
RandomForest,morgan_570,0.001241
RandomForest,protonated_mordred_MINssO,0.00124
RandomForest,protonated_rdkit_fr_NH0,0.001215
RandomForest,protonated_mordred_C1SP3,0.001179
RandomForest,neutral_mordred_MDEC-11,0.001158
RandomForest,morgan_874,0.001152
RandomForest,morgan_927,0.001152
RandomForest,protonated_mordred_SaaN,0.001125
RandomForest,neutral_mordred_MAXaasC,0.001123
RandomForest,protonated_mordred_Xch-4d,0.001095
RandomForest,maccs_150,0.001094
RandomForest,maccs_73,0.001078
RandomForest,protonated_rdkit_fr_Nhpyrrole,0.001053
RandomForest,protonated_mordred_piPC10,0.000904
RandomForest,morgan_428,0.000871
ExtraTrees,protonated_pm7_HOMO_LUMO_gap_eV,0.103377
ExtraTrees,dft_delta_HOMO_LUMO_gap_eV,0.098885
ExtraTrees,dft_delta_ZPE_kjmol,0.096599
ExtraTrees,protonated_pm7_LUMO_eV,0.070333
ExtraTrees,dft_delta_dipole_debye,0.063685
ExtraTrees,protonated_rdkit_fr_quatN,0.053329
ExtraTrees,protonated_pm7_dipole_debye,0.032036
ExtraTrees,protonated_rdkit_fr_hdrzine,0.013969
ExtraTrees,neutral_pm7_HOMO_LUMO_gap_eV,0.009028
ExtraTrees,protonated_rdkit_fr_NH1,0.008653
ExtraTrees,morgan_437,0.008622
ExtraTrees,site_is_S,0.008237
ExtraTrees,morgan_198,0.007903
ExtraTrees,protonated_mordred_BCUTdv-1l,0.00776
ExtraTrees,maccs_95,0.007673
ExtraTrees,protonated_mordred_WPSA3,0.007644
ExtraTrees,morgan_904,0.006758
ExtraTrees,protonated_mordred_ATSC1p,0.00668
ExtraTrees,protonated_mordred_NssNH2,0.006634
ExtraTrees,protonated_mordred_MATS2c,0.006551
ExtraTrees,dft_prot_freq_min_cm,0.006298
ExtraTrees,morgan_158,0.006229
ExtraTrees,maccs_67,0.006066
ExtraTrees,protonated_rdkit_fr_Nhpyrrole,0.005833
ExtraTrees,protonated_mordred_ATSC5c,0.005544
ExtraTrees,protonated_mordred_GATS4dv,0.005435
ExtraTrees,morgan_669,0.005299
ExtraTrees,neutral_mordred_PEOE_VSA10,0.005219
ExtraTrees,neutral_mordred_ATSC1dv,0.005203
ExtraTrees,maccs_58,0.005111
ExtraTrees,protonated_mordred_MAXssNH2,0.004991
ExtraTrees,protonated_rdkit_SlogP_VSA1,0.004834
ExtraTrees,protonated_mordred_ATSC5i,0.004764
ExtraTrees,morgan_874,0.004749
ExtraTrees,neutral_mordred_VSA_EState1,0.004646
ExtraTrees,neutral_mordred_AATSC0i,0.004506
ExtraTrees,protonated_rdkit_MinAbsPartialCharge,0.004492
ExtraTrees,maccs_73,0.004353
ExtraTrees,protonated_mordred_MOMI-Z,0.004309
ExtraTrees,morgan_118,0.004228
ExtraTrees,morgan_80,0.004187
ExtraTrees,neutral_mordred_GATS2v,0.004028
ExtraTrees,morgan_927,0.003977
ExtraTrees,protonated_mordred_PPSA3,0.003962
ExtraTrees,maccs_79,0.003843
ExtraTrees,protonated_rdkit_fr_NH0,0.003646
ExtraTrees,morgan_948,0.003636
ExtraTrees,morgan_606,0.003592
ExtraTrees,morgan_428,0.003585
ExtraTrees,morgan_691,0.003324
ExtraTrees,neutral_mordred_PBF,0.003227
ExtraTrees,morgan_392,0.003196
ExtraTrees,maccs_150,0.003002
ExtraTrees,neutral_mordred_Xch-4d,0.002967
ExtraTrees,morgan_853,0.002935
ExtraTrees,protonated_mordred_RPSA,0.002887
ExtraTrees,protonated_mordred_MINsssN,0.002706
ExtraTrees,neutral_mordred_MPC10,0.002668
ExtraTrees,neutral_mordred_ATSC8s,0.002664
ExtraTrees,protonated_mordred_MAXsssN,0.002658
ExtraTrees,protonated_mordred_ATSC5v,0.002511
ExtraTrees,maccs_88,0.002503
ExtraTrees,protonated_mordred_C1SP3,0.002495
ExtraTrees,protonated_rdkit_MaxPartialCharge,0.002495
ExtraTrees,neutral_mordred_MATS1dv,0.002483
ExtraTrees,morgan_570,0.002469
ExtraTrees,protonated_mordred_MATS3c,0.00236
ExtraTrees,protonated_mordred_SsssN,0.002331
ExtraTrees,morgan_104,0.002319
ExtraTrees,protonated_mordred_PEOE_VSA2,0.002272
ExtraTrees,morgan_899,0.002251
ExtraTrees,maccs_47,0.002226
ExtraTrees,neutral_mordred_ETA_beta_ns_d,0.002204
ExtraTrees,morgan_244,0.002108
ExtraTrees,morgan_422,0.002105
ExtraTrees,morgan_898,0.002036
ExtraTrees,protonated_mordred_ATSC4c,0.001998
ExtraTrees,neutral_mordred_BCUTs-1h,0.001987
ExtraTrees,protonated_mordred_MATS3s,0.001983
ExtraTrees,protonated_mordred_ATSC3v,0.001975
ExtraTrees,protonated_mordred_ATSC4se,0.001968
ExtraTrees,morgan_1,0.001957
ExtraTrees,neutral_rdkit_PEOE_VSA10,0.001948
ExtraTrees,morgan_856,0.001927
ExtraTrees,morgan_393,0.001919
ExtraTrees,protonated_rdkit_PEOE_VSA3,0.001904
ExtraTrees,morgan_953,0.001898
ExtraTrees,morgan_114,0.001879
ExtraTrees,morgan_520,0.001872
ExtraTrees,protonated_rdkit_fr_Ar_NH,0.001832
ExtraTrees,neutral_mordred_MDEC-24,0.0018
ExtraTrees,protonated_mordred_WPSA2,0.001749
ExtraTrees,protonated_mordred_ATS0Z,0.001744
ExtraTrees,protonated_mordred_Xp-6d,0.001723
ExtraTrees,protonated_mordred_GATS2p,0.001714
ExtraTrees,neutral_mordred_PEOE_VSA9,0.001694
ExtraTrees,morgan_767,0.001674
ExtraTrees,protonated_mordred_AATS2dv,0.001674
ExtraTrees,protonated_mordred_SaaNH,0.001664
ExtraTrees,morgan_881,0.001648
GradientBoosting,dft_delta_HOMO_LUMO_gap_eV,0.184679
GradientBoosting,dft_delta_ZPE_kjmol,0.155374
GradientBoosting,protonated_pm7_HOMO_LUMO_gap_eV,0.145223
GradientBoosting,protonated_pm7_LUMO_eV,0.120762
GradientBoosting,dft_delta_dipole_debye,0.058581
GradientBoosting,protonated_pm7_dipole_debye,0.042805
GradientBoosting,protonated_rdkit_fr_quatN,0.035607
GradientBoosting,protonated_mordred_BCUTdv-1l,0.02265
GradientBoosting,protonated_rdkit_fr_hdrzine,0.012875
GradientBoosting,neutral_pm7_HOMO_LUMO_gap_eV,0.012415
GradientBoosting,protonated_mordred_WPSA3,0.012061
GradientBoosting,protonated_mordred_MATS2c,0.010584
GradientBoosting,protonated_mordred_MAXssNH2,0.009724
GradientBoosting,protonated_rdkit_MaxPartialCharge,0.008086
GradientBoosting,neutral_mordred_ATSC1dv,0.00684
GradientBoosting,protonated_mordred_ATSC1p,0.006606
GradientBoosting,neutral_mordred_GATS2v,0.005086
GradientBoosting,dft_prot_freq_min_cm,0.004932
GradientBoosting,protonated_rdkit_MinAbsPartialCharge,0.004692
GradientBoosting,neutral_mordred_VSA_EState1,0.004547
GradientBoosting,protonated_mordred_MOMI-Z,0.004299
GradientBoosting,protonated_mordred_ATSC5c,0.004047
GradientBoosting,protonated_mordred_PEOE_VSA2,0.003754
GradientBoosting,protonated_mordred_ATSC5i,0.00356
GradientBoosting,neutral_mordred_PBF,0.003399
GradientBoosting,protonated_mordred_GATS4dv,0.003225
GradientBoosting,neutral_mordred_AATSC0i,0.003057
GradientBoosting,protonated_mordred_PPSA3,0.002941
GradientBoosting,maccs_73,0.002826
GradientBoosting,neutral_mordred_Xch-4d,0.002755
GradientBoosting,protonated_mordred_NssNH2,0.002717
GradientBoosting,morgan_158,0.002711
GradientBoosting,maccs_67,0.002706
GradientBoosting,protonated_mordred_RPSA,0.002358
GradientBoosting,morgan_904,0.00235
GradientBoosting,protonated_rdkit_PEOE_VSA3,0.002315
GradientBoosting,protonated_mordred_WPSA2,0.002168
GradientBoosting,morgan_393,0.001946
GradientBoosting,protonated_mordred_VSA_EState4,0.001919
GradientBoosting,protonated_mordred_GATS2p,0.001858
GradientBoosting,protonated_mordred_MATS3c,0.001838
GradientBoosting,neutral_mordred_PEOE_VSA10,0.001792
GradientBoosting,protonated_mordred_MATS3s,0.001785
GradientBoosting,neutral_rdkit_PEOE_VSA10,0.001728
GradientBoosting,protonated_mordred_Xch-4d,0.001691
GradientBoosting,protonated_mordred_WPSA4,0.001638
GradientBoosting,neutral_mordred_MATS3s,0.001554
GradientBoosting,protonated_rdkit_fr_NH1,0.001543
GradientBoosting,neutral_mordred_PEOE_VSA9,0.001535
GradientBoosting,protonated_mordred_ATSC3v,0.001475
GradientBoosting,protonated_mordred_ATSC4se,0.001447
GradientBoosting,protonated_mordred_MATS8s,0.001382
GradientBoosting,neutral_mordred_ATSC8s,0.001381
GradientBoosting,maccs_47,0.001378
GradientBoosting,protonated_mordred_ATSC5v,0.00137
GradientBoosting,neutral_mordred_ATS0Z,0.001359
GradientBoosting,morgan_948,0.001347
GradientBoosting,protonated_mordred_AATS2dv,0.001308
GradientBoosting,morgan_640,0.001295
GradientBoosting,morgan_669,0.001262
GradientBoosting,neutral_pm7_dipole_debye,0.001262
GradientBoosting,protonated_rdkit_SlogP_VSA1,0.001187
GradientBoosting,protonated_mordred_ATSC4c,0.001142
GradientBoosting,protonated_mordred_MAXsssN,0.001135
GradientBoosting,morgan_437,0.001127
GradientBoosting,protonated_mordred_AATS6i,0.001119
GradientBoosting,protonated_mordred_MATS2s,0.001102
GradientBoosting,neutral_mordred_MDEN-12,0.001095
GradientBoosting,protonated_rdkit_fr_NH0,0.001091
GradientBoosting,morgan_898,0.001078
GradientBoosting,protonated_mordred_MINsssN,0.001074
GradientBoosting,neutral_mordred_MAXaasC,0.001052
GradientBoosting,morgan_570,0.001002
GradientBoosting,site_is_S,0.001002
GradientBoosting,protonated_mordred_MINssO,0.000937
GradientBoosting,neutral_mordred_ATSC4c,0.000927
GradientBoosting,morgan_966,0.000873
GradientBoosting,protonated_mordred_DPSA3,0.000853
GradientBoosting,morgan_853,0.000806
GradientBoosting,protonated_rdkit_PEOE_VSA2,0.000797
GradientBoosting,neutral_mordred_MATS1dv,0.000794
GradientBoosting,protonated_pm7_total_energy_eV,0.000773
GradientBoosting,neutral_mordred_MPC10,0.000743
GradientBoosting,protonated_mordred_piPC10,0.000734
GradientBoosting,morgan_520,0.000723
GradientBoosting,protonated_mordred_SaaN,0.00072
GradientBoosting,neutral_mordred_MDEC-11,0.000717
GradientBoosting,morgan_606,0.0007
GradientBoosting,maccs_150,0.000678
GradientBoosting,morgan_927,0.000678
GradientBoosting,protonated_mordred_ZMIC3,0.000664
GradientBoosting,morgan_691,0.000651
GradientBoosting,morgan_470,0.000635
GradientBoosting,neutral_mordred_GATS7c,0.000578
GradientBoosting,protonated_mordred_SsssCH,0.000495
GradientBoosting,morgan_953,0.000485
GradientBoosting,neutral_mordred_BCUTs-1h,0.000474
GradientBoosting,protonated_mordred_C1SP3,0.000445
GradientBoosting,morgan_80,0.000443
GradientBoosting,protonated_mordred_NddssS,0.000418
AdaBoost,dft_delta_dipole_debye,0.184141
AdaBoost,protonated_pm7_HOMO_LUMO_gap_eV,0.162486
AdaBoost,protonated_pm7_LUMO_eV,0.150405
AdaBoost,dft_delta_ZPE_kjmol,0.115406
AdaBoost,dft_delta_HOMO_LUMO_gap_eV,0.093445
AdaBoost,protonated_pm7_dipole_debye,0.0563
AdaBoost,protonated_mordred_ATSC1p,0.014511
AdaBoost,protonated_rdkit_fr_hdrzine,0.014055
AdaBoost,protonated_mordred_BCUTdv-1l,0.010294
AdaBoost,protonated_mordred_MOMI-Z,0.007798
AdaBoost,protonated_mordred_MATS2c,0.00718
AdaBoost,protonated_rdkit_MaxPartialCharge,0.006958
AdaBoost,neutral_pm7_HOMO_LUMO_gap_eV,0.006922
AdaBoost,neutral_mordred_GATS2v,0.006755
AdaBoost,protonated_mordred_ATSC5i,0.006623
AdaBoost,protonated_mordred_MATS3s,0.006522
AdaBoost,protonated_mordred_WPSA3,0.006301
AdaBoost,protonated_mordred_ATSC5c,0.005595
AdaBoost,neutral_mordred_MATS3s,0.005464
AdaBoost,neutral_mordred_BCUTs-1h,0.004514
AdaBoost,neutral_mordred_GATS7c,0.004269
AdaBoost,protonated_rdkit_MinAbsPartialCharge,0.004243
AdaBoost,protonated_mordred_VSA_EState4,0.004241
AdaBoost,protonated_mordred_GATS4dv,0.00381
AdaBoost,neutral_mordred_PEOE_VSA9,0.003733
AdaBoost,protonated_mordred_PEOE_VSA2,0.003708
AdaBoost,neutral_mordred_AATS3v,0.003422
AdaBoost,neutral_mordred_AATS3m,0.003332
AdaBoost,morgan_437,0.00331
AdaBoost,neutral_mordred_ATSC1dv,0.002991
AdaBoost,protonated_rdkit_fr_quatN,0.002964
AdaBoost,protonated_mordred_PPSA3,0.002945
AdaBoost,neutral_pm7_dipole_debye,0.002941
AdaBoost,morgan_739,0.002848
AdaBoost,neutral_mordred_AATSC0i,0.002821
AdaBoost,protonated_mordred_GATS2p,0.002716
AdaBoost,neutral_mordred_VSA_EState1,0.002536
AdaBoost,protonated_mordred_RPSA,0.002479
AdaBoost,protonated_mordred_ATSC5v,0.002357
AdaBoost,neutral_mordred_ATSC8s,0.002232
AdaBoost,protonated_mordred_WPSA2,0.002114
AdaBoost,protonated_mordred_MAXssNH2,0.002109
AdaBoost,morgan_948,0.002107
AdaBoost,neutral_mordred_ATS0Z,0.00204
AdaBoost,protonated_mordred_NssNH2,0.002007
AdaBoost,dft_prot_freq_min_cm,0.001989
AdaBoost,protonated_rdkit_PEOE_VSA2,0.00197
AdaBoost,protonated_mordred_ZMIC3,0.001943
AdaBoost,protonated_mordred_AATS2dv,0.001934
AdaBoost,protonated_rdkit_fr_C_O_noCOO,0.001929
AdaBoost,protonated_mordred_ATSC3v,0.001857
AdaBoost,maccs_95,0.001819
AdaBoost,protonated_mordred_MATS3c,0.00168
AdaBoost,neutral_mordred_PBF,0.001593
AdaBoost,neutral_mordred_Xch-4d,0.0015
AdaBoost,protonated_pm7_total_energy_eV,0.001482
AdaBoost,protonated_mordred_AATS6i,0.001369
AdaBoost,morgan_953,0.001214
AdaBoost,neutral_mordred_ATSC4c,0.001187
AdaBoost,protonated_mordred_ATSC4se,0.001111
AdaBoost,protonated_rdkit_SlogP_VSA1,0.001031
AdaBoost,neutral_rdkit_PEOE_VSA10,0.001009
AdaBoost,protonated_mordred_DPSA3,0.000975
AdaBoost,protonated_mordred_C1SP3,0.000975
AdaBoost,protonated_mordred_MATS8s,0.00097
AdaBoost,protonated_rdkit_PEOE_VSA3,0.000969
AdaBoost,neutral_mordred_MATS1dv,0.000897
AdaBoost,protonated_mordred_Xp-6d,0.000892
AdaBoost,maccs_54,0.000887
AdaBoost,morgan_114,0.000805
AdaBoost,neutral_mordred_MATS2s,0.000778
AdaBoost,neutral_mordred_MPC10,0.000725
AdaBoost,protonated_mordred_SaaN,0.000689
AdaBoost,protonated_mordred_GATS3m,0.00068
AdaBoost,protonated_mordred_ATS0Z,0.000662
AdaBoost,neutral_mordred_MDEC-11,0.000654
AdaBoost,protonated_mordred_WPSA4,0.000649
AdaBoost,protonated_rdkit_fr_NH1,0.000619
AdaBoost,neutral_mordred_PEOE_VSA2,0.000579
AdaBoost,neutral_mordred_PEOE_VSA10,0.000551
AdaBoost,morgan_904,0.000549
AdaBoost,protonated_rdkit_fr_NH0,0.000536
AdaBoost,morgan_492,0.000526
AdaBoost,morgan_695,0.000521
AdaBoost,maccs_47,0.000513
AdaBoost,morgan_80,0.000511
AdaBoost,neutral_mordred_Xch-6d,0.00049
AdaBoost,protonated_mordred_MATS2s,0.000484
AdaBoost,morgan_419,0.00048
AdaBoost,morgan_927,0.000439
AdaBoost,morgan_428,0.000427
AdaBoost,morgan_392,0.000411
AdaBoost,morgan_887,0.0004
AdaBoost,protonated_mordred_MINsssN,0.000398
AdaBoost,morgan_393,0.000389
AdaBoost,morgan_520,0.000386
AdaBoost,maccs_79,0.000341
AdaBoost,protonated_mordred_MAXsssN,0.00034
AdaBoost,morgan_966,0.000315
AdaBoost,maccs_59,0.000314
XGBoost,protonated_rdkit_fr_hdrzine,0.070589
XGBoost,dft_delta_HOMO_LUMO_gap_eV,0.061239
XGBoost,morgan_640,0.052595
XGBoost,protonated_pm7_HOMO_LUMO_gap_eV,0.047663
XGBoost,protonated_rdkit_fr_quatN,0.047647
XGBoost,morgan_393,0.042748
XGBoost,dft_delta_ZPE_kjmol,0.042529
XGBoost,site_is_S,0.042263
XGBoost,protonated_pm7_LUMO_eV,0.031439
XGBoost,neutral_mordred_ETA_beta_ns_d,0.02463
XGBoost,morgan_69,0.023788
XGBoost,maccs_58,0.022475
XGBoost,neutral_pm7_HOMO_LUMO_gap_eV,0.021672
XGBoost,morgan_570,0.019007
XGBoost,dft_delta_dipole_debye,0.015858
XGBoost,protonated_mordred_NssNH2,0.015693
XGBoost,protonated_mordred_BCUTdv-1l,0.014071
XGBoost,protonated_mordred_MAXssNH2,0.013612
XGBoost,morgan_898,0.01361
XGBoost,morgan_437,0.012375
XGBoost,morgan_874,0.010731
XGBoost,neutral_mordred_VSA_EState1,0.010486
XGBoost,protonated_mordred_NaaS,0.010136
XGBoost,morgan_966,0.009674
XGBoost,morgan_141,0.009347
XGBoost,morgan_158,0.009339
XGBoost,protonated_pm7_dipole_debye,0.008925
XGBoost,neutral_mordred_ATSC1dv,0.008769
XGBoost,morgan_669,0.008577
XGBoost,neutral_mordred_AATSC0i,0.008033
XGBoost,morgan_341,0.007544
XGBoost,maccs_88,0.007429
XGBoost,neutral_mordred_GATS2v,0.007356
XGBoost,protonated_rdkit_fr_NH1,0.007239
XGBoost,neutral_mordred_MATS1dv,0.006198
XGBoost,morgan_953,0.006086
XGBoost,neutral_mordred_Xch-4d,0.005883
XGBoost,protonated_mordred_Xch-4d,0.005681
XGBoost,protonated_mordred_ATS0Z,0.005241
XGBoost,maccs_73,0.005077
XGBoost,morgan_969,0.004764
XGBoost,morgan_244,0.004613
XGBoost,morgan_948,0.004495
XGBoost,neutral_mordred_MDEN-12,0.004493
XGBoost,neutral_mordred_PEOE_VSA10,0.004418
XGBoost,morgan_759,0.004408
XGBoost,morgan_899,0.004333
XGBoost,protonated_mordred_MATS2c,0.004331
XGBoost,protonated_mordred_ATSC1p,0.004281
XGBoost,morgan_117,0.004007
XGBoost,protonated_mordred_WPSA3,0.00371
XGBoost,neutral_rdkit_fr_aryl_methyl,0.003689
XGBoost,morgan_904,0.003612
XGBoost,morgan_994,0.003129
XGBoost,morgan_114,0.003104
XGBoost,morgan_908,0.003045
XGBoost,neutral_mordred_PEOE_VSA9,0.002819
XGBoost,neutral_mordred_ATS0Z,0.002797
XGBoost,neutral_mordred_MPC10,0.002793
XGBoost,neutral_mordred_PBF,0.002685
XGBoost,protonated_mordred_PEOE_VSA2,0.002517
XGBoost,neutral_rdkit_PEOE_VSA10,0.002472
XGBoost,protonated_mordred_ATSC5v,0.002429
XGBoost,protonated_mordred_MATS3s,0.002415
XGBoost,protonated_mordred_ATSC5i,0.002396
XGBoost,neutral_mordred_MATS2s,0.002336
XGBoost,morgan_856,0.002279
XGBoost,protonated_mordred_ATSC5c,0.00227
XGBoost,neutral_mordred_ATSC8s,0.002266
XGBoost,dft_prot_freq_min_cm,0.002193
XGBoost,morgan_349,0.002122
XGBoost,morgan_348,0.002069
XGBoost,protonated_mordred_StsC,0.002008
XGBoost,neutral_mordred_PEOE_VSA2,0.001997
XGBoost,morgan_688,0.001944
XGBoost,morgan_835,0.001929
XGBoost,protonated_mordred_GATS4dv,0.001868
XGBoost,neutral_mordred_NtN,0.001863
XGBoost,morgan_877,0.001833
XGBoost,protonated_mordred_PPSA3,0.001754
XGBoost,morgan_887,0.001735
XGBoost,morgan_745,0.001679
XGBoost,protonated_mordred_MATS3c,0.001568
XGBoost,morgan_767,0.001564
XGBoost,morgan_392,0.001561
XGBoost,morgan_209,0.001518
XGBoost,neutral_mordred_ATSC4c,0.001509
XGBoost,protonated_mordred_ATSC3v,0.001502
XGBoost,morgan_428,0.001483
XGBoost,neutral_mordred_MDEC-24,0.001433
XGBoost,protonated_mordred_WPSA2,0.001411
XGBoost,neutral_mordred_MAXaasC,0.001364
XGBoost,neutral_mordred_MATS3s,0.00133
XGBoost,protonated_rdkit_MinAbsPartialCharge,0.001327
XGBoost,morgan_872,0.001307
XGBoost,morgan_534,0.001303
XGBoost,protonated_mordred_AATS6i,0.001296
XGBoost,protonated_rdkit_fr_ester,0.001287
XGBoost,protonated_mordred_MOMI-Z,0.001274
XGBoost,neutral_mordred_BCUTs-1h,0.001225
LightGBM,dft_delta_ZPE_kjmol,439.0
LightGBM,dft_delta_HOMO_LUMO_gap_eV,361.8
LightGBM,protonated_pm7_HOMO_LUMO_gap_eV,308.6
LightGBM,protonated_pm7_dipole_debye,279.8
LightGBM,dft_delta_dipole_debye,276.0
LightGBM,protonated_pm7_LUMO_eV,259.4
LightGBM,dft_prot_freq_min_cm,176.6
LightGBM,protonated_mordred_WPSA3,149.2
LightGBM,protonated_mordred_MATS2c,119.6
LightGBM,protonated_mordred_ATSC1p,114.2
LightGBM,neutral_pm7_HOMO_LUMO_gap_eV,111.6
LightGBM,protonated_mordred_ATSC5c,108.8
LightGBM,protonated_mordred_GATS4dv,108.4
LightGBM,protonated_mordred_BCUTdv-1l,104.6
LightGBM,protonated_mordred_ATSC5i,97.0
LightGBM,neutral_mordred_GATS2v,79.0
LightGBM,neutral_mordred_ATSC1dv,77.2
LightGBM,protonated_mordred_PPSA3,76.0
LightGBM,protonated_mordred_MOMI-Z,65.8
LightGBM,protonated_rdkit_MinAbsPartialCharge,62.4
LightGBM,protonated_mordred_RPSA,59.6
LightGBM,neutral_mordred_PBF,55.4
LightGBM,protonated_rdkit_MaxPartialCharge,51.4
LightGBM,protonated_mordred_MATS3c,50.6
LightGBM,protonated_mordred_MATS3s,47.4
LightGBM,protonated_mordred_ATSC5v,46.6
LightGBM,neutral_mordred_AATSC0i,42.4
LightGBM,protonated_rdkit_fr_quatN,40.6
LightGBM,protonated_mordred_ZMIC3,40.2
LightGBM,protonated_mordred_ATSC4se,39.6
LightGBM,neutral_mordred_ATSC8s,37.8
LightGBM,protonated_mordred_GATS2p,36.8
LightGBM,protonated_mordred_ATSC3v,35.6
LightGBM,neutral_mordred_MATS1dv,34.8
LightGBM,protonated_mordred_WPSA4,32.8
LightGBM,protonated_mordred_WPSA2,31.8
LightGBM,protonated_mordred_ATSC4c,31.6
LightGBM,protonated_mordred_MATS2s,31.6
LightGBM,protonated_pm7_total_energy_eV,30.0
LightGBM,protonated_mordred_AATS2dv,29.2
LightGBM,protonated_mordred_AATS6i,28.6
LightGBM,protonated_rdkit_fr_NH1,28.0
LightGBM,neutral_mordred_GATS7c,27.8
LightGBM,neutral_mordred_PEOE_VSA10,27.8
LightGBM,protonated_mordred_MATS8s,24.8
LightGBM,protonated_mordred_DPSA3,24.0
LightGBM,neutral_mordred_ATS0Z,21.6
LightGBM,neutral_pm7_dipole_debye,21.4
LightGBM,neutral_mordred_MATS3s,20.6
LightGBM,neutral_mordred_VSA_EState1,19.8
LightGBM,protonated_mordred_Xp-6d,19.4
LightGBM,neutral_mordred_AATS3v,19.4
LightGBM,protonated_mordred_GATS3m,19.4
LightGBM,neutral_mordred_ATSC4c,19.2
LightGBM,protonated_mordred_MAXssNH2,19.0
LightGBM,neutral_mordred_BCUTs-1h,18.6
LightGBM,neutral_mordred_MPC10,18.0
LightGBM,protonated_mordred_SsssN,16.8
LightGBM,neutral_mordred_AATS3m,15.6
LightGBM,protonated_mordred_PEOE_VSA2,15.4
LightGBM,morgan_80,14.6
LightGBM,neutral_mordred_PEOE_VSA9,14.6
LightGBM,protonated_mordred_SsssCH,13.6
LightGBM,protonated_rdkit_BalabanJ,13.6
LightGBM,protonated_mordred_ATS0Z,12.0
LightGBM,protonated_rdkit_PEOE_VSA3,11.8
LightGBM,protonated_mordred_VSA_EState4,11.6
LightGBM,protonated_rdkit_SlogP_VSA1,11.0
LightGBM,neutral_mordred_Xch-6d,10.8
LightGBM,protonated_mordred_piPC10,9.6
LightGBM,maccs_95,9.2
LightGBM,morgan_953,9.0
LightGBM,protonated_mordred_SaaN,9.0
LightGBM,protonated_mordred_C1SP3,8.8
LightGBM,neutral_mordred_MATS2s,8.8
LightGBM,protonated_rdkit_fr_NH0,8.4
LightGBM,neutral_rdkit_PEOE_VSA10,8.2
LightGBM,protonated_mordred_MAXsssN,8.0
LightGBM,protonated_rdkit_PEOE_VSA2,8.0
LightGBM,protonated_mordred_NssNH2,7.6
LightGBM,protonated_mordred_Xch-4d,7.2
LightGBM,morgan_428,6.6
LightGBM,protonated_rdkit_fr_Nhpyrrole,6.0
LightGBM,neutral_mordred_SMR_VSA7,5.8
LightGBM,neutral_mordred_Xch-4d,5.8
LightGBM,protonated_rdkit_NumHAcceptors,5.6
LightGBM,neutral_mordred_MDEC-11,5.6
LightGBM,neutral_mordred_PEOE_VSA2,5.4
LightGBM,neutral_mordred_MAXaasC,4.8
LightGBM,maccs_79,4.4
LightGBM,morgan_887,4.4
LightGBM,maccs_150,3.8
LightGBM,protonated_mordred_MINssO,3.4
LightGBM,protonated_rdkit_fr_C_O_noCOO,3.4
LightGBM,neutral_rdkit_NumSaturatedRings,3.2
LightGBM,morgan_392,3.0
LightGBM,maccs_38,2.6
LightGBM,maccs_62,2.6
LightGBM,neutral_mordred_MDEN-22,2.4
LightGBM,neutral_mordred_MDEN-12,2.4
CatBoost,dft_delta_ZPE_kjmol,14.754508
CatBoost,protonated_pm7_HOMO_LUMO_gap_eV,14.203329
CatBoost,dft_delta_HOMO_LUMO_gap_eV,10.914761
CatBoost,protonated_pm7_LUMO_eV,10.275928
CatBoost,dft_delta_dipole_debye,8.779129
CatBoost,protonated_pm7_dipole_debye,4.030462
CatBoost,protonated_rdkit_fr_quatN,2.711676
CatBoost,neutral_pm7_HOMO_LUMO_gap_eV,1.501652
CatBoost,protonated_mordred_MATS2c,1.483065
CatBoost,protonated_mordred_BCUTdv-1l,1.422524
CatBoost,protonated_mordred_WPSA3,1.389408
CatBoost,neutral_mordred_ATSC1dv,1.318822
CatBoost,protonated_mordred_MAXssNH2,1.118689
CatBoost,dft_prot_freq_min_cm,1.069349
CatBoost,protonated_rdkit_fr_NH1,0.859607
CatBoost,protonated_mordred_ATSC1p,0.832268
CatBoost,neutral_mordred_AATSC0i,0.695388
CatBoost,protonated_mordred_GATS4dv,0.664582
CatBoost,protonated_mordred_MOMI-Z,0.643265
CatBoost,neutral_mordred_GATS2v,0.642297
CatBoost,protonated_mordred_PPSA3,0.560624
CatBoost,neutral_mordred_PBF,0.530668
CatBoost,protonated_rdkit_fr_hdrzine,0.526681
CatBoost,protonated_mordred_ATSC5c,0.519641
CatBoost,neutral_mordred_VSA_EState1,0.487155
CatBoost,protonated_rdkit_MinAbsPartialCharge,0.475732
CatBoost,neutral_mordred_PEOE_VSA10,0.474912
CatBoost,protonated_mordred_ATSC5i,0.472584
CatBoost,protonated_mordred_RPSA,0.467657
CatBoost,protonated_mordred_NssNH2,0.462411
CatBoost,maccs_95,0.432037
CatBoost,protonated_mordred_ATSC3v,0.425006
CatBoost,protonated_mordred_WPSA2,0.378534
CatBoost,neutral_mordred_ATSC8s,0.350572
CatBoost,protonated_mordred_ATSC4c,0.340063
CatBoost,protonated_mordred_ATSC4se,0.338019
CatBoost,protonated_rdkit_PEOE_VSA3,0.336486
CatBoost,protonated_mordred_MATS3s,0.329933
CatBoost,protonated_mordred_GATS2p,0.297121
CatBoost,neutral_mordred_GATS7c,0.289915
CatBoost,protonated_mordred_ATS0Z,0.281758
CatBoost,protonated_rdkit_BalabanJ,0.272992
CatBoost,protonated_mordred_WPSA4,0.269429
CatBoost,neutral_mordred_AATS3v,0.26801
CatBoost,protonated_mordred_ZMIC3,0.263053
CatBoost,protonated_rdkit_MaxPartialCharge,0.25426
CatBoost,protonated_mordred_ATSC5v,0.235852
CatBoost,protonated_mordred_MINsssN,0.228917
CatBoost,neutral_mordred_Xch-4d,0.220312
CatBoost,morgan_80,0.22012
CatBoost,protonated_mordred_MATS3c,0.217495
CatBoost,neutral_rdkit_PEOE_VSA10,0.209613
CatBoost,neutral_pm7_dipole_debye,0.201077
CatBoost,site_is_S,0.200948
CatBoost,morgan_147,0.197259
CatBoost,neutral_mordred_MATS1dv,0.195662
CatBoost,protonated_mordred_VSA_EState4,0.193707
CatBoost,protonated_rdkit_fr_Nhpyrrole,0.192728
CatBoost,protonated_mordred_PEOE_VSA2,0.192202
CatBoost,neutral_mordred_MDEC-11,0.180531
CatBoost,protonated_mordred_C1SP3,0.180421
CatBoost,neutral_mordred_ATSC4c,0.171186
CatBoost,protonated_mordred_Xch-4d,0.165939
CatBoost,protonated_mordred_Xp-6d,0.160695
CatBoost,protonated_mordred_AATS2dv,0.159017
CatBoost,neutral_mordred_PEOE_VSA2,0.156193
CatBoost,maccs_73,0.155783
CatBoost,protonated_mordred_MATS2s,0.151611
CatBoost,maccs_79,0.148296
CatBoost,protonated_mordred_GATS3m,0.147032
CatBoost,protonated_mordred_MATS8s,0.143783
CatBoost,neutral_mordred_ATS0Z,0.14234
CatBoost,maccs_67,0.141598
CatBoost,morgan_1,0.136925
CatBoost,neutral_mordred_MPC10,0.135169
CatBoost,protonated_mordred_SaaN,0.135166
CatBoost,maccs_47,0.132745
CatBoost,protonated_mordred_ETA_beta_ns_d,0.132334
CatBoost,protonated_mordred_piPC10,0.129928
CatBoost,neutral_mordred_MAXaasC,0.118742
CatBoost,maccs_88,0.117669
CatBoost,maccs_52,0.116891
CatBoost,protonated_mordred_MAXsssN,0.112418
CatBoost,maccs_33,0.111951
CatBoost,morgan_428,0.111635
CatBoost,protonated_mordred_AATS6i,0.106125
CatBoost,neutral_mordred_AATS3m,0.105836
CatBoost,morgan_198,0.105525
CatBoost,protonated_mordred_SsssCH,0.102713
CatBoost,neutral_mordred_Xch-6d,0.102282
CatBoost,neutral_mordred_MDEN-12,0.101753
CatBoost,morgan_158,0.099947
CatBoost,neutral_mordred_MATS3s,0.097211
CatBoost,protonated_rdkit_SlogP_VSA1,0.095207
CatBoost,protonated_mordred_DPSA3,0.094857
CatBoost,neutral_mordred_SMR_VSA7,0.094617
CatBoost,protonated_mordred_StsC,0.092652
CatBoost,morgan_392,0.091642
CatBoost,neutral_mordred_BCUTs-1h,0.082151
CatBoost,maccs_150,0.079742
