record_id,neutral_smiles,pa_pm7,pa_true,raw_pm7_error
nist_00125011,O=CC=1C=CC=C(OC)C1,817.0937,844.1,-27.00630000000001
nist_00396590,O=C1NCC1,859.4159,852.6,6.815899999999942
nist_00438872,O=CCC,776.5784,786.0,-9.421600000000012
nist_00645122,N1=C2C=CC=C(N2C=C1C)C,967.5116,996.4,-28.888399999999933
nist_00760896,O=C(C=1C=CC=CC1)C=2C=CC=CC2,858.5334,882.3,-23.766599999999926
nist_00804112,N(C)(C)CCCCN(C)C,931.9288,1046.3,-114.37119999999993
nist_00837453,O=C1CCCCCC1,826.9573,845.6,-18.64269999999999
nist_00905305,N(=CN(C)C)C,956.1836,1002.5,-46.316400000000044
nist_00927094,O=C(C1=CC=C(C=C1)C(F)(F)F)N(C)C,875.1045,904.5,-29.39549999999997
nist_00930813,O=C(N(C)C)C,882.2559,908.0,-25.744100000000003
nist_01223463,C#CCN(C)C,925.5629,940.3,-14.737099999999941
nist_01355247,ClC=1C=NC=CC1,866.2846,903.4,-37.11540000000002
nist_01387778,O=C(N(O)C)C,835.0913,876.2,-41.1087
nist_01410735,O=C(OC)C1=CC=C(C=C1)C(=O)OC,806.0635,843.2,-37.13650000000007
nist_01663744,O=P(C=1C=CC=CC1)(C)C,984.703,908.9,75.803
nist_01762105,N=1C=NC=NC1,807.4617,848.8,-41.338300000000004
nist_01813910,N=1C=CC=CC1OC,897.6896,934.7,-37.010400000000004
nist_01953252,O=C(C=1C=CC=CC1)C(Cl)(Cl)Cl,764.0455,818.9,-54.85450000000003
nist_02112727,O=C(C=1C=CC=C(SC)C1)C,875.5474,866.6,8.947400000000016
nist_02204816,O=C(OC)C=1C=CC=C(F)C1,804.8115,832.9,-28.088499999999954
nist_02219190,O=C(OCC)C(Cl)(Cl)Cl,745.3269,790.4,-45.073099999999954
nist_02234336,FC(F)(F)C(N)(C(F)(F)F)C(F)(F)F,746.5084,783.7,-37.191599999999994
nist_02244448,O=C1N(C)CCC1,871.2612,923.5,-52.23879999999997
nist_02477424,N1(N(C)CCCC1)C,927.4726,966.1,-38.627399999999966
nist_02525694,O=CC1=CC=C(C=C1)C,829.6278,851.8,-22.172199999999975
nist_02544009,O=C(C)CF,772.6486,795.4,-22.75139999999999
nist_02593856,OC(C(F)(F)F)(C(F)(F)F)C(F)(F)F,576.9923,676.8,-99.80769999999995
nist_02774099,CC[N+](=O)[O-],761.0296,765.7,-4.670400000000086
nist_02853497,O=C(OC)C1=CC=C(OC)C=C1,847.4652,870.6,-23.13480000000004
nist_02863785,N(=CN(C)C)C=1C=CC=CC1,968.0151,983.8,-15.784899999999993
nist_03042087,NC=1C=CC=CC1C,887.0277,890.9,-3.8722999999999956
nist_03128596,O=C(OC)CCC,804.0087,836.4,-32.3913
nist_03202939,O=C(N(CC)CC)C,894.1045,925.4,-31.295499999999947
nist_03355041,O=C(C)CCC(=O)C,865.9272,892.0,-26.07280000000003
nist_03374851,N(CC)(CC)C(C)C,970.699,996.4,-25.701000000000022
nist_03617918,O=CC1=CC=C(N)C=C1,878.7105,910.4,-31.689499999999953
nist_03648145,N#CC(F)(F)F,717.0872,688.4,28.687200000000075
nist_03690578,O=COCCCC,776.7716,806.0,-29.228399999999965
nist_03881393,C=1C=CC(=CC1)N2CCCCCC2,935.8108,956.6,-20.78920000000005
nist_04021459,O(C)CCOCCOCCOC,914.5657,946.6,-32.03430000000003
nist_04085536,O=C(OC)C(C)C,806.0373,836.6,-30.562700000000063
nist_04146605,O1P2OCC(C1)CO2,855.8144,868.8,-12.985599999999977
nist_04208386,N=CC,905.944,885.1,20.843999999999937
nist_04360263,N=1NC(=CC1C(C)(C)C)C(C)(C)C,909.9092,952.7,-42.79079999999999
nist_04365347,NCCCC,910.1534,921.5,-11.346599999999967
nist_04459242,CCOC=CC,781.723,876.7,-94.97700000000009
nist_04494467,O=NOC(C)C,769.0848,845.5,-76.41520000000003
nist_04553846,O=C(C=1C=CC=C(O)C1)C,825.8627,863.6,-37.737300000000005
nist_04671501,C=1C=CC(=C(C1)N(C)C)N(C)C,974.5707,982.6,-8.029300000000035
nist_04864002,N(=CN(C)C)CC,981.9219,1008.7,-26.778099999999995
nist_04893497,CC(=O)C1=CC(=CC=C1)[N+](=O)[O-],794.0147,826.0,-31.985300000000052
nist_04922781,N#CCOC,814.1098,758.1,56.00979999999993
nist_04973755,O=C(C1=CC=C(N=CN(C)C)C=C1)C,950.8463,979.8,-28.953699999999913
nist_05248112,N(=CN(C)C)CCOC,987.3061,1018.9,-31.593899999999962
nist_05403789,O=C1N(C)CCN1C,870.825,918.4,-47.57499999999993
nist_05459594,N(=C(N(C)C)C)C1CC1,983.7241,1024.1,-40.37589999999989
nist_05598367,N(=C)C,877.3927,884.6,-7.207300000000032
nist_05604050,O=C(N)C,834.9027,863.6,-28.69730000000004
nist_05641564,N1=CC=CN1C,866.1525,912.0,-45.84749999999997
nist_05694638,S=C(Cl)Cl,765.58,752.5,13.080000000000041
nist_05715452,N#CC(C)C,829.9959,803.6,26.395899999999983
nist_05716584,N1(N2CCC(C1)CC2)C,931.7749,968.9,-37.125099999999975
nist_05716685,O=C(C1=CC=C(C=C1C)C)C,865.2234,882.6,-17.376600000000053
nist_06046479,N1=C2C=CC=CC2=NN1C,851.8811,890.1,-38.218900000000076
nist_06047809,N1CCCC1,917.8564,948.3,-30.443599999999947
nist_06053099,O=C(C=C)C,814.405,834.7,-20.295000000000073
nist_06069824,C=1C=CC(=CC1)N(C)C,918.6218,941.1,-22.478200000000015
nist_06103670,N(C)(C)C12CC3CC(CC(C3)C1)C2,963.9814,993.9,-29.91859999999997
nist_06115178,FCCCN,888.075,920.9,-32.82499999999993
nist_06133542,O=CC=1C=CC=C(F)C1,786.4126,814.3,-27.887399999999957
nist_06260766,N1=CC=C(N1C)C(C)(C)C,896.3676,939.2,-42.83240000000001
nist_06290119,P=1C=CC=CC1,905.8434,817.7,88.14339999999993
nist_06294951,S(C)C,865.1816,830.9,34.281600000000026
nist_06330481,O=C(OC)C12CC3CC(CC(C3)C1)C2,825.8807,864.1,-38.219299999999976
nist_06337455,P(CC)(CC)CC,1017.8666,984.5,33.36659999999995
nist_06361266,NC1=CC=CC(=C1)CC,883.0031,897.9,-14.89689999999996
nist_06365793,O=C(OC)C1=CC=CC(=C1)C(=O)OC,811.7235,843.5,-31.776500000000055
nist_06512381,O=C(OC)C=C,801.3438,825.8,-24.456199999999967
nist_06528973,O=COCCC,779.2905,804.9,-25.609500000000025
nist_06582476,N(=CN(C)C)C(C)(C)C,1001.9968,1020.8,-18.803199999999947
nist_06618300,C1=CC(=CC=C1CO)[N+](=O)[O-],794.7567,810.5,-15.743299999999977
nist_06940275,OCC(O)CO,807.2497,874.8,-67.5503
nist_06983572,BrC=1C=C(C(=C(C1)C)N(C)C)C,919.8575,935.4,-15.542500000000018
nist_07051346,BrC1=NC=CC=C1,869.3912,904.8,-35.40879999999993
nist_07203878,ClC=1N=C(C=CC1)C,884.2409,908.0,-23.75909999999999
nist_07262919,O=C1C=C(C)CC(C)(C)C1,874.2503,893.5,-19.24969999999996
nist_07275685,N(N(C)CC(C)C)(C)CC(C)C,953.9543,979.7,-25.745700000000056
nist_07439956,O=P(OC)(OC)OC,928.1373,890.6,37.53729999999996
nist_07474522,O=C(C1=CC=CC(=C1C)C)C,851.7928,874.6,-22.807199999999966
nist_07632068,NCCCCCN,993.8756,999.6,-5.72440000000006
nist_07654692,O(C1=CC=CC(N)=C1)C,874.6566,913.0,-38.343399999999974
nist_08004379,O=C(CF)CF,740.3166,762.8,-22.48339999999996
nist_08044055,N#CCCOCCC#N,864.7426,813.8,50.942600000000084
nist_08067356,O=C(N)C1=CC=C(Cl)C=C1,841.406,877.2,-35.794000000000096
nist_08074979,S=C(OCC)C,874.5266,863.6,10.926600000000008
nist_08174451,N(CC)CC,939.4701,952.4,-12.929899999999975
nist_08274376,N(=CN(C)C)CC(C)C,991.9008,1014.5,-22.599199999999996
nist_08279524,ClC1=CC=C(N)C=C1,854.9039,873.8,-18.896099999999933
nist_08385644,N(=CN(C)C)C(C)C,995.6387,1013.5,-17.86130000000003
nist_08388401,N(=CN(C)C)C1CCCCC1,975.6386,1020.4,-44.76139999999998
nist_08430964,O=NOC(C)(C)C,813.8769,863.9,-50.0231
nist_08445717,O=C(OC)C,792.778,821.6,-28.822000000000003
nist_08678790,O=NOC,734.8869,798.9,-64.01310000000001
nist_08787620,FC(F)(F)COCC,723.2441,762.4,-39.155899999999974
nist_08799676,S(C(=C)C)C,868.8461,888.6,-19.753900000000044
nist_08891159,C=1C=C(C(=CC1C(C)(C)C)C(C)(C)C)N(C)C,958.3471,973.3,-14.9529
nist_08983077,ON(CC)CC,883.9687,914.7,-30.731300000000033
nist_09014839,C\N=N\C,833.5284,865.1,-31.57159999999999
nist_09075374,NC1CC1,897.0531,904.7,-7.646900000000073
nist_09220888,N=1C=NC=2N=CNC2C1,892.279,920.1,-27.821000000000026
nist_09388615,N12CC1C2,852.159,886.9,-34.740999999999985
nist_09455499,N=1C=CN(C1)C(C)(C)C,951.7909,987.0,-35.209100000000035
nist_09473702,O=C(C(=O)C)C,767.8289,801.9,-34.0711
nist_09554561,CN=N,820.6679,843.0,-22.33209999999997
nist_09562302,C=1C=C2C=CC=C(C2=C(C1)N(C)C)N(C)C,1019.9213,1028.2,-8.278700000000072
nist_09601386,N1(N(C)CCCCC1)C,946.0826,966.8,-20.717399999999998
nist_09646960,S1CC1C,835.9337,833.3,2.63370000000009
nist_09721427,NCC(C)C,908.2347,924.8,-16.56529999999998
nist_09750876,O=C(C1=CC=C(F)C=C1)C,826.1,858.6,-32.5
nist_09823349,P1(C)CCCCC1,1015.4353,969.4,46.03530000000001
nist_09872610,SC(C)CC,847.6297,813.0,34.62969999999996
nist_10043762,O=C(OC)C=1C=CC=C(O)C1,811.9996,850.0,-38.00040000000001
nist_10134040,N(N(C)CC)(C)CC,945.0298,963.7,-18.670200000000023
nist_10382420,COC(=O)C1=CC=C(C=C1)[N+](=O)[O-],775.0216,813.2,-38.17840000000001
nist_10481689,N(=CN(C)C)CCCCC,987.6717,1018.0,-30.328300000000013
nist_10482643,O=C(C=1C=CC=CC1)C(F)(F)F,749.2681,799.2,-49.93190000000004
nist_10490928,C=1C=CC(=CC1)NCC,905.796,924.8,-19.003999999999905
nist_10529342,N#CC1=CC=C(C=O)C=C1,819.5265,796.9,22.626500000000078
nist_10535164,O=P(N)(N(C)C)N(C)C,980.7451,947.5,33.24509999999998
nist_10720274,C=1C=CC(=CC1)N2CCC2,914.2015,933.2,-18.998500000000035
nist_10731153,O=CC(C)C,774.0098,797.3,-23.290199999999913
nist_10769399,O=C(O)CF,737.9612,765.4,-27.438800000000015
nist_10862679,O=C(C1CC1)C2CC2,827.3426,880.4,-53.05740000000003
nist_11014888,O(C(C)C)C(C)C,843.3337,855.5,-12.166299999999978
nist_11019690,N=1C=CC=C(N)C1,917.796,954.4,-36.60399999999993
nist_11126429,N(=C(N(C)C)N(C)C)CC,995.626,1051.4,-55.774000000000115
nist_11142692,O=C(O)C1NCCC1,904.3738,920.5,-16.12620000000004
nist_11243433,O=C(OCC)N(C)C,855.7939,896.6,-40.806100000000015
nist_11249345,O(CCCCC)CCCCC,807.8442,852.7,-44.855800000000045
nist_11293718,O=C(C12CC3CC(CC(C3)C1)C2)C45CC6CC(CC(C6)C4)C5,868.6839,894.3,-25.61609999999996
nist_11371004,N(C)(C)CCCC,943.0328,969.2,-26.167200000000093
nist_11431970,N#CCSC,829.8423,784.8,45.04230000000007
nist_11633298,N=1NC(=CC1C)C=2C=CC=CC2,889.5202,932.1,-42.57979999999998
nist_11642822,C1=NC=NN1,858.9079,886.0,-27.09209999999996
nist_11650975,PC,917.7929,851.5,66.29290000000003
nist_11700273,BrC=1C=NC=CC1,870.5718,910.0,-39.42819999999995
nist_11869748,O1CCNCC1,908.7707,924.3,-15.529299999999921
nist_11870044,N#CC1=CC=CC(=C1)C(=O)C,830.6057,827.2,3.4056999999999107
nist_11874841,C=CCN(CC=C)CC=C,934.3943,972.3,-37.90569999999991
nist_12002990,FC1=CC=CC(N)=C1,847.6495,867.3,-19.650499999999965
nist_12076005,N#CCC#N,769.4842,723.0,46.48419999999999
nist_12102434,CN1C(=CC(=N1)[N+](=O)[O-])[N+](=O)[O-],795.7141,788.8,6.914100000000076
nist_12115397,C=1C=C(C=CC1N(CC)CC)C,940.9234,962.8,-21.87659999999994
nist_12200694,N(C)(C)C(C)(C)C,952.7756,979.6,-26.82439999999997
nist_12346932,NC=1C=CC=CC1N,898.8208,896.5,2.320799999999963
nist_12422329,O=C(OC)C1=CC=CC(=C1)S(=O)(=O)C,902.1635,830.5,71.6635
nist_12538873,O=CC=1C=CC=CC1,810.5117,834.0,-23.48829999999998
nist_12699958,N(=C(N(C)C)CC)C(C)(C)C,1004.6783,1043.3,-38.62169999999992
nist_12711106,N(C)(C)CCCN(C)C,1005.1118,1035.2,-30.08820000000003
nist_12835326,OC(C)CC,794.6806,815.0,-20.319399999999973
nist_12889332,O=C(OC)C1=CC(=CC=C1C)C,838.4995,864.7,-26.200500000000034
nist_12896671,O=C(O)C(N)C(C)C,890.9589,910.6,-19.64110000000005
nist_12937229,O=C(C1=CC=C(N)C=C1)N(C)C,936.2506,956.9,-20.649400000000014
nist_12982378,O=C(C=1C=CC=CC1)CC,842.7753,867.4,-24.62469999999996
nist_13190508,N1(C)CCC(C)(C)CC1,945.1731,965.7,-20.52690000000007
nist_13205429,OC1=CC=CC(N)=C1,865.1948,898.8,-33.60519999999997
nist_13234433,N=1C=CC=CC1SC,893.2454,937.8,-44.55459999999994
nist_13257443,O=C(N)C(C)(C)C,861.8467,889.0,-27.153299999999945
nist_13302548,S(C=C)C,860.9513,858.2,2.751299999999901
nist_13450131,O=C(OC)C1=CC=C(OC)C(Cl)=C1,833.6508,858.4,-24.749199999999973
nist_13496787,O=CC(=C)C,790.9801,808.7,-17.719900000000052
nist_13566219,O=C(OC(C)C)C,822.3805,836.6,-14.219500000000039
nist_13963476,N(N(C)CC(C)(C)C)(C)CC(C)(C)C,958.7689,977.8,-19.031099999999924
nist_13983815,NC12CC3CC(CC(C3)C1)C2,941.6492,948.8,-7.150800000000004
nist_13989723,O=C1C=C(N2CCCCC2)CC(C)(C)C1,987.5363,1000.7,-13.163700000000063
nist_14023098,O=C1C=CCC(C)(C)C1,849.6885,869.8,-20.111499999999978
nist_14399349,O=C(OC)C1=CC=CC(=C1)C(F)(F)F,793.1129,826.6,-33.487100000000055
nist_14457330,S=C(C(C)(C)C)C(C)(C)C,885.3123,881.8,3.5123000000000957
nist_14533775,C1=CC(C)(C)CCN1C,922.2955,979.9,-57.60450000000003
nist_14571668,O=C(N(C)C)C(C)C,892.6969,923.7,-31.003100000000018
nist_14601194,O=P1(N(C)CCN1C)C,999.9277,947.5,52.42769999999996
nist_14705565,O=C(OC)C=1C=CC=CC1C,831.4034,858.3,-26.89659999999992
nist_14747122,CC(=O)OC=C,788.0815,813.9,-25.818499999999972
nist_14759854,O=C(C=1C=CN=CC1)C,877.4577,914.7,-37.2423
nist_14951776,N=CC=1C=CC=CC1,927.7363,911.9,15.836300000000051
nist_15000708,C=1C=CC(=CC1)P(C=2C=CC=CC2)C=3C=CC=CC3,1004.6597,972.8,31.85970000000009
nist_15170600,N1=C(C=CN1C)C(C)(C)C,905.2063,944.4,-39.19369999999992
nist_15274178,FC(F)(F)C1=NC=CC=C1,840.8491,887.1,-46.2509
nist_15380470,N=1C=CC(=CC1)CC,907.5461,951.1,-43.5539
nist_15496092,N#CC1=CC=C(C#N)C=C1,808.5341,779.0,29.534099999999967
nist_15786561,O=C(C)CC,811.0625,827.3,-16.237499999999955
nist_15830466,CC1=CC(=CC(=C1N(C)C)C)[N+](=O)[O-],885.8028,918.4,-32.59719999999993
nist_15848754,O=C(OC)C1=CC=C(SC)C(Cl)=C1,853.3209,856.3,-2.979099999999903
nist_15888782,CC1=C2C(=NC=N1)N=CN2,908.7795,939.2,-30.42050000000006
nist_16009726,N1=CC(=CN1)C,851.0299,906.8,-55.77009999999996
nist_16039891,O(CCCC)CCCC,810.124,845.7,-35.57600000000002
nist_16221798,N(=CN(C)C)CCN(C)C,992.483,1028.8,-36.31700000000001
nist_16277296,OCC1CCCCC1,769.5283,802.1,-32.57170000000008
nist_16344998,OCC=1C=CC=CC1,793.0539,778.3,14.753900000000044
nist_16446377,O(C)C1CCCCC1,798.96,840.5,-41.539999999999964
nist_16499812,N1=CC=2C=CC=CC2N1,852.8755,900.8,-47.924499999999966
nist_16661717,O1P2OC3CC1CC(O2)C3,868.1699,899.3,-31.13009999999997
nist_16684735,O=CC=1C=CC=C(Cl)C1,790.3052,813.0,-22.694799999999987
nist_16791598,O=C(F)C(F)(F)F,621.0976,668.6,-47.502399999999966
nist_16889132,O1CCOCC1,752.052,797.4,-45.347999999999956
nist_16945219,ClC(Cl)(Cl)CN(C)C,859.3112,912.8,-53.48879999999997
nist_16972158,O1CCOCCOCCOCC1,794.9038,927.2,-132.2962
nist_16974140,O=C(N)C=1C=CC=CC1,860.7504,892.1,-31.34960000000001
nist_17016062,O=P(N(C)C)(N(C)C)C,1001.5103,951.3,50.210300000000075
nist_17193270,N(N(C)CCCC)(C)CCCC,941.2942,975.9,-34.60579999999993
nist_17229880,O=C(O)C=C(C)C,835.2947,822.9,12.394700000000057
nist_17265757,O=C(N)C=1C=NC=CC1,872.404,918.3,-45.89599999999996
nist_17336374,O=C(OC)C=1C=CC=C(Cl)C1,806.3164,835.4,-29.083599999999933
nist_17371435,O=COC(C)C,793.2827,811.3,-18.017299999999977
nist_17506803,NC1CN2CCC1CC2,937.838,985.5,-47.662000000000035
nist_17528117,O=C(C)CC(=O)C,839.1921,873.5,-34.30790000000002
nist_17611470,O=C1N(C)CCCC1,894.9447,924.4,-29.455299999999966
nist_17623232,FC(F)(F)CCCN,878.0955,903.5,-25.404499999999985
nist_17865094,NC=1C(=CC=CC1C)C,900.2604,901.7,-1.4396000000000413
nist_18128953,N#CCN(C)C,860.6494,884.5,-23.850599999999986
nist_18300597,C=1C=CC(=CC1)N2CC2,891.3389,926.5,-35.16110000000003
nist_18367567,O=C(C)C1CCCCC1,838.4462,841.4,-2.953800000000001
nist_18387090,CN(C)[N+](=O)[O-],786.4413,828.3,-41.8587
nist_18407947,NCCCCC,917.7906,923.5,-5.70939999999996
nist_18447087,C=1C=CC2=C(C1)NCC2,903.8969,957.1,-53.20310000000006
nist_18486563,C=1C=CC(=C(C1)N(C)C)C,931.2331,951.8,-20.56689999999992
nist_18663405,N#CCC=1C=CC=CC1,832.8018,805.5,27.301799999999957
nist_18836456,CC\N=C\C,921.8599,941.9,-20.04009999999994
nist_18923402,O=C(N)C=1C=CC=C(F)C1,836.615,877.2,-40.585000000000036
nist_19129578,ClC1N2CCC(CC2)C1,898.2569,950.8,-52.54309999999998
nist_19140726,O=C(C1=CC=C(N)C=C1)C,892.6564,908.8,-16.143599999999992
nist_19159360,N(=C(N(C)C)C)C12CC3CC(CC(C3)C1)C2,1005.1201,1050.8,-45.679899999999975
nist_19296619,N1=CC=C(N)N1C,905.3553,949.5,-44.14469999999994
nist_19365016,N1=C(C=C(N1C)C(C)(C)C)C(C)(C)C,931.4379,970.8,-39.36209999999994
nist_19475562,O=S(C)C,915.4671,884.4,31.067099999999982
nist_19690416,O=C(N)C=1C=CC=C(OC)C1,855.7685,900.9,-45.13149999999996
nist_19745086,ClC=1N=C(OC)C=CC1,874.3386,909.9,-35.561399999999935
nist_20179800,OC1CC2CCCCC2CC1N,935.3083,947.0,-11.691699999999969
nist_20298063,N1=C2C=C(C=CN2C=C1C)C,969.7557,1000.5,-30.744299999999953
nist_20399592,FC(F)CN,859.4713,870.5,-11.028699999999958
nist_20480616,O=C(N)C=C,842.3402,870.7,-28.359800000000064
nist_20551334,C=1C=CC(=CC1)N(C)CC,923.7635,939.0,-15.236499999999978
nist_20715884,O=C(O)C(N)C(O)C,891.3991,922.5,-31.100900000000024
nist_20751193,N(C)(C)CC1CCCCC1,943.358,975.6,-32.242000000000075
nist_20753730,O=C(OC)C1=CC=C(F)C=C1,808.5013,841.3,-32.79869999999994
nist_20928646,S=C(N)N,887.5446,893.7,-6.1554000000001
nist_21092190,P(C)C,974.0349,912.0,62.03489999999999
nist_21153621,S(C(SC)=C)C,871.5636,931.1,-59.53640000000007
nist_21260066,NCCCCCCCCCC,911.546,930.4,-18.853999999999928
nist_21548768,O=C(C=1C(=CC=CC1C)C)C,846.5729,857.0,-10.427099999999996
nist_21554844,C1C[C@H](C[C@@H](C1)O)O,803.5591,828.6,-25.04090000000008
nist_21563025,CCCP(C)CCC,1014.6923,983.5,31.192300000000046
nist_21596804,CN(C)C1=CC=C(C=C1)[N+](=O)[O-],871.2923,896.7,-25.40770000000009
nist_21682838,O=C(OCC)C(F)(F)F,718.5782,758.8,-40.22179999999992
nist_21796541,O=COC,757.4969,782.5,-25.003100000000018
nist_21890240,O=C(OC)C1=CC=C(C(=C1)C)C,841.9281,868.5,-26.571900000000028
nist_21915333,O=C(OC)SCC,813.2672,833.9,-20.632799999999975
nist_22051866,FC1=CC=C(N)C=C1,858.3903,871.5,-13.109699999999975
nist_22065434,O=C(C1=CC=CC(=C1)C)N(C)C,912.7592,927.0,-14.240800000000036
nist_22087220,N=1C=CC=C2C=CC=CC12,914.6905,953.2,-38.5095
nist_22282438,O=C(OC)C1=CC=CC(=C1)S(=O)(=O)F,839.1888,806.1,33.08879999999999
nist_22467923,C1[C@@H]([C@H](O[C@H]1N2C=CC(=NC2=O)N)CO)O,930.9415,988.4,-57.45849999999996
nist_22476588,O=C(NC)NC,868.4079,903.3,-34.892099999999914
nist_22533986,O=P(C(C)C)(C(C)C)C(C)C,981.462,954.4,27.062000000000012
nist_22610150,N(C)(C)CCCCCCN(C)C,943.6602,1035.8,-92.13979999999992
nist_22641612,S1CCCCCCC1,893.0171,860.5,32.51710000000003
nist_22877676,O=C(C1=CC=CC(=C1)C(=O)C)C,829.8369,852.0,-22.163099999999986
nist_22937511,NCC(C)(C)C,925.637,928.3,-2.663000000000011
nist_22954549,O=C1CCCCCCCC1,837.3203,852.6,-15.279700000000048
nist_23098314,NCC1CCCCC1,926.7739,926.6,0.17390000000000327
nist_23100417,N=1C=CC=CC1CCCCCC,919.9283,963.6,-43.67169999999999
nist_23150781,ClC1=CN=CN1,892.642,868.5,24.142000000000053
nist_23193944,N1=COC=C1,857.649,876.4,-18.750999999999976
nist_23194711,CC1=CC(=C(C(=C1)C)[N+](=O)[O-])C,861.5519,823.8,37.75190000000009
nist_23239434,N1CCCCCC1,949.8612,956.7,-6.838799999999992
nist_23329284,N#CC1=CC=CC(=C1)[N+]([O-])=O,799.6908,781.4,18.29079999999999
nist_23353035,CN(C)C(=O)C=C,885.6625,904.3,-18.637499999999932
nist_23374176,O(C=1C=C(OC)C=C(OC)C1)C,763.2717,926.7,-163.42830000000004
nist_23449910,O=C(C=1C=CC=C(F)C1)C,815.453,845.7,-30.24700000000007
nist_23510828,O=C(OC)C1=CC=C(SC)C=C1,858.9075,864.3,-5.392499999999927
nist_23603053,N1(C)CCC1,926.7537,882.5,44.25369999999998
nist_23725441,N1=CNC(C)(C)C1,949.3983,988.1,-38.70170000000007
nist_23804470,C1CC2CCC1[C@@H]([C@H]2O)N,934.1075,933.1,1.0074999999999363
nist_24162320,O(C)CC,772.9291,808.6,-35.670900000000074
nist_24334192,O=C(OCC)CC(F)(F)F,762.578,797.3,-34.72199999999998
nist_24453013,CC(=C)C1=CC=C(C=C1)[N+](=O)[O-],802.3733,815.4,-13.026700000000005
nist_24467268,N#CCC,821.1521,794.1,27.052099999999996
nist_24542042,O=C(C=1C=CC=C(OC)C1)C,841.4585,871.2,-29.741500000000087
nist_24691960,N=1C(=CC=CC1CC)CC,935.8137,972.3,-36.486299999999915
nist_24707863,O=C1CC2C=CC1C2,789.218,845.3,-56.081999999999994
nist_24728069,O=C(OCC)NC,841.4216,888.8,-47.37839999999994
nist_24759659,C1=CC=C2C(=C1)C(=CN2)C[C@@H](C(=O)O)N,904.7524,948.9,-44.14760000000001
nist_24854403,O(C(C)CC)C(C)CC,851.0231,865.9,-14.876899999999978
nist_24882286,S=C(N)C,883.365,884.6,-1.2350000000000136
nist_24954230,O=C(C(C)C)C(C)(C)C,836.5692,856.9,-20.330799999999954
nist_24958631,O(C(OC)=C)C,742.7103,957.0,-214.28970000000004
nist_25018292,C=C(C)CN(CC(=C)C)CC(=C)C,955.8454,980.2,-24.354600000000005
nist_25035103,O=P(OC)OC,902.5764,894.8,7.776400000000081
nist_25078321,C/C=C/C(O)=O,812.6517,824.0,-11.348299999999995
nist_25137753,C=1C=C(C=CC1N(C)C)C,931.5893,950.0,-18.41070000000002
nist_25167270,FC1=CC=C(N=C(N(C)C)N(C)C)C=C1,963.4996,1030.0,-66.50040000000001
nist_25263627,O1CCOCCOCCOCCOCC1,899.501,943.8,-44.29899999999998
nist_25323329,N=1C=CC=C(C1)C2NCCC2,930.4886,964.0,-33.51139999999998
nist_25351010,O=C(OC)C1=CC=C(C=C1)S(=O)(=O)F,832.2378,802.6,29.63779999999997
nist_25435730,O=C(NC)C,860.0089,888.5,-28.49109999999996
nist_25476969,C1=CC(=CC=C1C[C@@H](C(=O)O)N)O,903.5239,926.0,-22.476099999999974
nist_25479775,C/C=C/C(=O)N(C)C,904.2855,930.3,-26.014499999999998
nist_25529697,O(C)CCN,915.3418,928.6,-13.258199999999988
nist_25538040,N1CCNCC1,900.9998,943.7,-42.700199999999995
nist_25548727,O1P2OCC(C)(C1)CO2,860.8952,882.8,-21.90479999999991
nist_25796022,CC1=CC(=CC(=C1N(C)C)C)C#N,902.2779,913.3,-11.02209999999991
nist_25834589,N(C)CC,919.2,942.2,-23.0
nist_25913689,N1CC1,877.1243,905.5,-28.37570000000005
nist_25929302,NCCCCCCN,985.8111,999.5,-13.68889999999999
nist_26070161,N#CN(C)C,842.9909,852.1,-9.109100000000012
nist_26162764,N(C(C)(C)C)C(C)(C)C,971.6203,987.9,-16.279699999999934
nist_26175873,N#CCN=CN(C)C,932.4484,948.0,-15.551600000000008
nist_26301538,O=C(N)C(C)C,849.5771,878.6,-29.02290000000005
nist_26355090,N=1C=CC=C(C1C)C,919.153,958.9,-39.74699999999996
nist_26397715,FC(F)(F)CO,654.6182,700.2,-45.581800000000044
nist_26436702,N(N(C)CCC)(C)C,942.3591,966.8,-24.440899999999942
nist_26641579,O=C(OCC)C=1C=NNC1,835.6632,880.7,-45.036800000000085
nist_26748419,N=1C=C(C=CC1C)C,920.7517,958.8,-38.04829999999993
nist_26761966,FC=1N=C(F)C(F)=C(F)C1F,777.226,764.9,12.326000000000022
nist_26768603,O=CC=1C=CN=CC1,869.5228,904.6,-35.07720000000006
nist_26877275,N12CCCN(CCC1)CCC2,923.0621,971.1,-48.037900000000036
nist_26910347,O=C(O)CNC,882.3883,921.2,-38.81170000000009
nist_26928538,O=NC=1C=CC=CC1,817.9635,854.3,-36.3365
nist_26938256,N=1C=CNC1,910.7621,942.8,-32.03789999999992
nist_26974784,O=C(OC)C=C(OC)C,883.7758,916.8,-33.02419999999995
nist_27070815,O=C1NC=C(C(=O)N1)C,830.7303,880.9,-50.16969999999992
nist_27141194,O=C1C=C(N(CC)CC)CC(C)(C)C1,976.3405,1001.2,-24.859500000000025
nist_27390811,N(CC)C(C)C,949.1268,960.0,-10.873199999999997
nist_27412045,NC1=CC=C(N)C=C1,915.3549,905.9,9.454900000000066
nist_27542296,N=1C=CC(SC)=CC1,911.7516,955.2,-43.44839999999999
nist_27549636,N1=C(C=C(C=2C=CC=CC2)N1C)C,913.0495,956.6,-43.550500000000056
nist_27566950,S=C1NCCN1,909.3433,921.9,-12.556699999999978
nist_27613454,N1NC1(C)CC,894.8552,903.8,-8.944799999999987
nist_27616187,O=C1OCCO1,760.3036,814.2,-53.896400000000085
nist_27675435,N#CC1=CC=CC(=C1)C(F)(F)F,809.6637,791.4,18.26369999999997
nist_27743047,ClCC1N(C)CCCC1,915.8294,965.0,-49.170600000000036
nist_27768215,C/C=C(/C)\C(=O)C,838.4196,866.4,-27.98040000000003
nist_27801636,O1C2C=CC1CC2,820.4939,837.1,-16.60609999999997
nist_27951484,N=1C=CC=CC1CC,912.645,952.4,-39.754999999999995
nist_28002988,S(CC)CC,873.839,856.7,17.13900000000001
nist_28303898,N#CC1=NC=CC=C1,848.9531,872.9,-23.946900000000028
nist_28494275,O=C1CC(=O)CCC1,784.3508,881.2,-96.8492
nist_28506371,O=P(N(C)C)(C)C,986.7832,935.5,51.283199999999965
nist_28568587,O=C(F)F,608.9978,666.7,-57.70220000000006
nist_28598132,C1=CC=C(C=C1)C[C@@H](C(=O)O)N,894.2818,922.9,-28.6182
nist_28606875,O=C(CCC)CCC,826.3513,845.0,-18.648699999999963
nist_28651053,N(C)(C)C,919.2685,948.9,-29.63149999999996
nist_28657934,NCC=1C=CC=CC1,918.2219,913.3,4.921900000000051
nist_28787468,S1CCC1,851.8888,834.8,17.088799999999992
nist_28932091,N=1C=CC=C(C1)C,901.56,943.4,-41.84000000000003
nist_29100742,O1P2OCC(O2)C1,826.8551,803.1,23.75509999999997
nist_29195995,C=1C=CC(=CC1)N2CCCCC2,921.1254,952.9,-31.774599999999964
nist_29212977,C1[C@@H]([C@H](O[C@H]1N2C=NC3=C2N=C(NC3=O)N)CO)O,967.0188,995.4,-28.38119999999992
nist_29229069,O=C(C1=CC(=CC=C1C)C)C,851.1907,873.5,-22.309300000000007
nist_29237375,CN1C(=CC=N1)[N+](=O)[O-],797.1063,850.3,-53.19369999999992
nist_29373002,O=C(C=C(C)C)C,856.6571,878.7,-22.04290000000003
nist_29508003,SC,830.8615,773.4,57.4615
nist_29564667,O=C1C2C=CC1CC2,772.4863,830.2,-57.71370000000002
nist_29713370,NC(C)CC,918.7702,929.7,-10.9298
nist_29796772,FC(F)(F)C=1C=CN=CC1,845.677,893.9,-48.222999999999956
nist_29851755,O(C=1C=CC=CC1N)C,909.772,905.2,4.572000000000003
nist_29901917,O=C=C,647.1821,825.3,-178.11789999999996
nist_30067635,C1=CC(=CC=C1C#N)[N+](=O)[O-],792.6259,775.7,16.925899999999956
nist_30150455,O(C)C(C)(C)C,829.7007,841.6,-11.89930000000004
nist_30251472,C=1C(=CC(=CC1C)C)N(C)C,933.7737,956.1,-22.32630000000006
nist_30357408,O=C(OC)C=1C=CC=C(OC)C1,824.7779,856.7,-31.9221
nist_30386149,C/C=C/C(N)=O,868.5942,887.1,-18.505800000000022
nist_30473983,OCC(C)(C)C,771.8306,795.5,-23.669399999999996
nist_30503598,BrC1=CC=CC(N)=C1,854.1315,873.2,-19.068500000000085
nist_30543014,O=C(N)C1=CC=CC(=C1)C,860.3613,900.9,-40.53869999999995
nist_30686619,O=C(N)C(=C)C,845.2485,880.4,-35.15149999999994
nist_30715297,N=1C=CC=CC1N(C)C,912.0002,968.2,-56.199800000000096
nist_31002428,O=C(OC)C1=CC=CC(=C1C)C,841.3704,863.6,-22.229600000000005
nist_31127504,N1=CC=CN1CCCC,881.004,928.8,-47.795999999999935
nist_31362586,N#CCCC,826.8512,798.4,28.45119999999997
nist_31395114,N(CC)(C(C)C)C(C)C,973.1965,994.3,-21.10349999999994
nist_31795026,C=C(N)C,869.3895,941.8,-72.41049999999996
nist_31828702,SCC,834.0121,789.6,44.41210000000001
nist_31875186,N(C)(CC)CC,945.3359,971.0,-25.664099999999962
nist_32204764,C1[C@@H]([C@H](O[C@H]1N2C=NC3=C(N=CN=C32)N)CO)O,961.2641,991.5,-30.235900000000015
nist_32205162,S=C(N(C)C)C,928.4419,925.3,3.141900000000078
nist_32260914,N(=C(N(C)C)C)CCC,992.0318,1030.3,-38.26819999999998
nist_32316335,N1=CNC(=C1)C,928.0194,952.8,-24.780599999999936
nist_32424759,O=C(N(C)C)N(C)C,892.2533,930.6,-38.346700000000055
nist_32481052,BrCCO,726.9561,766.1,-39.14390000000003
nist_32481438,N1=CC=C(C=2C=CC=CC2)N1C,891.3028,932.4,-41.09719999999993
nist_32505754,C[N+](=O)[O-],770.7191,754.6,16.119100000000003
nist_32519038,O=C(OC)C=1C=NC=CC1,872.9269,925.6,-52.67309999999998
nist_32571410,N(C)(C)CC(C)(C)C,950.9313,970.5,-19.568700000000035
nist_32579757,N[C@@H](CCC(N)=O)C(O)=O,934.1833,937.8,-3.6166999999999234
nist_32795873,C1=CN(C(=O)NC1=O)[C@H]2[C@@H]([C@@H]([C@H](O2)CO)O)O,853.1674,947.6,-94.43259999999998
nist_32878758,O=C(C(C)(C)C)C(C)(C)C,848.4779,861.3,-12.822099999999978
nist_32911202,N(=CN(C)C)CCC,986.56,1011.7,-25.1400000000001
nist_32933115,O=C(CC)CCC,823.53,843.2,-19.670000000000073
nist_32977862,N#CC12CCN(CC1)CC2,894.729,933.1,-38.37099999999998
nist_33035352,N1C(C)(C)CCCC1(C)C,968.8066,987.0,-18.193399999999997
nist_33095211,S=C=NC,849.7213,799.2,50.5213
nist_33130132,O=CCCCC,778.1348,796.6,-18.46519999999998
nist_33429568,O=C(OC)C1CCCCC1,817.5929,846.2,-28.60710000000006
nist_33469528,N(C)(C)C(C)(C)C(C)(C)C,967.6616,982.4,-14.738399999999956
nist_33484811,O=C(O)C1CCCCC1,803.7777,823.8,-20.022299999999973
nist_33538297,N(CC)(CC)CCC,967.648,978.8,-11.15199999999993
nist_33597444,N=1C=CC(=CC1)N(C)C,964.4767,997.6,-33.12329999999997
nist_33871428,O(C1=CC=CC(=C1)C(=C)C)C,758.3295,872.6,-114.27049999999997
nist_33911636,ClC1=CC=C(C=C1)N2CCCC2,910.7029,937.4,-26.697099999999978
nist_34103496,O=CN(C)C,862.4707,887.5,-25.029300000000035
nist_34261527,N#CC#C,802.7572,751.2,51.557199999999966
nist_34278538,N(C1=CC=C(OC)C=C1)=C(N(C)C)N(C)C,988.0392,1047.7,-59.660799999999995
nist_34323217,O=C(N)C=1C=CC=C(N)C1,863.0368,900.9,-37.863200000000006
nist_34327638,C=1C=CC(=CC1)P(C=2C=CC=CC2)C,1010.6058,972.1,38.50580000000002
nist_34465659,N12CCC(CC1)C(C)C2,935.2419,982.5,-47.25810000000001
nist_34654682,S(C(C)C)C(C)C,888.2527,876.4,11.852700000000027
nist_34884620,C=CCN,887.9403,909.5,-21.55970000000002
nist_34900528,COC(=O)C1=CC=NC=C1,874.1861,926.6,-52.41390000000001
nist_35039110,O=C(OCCCC)C(F)(F)F,723.5338,764.8,-41.26619999999991
nist_35279711,CC(=C)C1=CC=C(C=C1)N,882.1269,929.8,-47.67309999999998
nist_35407953,O=C(O)C1=CC=CC(=C1)C,810.6921,829.8,-19.107899999999972
nist_35475754,N1=COC=2C=CC=CC12,880.7025,891.6,-10.897500000000036
nist_35559914,NC1=CC=CC=2C=CC=CC12,886.149,907.0,-20.851
nist_35572118,N#CC(F)(F)C(F)(F)C(F)(F)F,727.063,693.2,33.86299999999994
nist_35733258,N(=C(N(C)C)CC)C(C)C,1007.8703,1037.0,-29.129699999999957
nist_35865762,O1C=C(C)CC1,768.0738,868.6,-100.52620000000002
nist_35876009,FC1=CC(C#C)=CC=C1OC,735.7235,871.9,-136.17650000000003
nist_36510705,N=1NC(=CC1C)C,884.7097,933.5,-48.7903
nist_36572823,O=P(C)(C)C,982.3381,909.7,72.63810000000001
nist_36631831,O=C(O)CNC(=O)CNC(=O)CNC(=O)CN,986.9457,973.8,13.145700000000033
nist_36654072,CN1C=NC=C1[N+](=O)[O-],864.2927,895.3,-31.007299999999987
nist_36759728,N#CC=1C=NC=CC1,846.6124,877.0,-30.38760000000002
nist_36795221,O=C(C=CC)C,848.9192,864.3,-15.380799999999908
nist_36823933,FC(F)(F)CN=CN(C)C,904.5858,966.2,-61.614200000000096
nist_36845317,OCCCCO,746.7284,915.6,-168.87160000000006
nist_36867178,N=1C=CC=CC1CCC,914.9916,955.7,-40.7084000000001
nist_36926460,N(C(C)CC)C(C)CC,960.8977,980.7,-19.80230000000006
nist_36985014,N(CCCC)(CCCC)CCCC,966.2971,998.5,-32.2029
nist_37250349,N(C1=CC=C(C=C1)C)=C(N(C)C)N(C)C,984.6613,1044.3,-59.63869999999997
nist_37272117,N=1C=CC2=C(C1)CCC2,917.3,962.4,-45.10000000000002
nist_37461235,OCCNCCO,948.008,953.0,-4.991999999999962
nist_37488182,O=NOCC,755.8577,818.9,-63.042299999999955
nist_37641067,S=P(OC)(OC)OC,911.2225,883.6,27.622499999999945
nist_37831599,O=C(O)C(Cl)(Cl)Cl,702.7038,770.0,-67.2962
nist_37839563,O=C(NO)C,827.062,854.0,-26.937999999999988
nist_37854273,O=C1C=CC=C(Cl)N1C,859.172,918.5,-59.327999999999975
nist_37914138,O=C(C)C(C)(C)C,823.4268,840.1,-16.673200000000065
nist_37988311,N#CCCCl,792.1046,773.1,19.004599999999982
nist_38089673,P(C)(C)C,1018.7889,958.8,59.98890000000006
nist_38281302,O=P(C=1C=CC=CC1)(C=2C=CC=CC2)C,986.8927,908.9,77.99270000000001
nist_38289072,NCCCCCCC,920.2662,923.2,-2.9338000000000193
nist_38643688,C1C[C@H]([C@H](C1)O)O,804.1477,885.6,-81.45230000000004
nist_38689061,S(C)CC,868.677,846.5,22.17700000000002
nist_38876516,N=1NC(=CC1C=2C=CC=CC2)C=3C=CC=CC3,894.3515,946.3,-51.94849999999997
nist_38915904,N#CC,812.7694,779.2,33.56939999999997
nist_38954524,O(C)CC=1C=CC=CC1,791.7756,816.7,-24.92439999999999
nist_39038540,N1=C(C=C(C=2C=CC=CC2)N1C)C=3C=CC=CC3,915.4472,958.9,-43.452800000000025
nist_39055336,N=1C=CSC1N,921.1462,930.6,-9.453800000000001
nist_39088692,S=C,819.9093,759.7,60.209299999999985
nist_39202322,O(C)C1NCCCC1,948.7006,969.9,-21.19939999999997
nist_39229641,C=1C=CC(=CC1)NC,897.076,916.6,-19.524
nist_39273643,N1(N(C)C2CCC1C2)C,952.8069,978.0,-25.19309999999996
nist_39290346,NCCN,927.2355,951.6,-24.36450000000002
nist_39318989,N=1C=CN(C1C)C,950.2893,984.7,-34.41070000000002
nist_39399941,S=C=C,804.9134,826.2,-21.28660000000002
nist_39604331,CC1=CC=C(C=C1)[N+](=O)[O-],835.2906,815.2,20.090599999999995
nist_39675267,O=C(C=1C=NC=CC1)C,877.8839,916.2,-38.316100000000006
nist_39769055,OCC,753.682,776.4,-22.71799999999996
nist_39779296,FC(F)(F)COC,677.7842,747.6,-69.81579999999997
nist_39795150,O=C(O)C=1C=CC=CC1C,820.4488,838.8,-18.35119999999995
nist_40065354,CN(C)C(=O)C1=CC=C(C=C1)[N+](=O)[O-],863.6417,900.9,-37.25829999999996
nist_40107124,O=C(C)C,802.3618,812.0,-9.638199999999983
nist_40160939,CCCN(CCC)C1=CC=CC=C1,937.1954,963.0,-25.80460000000005
nist_40306149,C=C1CN2CCC1CC2,924.8577,977.2,-52.34230000000002
nist_40331045,S=C1C=CNC(=S)N1,881.5243,911.4,-29.875699999999938
nist_40380478,N=1C(=CC=CC1C(C)C)C(C)C,943.3945,979.0,-35.605500000000006
nist_40460862,C=1C=C(C(=C(C1)C)N(C)C)C,934.4215,954.1,-19.678499999999985
nist_40483606,N#CCCN=CN(C)C,945.4013,980.8,-35.39869999999996
nist_40538236,O=C(OCC)C1=CC(=NN1C)C,876.3037,924.9,-48.59629999999993
nist_40554243,N=1C(=CC=CC1C)C,926.8183,963.0,-36.18169999999998
nist_40560142,N1(N2CCCCC2)CCCCC1,943.2575,981.2,-37.942499999999995
nist_41055618,O=C1C(=O)CCCC1,778.1151,849.6,-71.48490000000004
nist_41090921,FC(F)(F)OC,630.3952,719.2,-88.8048
nist_41113891,N1=CC=C(N1C)C,883.6032,934.3,-50.69679999999994
nist_41159227,N1(C)CCCC1,939.0673,965.6,-26.532699999999977
nist_41160678,O=CNCCC,849.5966,878.4,-28.80340000000001
nist_41349770,O=C(C=1C=C(C=C(C1)C)C)C,850.067,876.0,-25.932999999999993
nist_41356600,N1=C(N)C=CN1C,904.757,937.4,-32.64300000000003
nist_41373469,N(C(C)C)C(C)C,945.0085,971.9,-26.89149999999995
nist_41422401,O=S(=O)(O)C(F)(F)F,751.6046,699.4,52.20460000000003
nist_41584570,O(CC)C(C)(C)C,844.3208,856.0,-11.679200000000037
nist_41602631,S(C=1C=CC=CC1)C,878.2878,872.6,5.687799999999925
nist_41603986,O1P2OCC(O2)(C)C1,838.1399,823.9,14.239900000000034
nist_41702434,O=C1CCC(=O)CC1,778.5848,812.5,-33.91520000000003
nist_41808530,O=C(OC)C=1C=C(C=C(C1)C)C,836.3608,864.3,-27.939199999999914
nist_41869547,FC=1C=NNC1,809.201,863.0,-53.79899999999998
nist_42042831,O=C1C=C(OC)CC(C)(C)C1,885.9512,922.6,-36.64880000000005
nist_42070158,O=C(OC)OCC,787.7395,842.7,-54.960500000000025
nist_42174852,O=C1CC2CCC1(C)C2(C)C,822.6672,859.2,-36.532800000000066
nist_42316028,N1=CC=CC=2C=CNC12,902.8897,940.2,-37.3103000000001
nist_42347590,O=COCC,773.6949,799.4,-25.705100000000016
nist_42431513,S=C(NC)NC,924.3715,926.0,-1.628500000000031
nist_42645812,N12CCC(C)(CC1)CC2,934.0015,979.4,-45.39850000000001
nist_42769062,CNC1=CC=C(C=C1)[N+](=O)[O-],890.6729,891.6,-0.9270999999999958
nist_42817358,O(C=1C=CC=CC1)C,749.0534,839.6,-90.54660000000001
nist_43041016,O=C1C=CC(=C)C=C1,864.9434,923.8,-58.85659999999996
nist_43180739,O=C(C1=CC=C(SC)C=C1)C,864.727,888.2,-23.47300000000007
nist_43221995,O=C(NCCCC)C(F)(F)F,788.4095,850.3,-61.890499999999975
nist_43312839,FC(F)(F)C1=CC(=CC(=C1)C(F)(F)F)N(C)C,854.5893,884.9,-30.310699999999997
nist_43602342,C=1C=C(C=C(C1)C)N(C)C,926.4519,942.1,-15.6481
nist_43641519,N(=C(N(C)C)C)C(C)(C)C,998.7793,1038.3,-39.52069999999992
nist_43679717,N12CCN(CC1)CC2,905.5022,963.4,-57.89779999999996
nist_43721826,O(C)CC(C)(C)C,795.2884,825.8,-30.51159999999993
nist_43728677,O=C(OC)C1=CC=C(O)C=C1,833.2131,863.4,-30.186899999999923
nist_43843389,O=C(C=1C=NC=CC1)N(CC)CC,898.8711,940.9,-42.02890000000002
nist_43905459,C=C(C)CN,909.8698,917.5,-7.630199999999945
nist_43913359,O=C(N1CCCC1)C,891.1346,925.4,-34.2654
nist_43947806,O=C1OCCC1,780.1332,840.0,-59.86680000000001
nist_44002468,N=1C=CC2=C(C1)CCCC2,922.4515,966.6,-44.14850000000001
nist_44141112,OCC(C)C,771.8386,793.7,-21.861400000000003
nist_44192251,O1CCOCCOCCOCCOCCOCC1,774.28,967.0,-192.72000000000003
nist_44227846,N1=CN(C=2C=CC=CC12)C,946.3716,967.0,-20.628400000000056
nist_44409379,N12CCCC(CCC1)CCC2,936.9397,978.7,-41.76030000000003
nist_44502495,O=C(C=1C=CC=C(N)C1)N(C)C,901.2691,944.4,-43.1309
nist_44529428,N=C,867.5545,852.9,14.654499999999985
nist_44591186,S=C(OC)SC,867.072,862.6,4.47199999999998
nist_44773830,S=C(OC)N(C)C,902.1115,900.0,2.111499999999978
nist_44827848,O=COCC(F)(F)F,708.7201,745.5,-36.7799
nist_44832708,C1=CC(=CC=C1N)[N+](=O)[O-],874.9267,866.0,8.926699999999983
nist_44841860,N#CC1=CC=CC(N)=C1,846.3092,842.3,4.009200000000078
nist_45058522,N(CC(C)C)CC(C)C,959.3089,958.1,1.2088999999999714
nist_45088457,N=1NC(=C(C1C)C)C,893.8954,949.3,-55.40459999999996
nist_45107977,N=1C=CC(N)=CC1,936.0449,979.7,-43.65510000000006
nist_45268563,O=C(OCCC)C(F)(F)F,722.6493,763.9,-41.25069999999994
nist_45333681,O=C(OCC)C1=NN(C(=C1)C(=O)OCC)C,853.5249,913.4,-59.875099999999975
nist_45497673,O(N)C,857.1906,844.8,12.390600000000063
nist_45509053,C#CCOCC#C,783.3723,783.9,-0.5276999999999816
nist_45560487,N=1C=CC2=C(C1)CC2,906.6366,957.5,-50.863399999999956
nist_45610322,N(C)(C)C(C)C,938.1979,970.6,-32.40210000000002
nist_45624990,BrC=1C=CN=CC1,873.9713,917.8,-43.82869999999991
nist_45633666,N=1C=CC(=CC1)C(C)C,910.8539,955.7,-44.84610000000009
nist_45690095,N(=CN(C)C)C12CC3CC(CC(C3)C1)C2,1008.2986,1033.5,-25.201400000000035
nist_45748257,O=C(OC)C=1C=C(C(=C(C1)C)C)C,848.1768,875.5,-27.323200000000043
nist_45773775,N(=C(N(C)C)C)CCCCC,993.8852,1034.5,-40.614799999999946
nist_45913335,FC(F)(F)CN,831.5421,846.8,-15.25789999999995
nist_46101930,N#CSC,827.4148,796.7,30.71479999999997
nist_46197319,N(CCC)CCC,944.2758,962.3,-18.02419999999995
nist_46220433,O=CCCC,780.902,792.7,-11.798000000000002
nist_46329921,SCCCC,841.1403,801.7,39.44029999999998
nist_46332915,FC=1C=CN=CC1,865.9923,913.1,-47.10770000000002
nist_46398848,C(=C(N(C)C)CC)C,934.3581,991.8,-57.44189999999992
nist_46422135,C=1C=C(C=CC1N2CCCC2)C,941.4859,910.2,31.28589999999997
nist_46429855,C(=CC)N(C)C,916.4532,967.0,-50.54679999999996
nist_46814920,O(C)CCCC,778.4977,820.3,-41.802299999999946
nist_46816886,O=C(OC)C1=CC=CC(=C1)C,829.6115,857.7,-28.088500000000067
nist_46818135,N(N(C)CCC)(C)CCC,927.0068,971.9,-44.89319999999998
nist_46945904,FC(F)(F)C=1C=CC=C(C1)N(C)C,886.2017,908.3,-22.098299999999995
nist_47052064,O=C(NOC)C,855.5687,879.0,-23.431299999999965
nist_47071608,O=C(SC)C(F)(F)F,757.1406,765.2,-8.059400000000096
nist_47116388,O=C(OC)C1=CC=C(C=C1)C,836.0675,861.5,-25.432500000000005
nist_47287698,N(P(N(C)C)N(C)C)(C)C,976.4588,930.1,46.358799999999974
nist_47310924,CC1=C(C=C(C=C1)C(=O)C)C,858.4277,882.8,-24.372299999999996
nist_47323398,N(C)(C)C12CCN(CC1)CC2,939.97,983.9,-43.92999999999995
nist_47413031,O=S(=O)(O)C,844.2567,761.3,82.95670000000007
nist_47570755,CO[N+](=O)[O-],793.4404,733.6,59.84039999999993
nist_47636449,O=C(C1=CC=C(C=C1)C(C)(C)C)C,858.4455,882.5,-24.054499999999962
nist_47676640,N(C)(C)C(C)CC,946.2316,975.9,-29.66840000000002
nist_47729731,FCCO,725.6906,715.6,10.090599999999995
nist_48022260,O=C=N,748.0954,753.0,-4.904599999999959
nist_48293108,ClC1CN2CCC1CC2,903.89,954.3,-50.40999999999997
nist_48322586,N#CC(=O)OCC,783.9356,745.7,38.23559999999998
nist_48448851,C(=C(C)C)N(C)C,945.8652,967.0,-21.13480000000004
nist_48569661,O=C(O)C=1C=CC=CC1,803.2756,821.1,-17.82439999999997
nist_48813107,O1C2CCC1CC2,827.9292,844.2,-16.27080000000001
nist_49251626,C=1C=CC2=C(C1)N3CCC2CC3,934.9015,979.8,-44.8984999999999
nist_49397188,O=C(OCCC)C,810.0378,836.6,-26.562200000000075
nist_49490612,O=C(OC)N(C)C,845.3835,878.3,-32.91649999999993
nist_49730683,N(=C(N(C)C)N(C)C)C,982.5817,1047.7,-65.11830000000009
nist_50016945,O=C(OC)C=1C=CC=C(SC)C1,870.4179,853.4,17.017900000000054
nist_50077675,O=C(O)C1=CC=C(N)C=C1,851.0436,864.7,-13.656400000000076
nist_50107394,O1CC=CC1,771.4096,823.4,-51.99040000000002
nist_50141587,N12CCC(CC1)CC2C,946.8762,986.9,-40.02379999999994
nist_50238139,O=C(NC(C(=O)OC)C)C,870.3288,938.6,-68.27120000000002
nist_50355236,CC\C=C\C(O)=O,812.3072,823.6,-11.292800000000057
nist_50454566,N#CCCOCC,844.8933,807.2,37.69329999999991
nist_50543292,S=C1CC2CCC1(C)C2(C)C,878.1729,883.9,-5.72709999999995
nist_50556642,N(=C(N(C)C)C)CCCN(C)C,989.9448,1077.5,-87.55520000000001
nist_50599703,O(C)CC1CCCCC1,789.3049,833.5,-44.195100000000025
nist_50687721,NC1=CC=CC(N)=C1,886.3617,929.9,-43.538299999999936
nist_50789346,N1=NNC=C1,838.8435,879.3,-40.456500000000005
nist_50968522,O=C(C1=CC=C(OC)C=C1)N(C)C,922.3312,948.3,-25.968799999999987
nist_51034392,N#CC(=C=O)C,840.807,798.0,42.807000000000016
nist_51312159,O=C1CC2(C)CCC1(C)C2(C)C,828.9598,863.3,-34.34019999999998
nist_51415502,N(=C(N(C)C)C)CC,992.1377,1029.1,-36.962299999999914
nist_51439623,CN(C)N(C)C,930.7809,948.7,-17.91910000000007
nist_51457103,ClC1=CC(C#C)=CC=C1OC,741.7682,871.9,-130.1318
nist_51504303,ClC12CCN(CC1)CC2,897.7578,949.4,-51.6422
nist_51546393,O=P(CN(C)C)(CN(C)C)CN(C)C,1008.6607,997.7,10.960699999999974
nist_51599675,O=C(C=1C=NC=CC1)C=2C=CC=CC2,887.5922,934.1,-46.507799999999975
nist_51650524,O=P(CCC)(CCC)CCC,992.5857,948.2,44.38569999999993
nist_51685700,N=1C=CN2C1C=CC=C2C,949.7829,987.4,-37.61709999999994
nist_51734067,O=C(OC)C1=CC=C(C=C1)S(=O)(=O)C,897.0626,827.7,69.36259999999993
nist_51793512,N(=C(N(C)C)CC)CCCCC,993.5716,1037.9,-44.3284000000001
nist_51852541,FC(F)(F)N(C)C,803.3215,803.0,0.32150000000001455
nist_51941319,O1CCCC1(C)C,833.8125,847.7,-13.887500000000045
nist_51972409,N=1NC=CC1C,864.2463,906.0,-41.75369999999998
nist_52138866,O=C(OCC)C1=NNC(=C1)C=2C=CC=CC2,865.1161,899.7,-34.583900000000085
nist_52172823,N#CC1=CC=C(C=C1)N(C)C,900.605,889.1,11.504999999999995
nist_52230704,O=C(C)C(Cl)(Cl)Cl,721.185,768.3,-47.11500000000001
nist_52290330,N(C=1C=CC=CC1)=C(N(C)C)N(C)C,976.6429,1038.4,-61.75710000000004
nist_52452875,ClC1=CC(C#C)=CC=C1SC,871.4114,868.6,2.811399999999935
nist_52498473,S(CCCC)CCCC,886.0838,871.8,14.283800000000042
nist_52647113,O=C(C=1C=CC=C(F)C1)N(C)C,890.6416,927.9,-37.25839999999994
nist_52674700,O=C(C1=CC=C(C=C1)N(C)C)C,916.6413,932.8,-16.158699999999953
nist_52716431,N=1N=CC=CC1,845.5042,907.2,-61.69580000000008
nist_52798915,N1(N(C)CCC1)C,933.9311,959.3,-25.36889999999994
nist_52882401,N(=CN(C)C)N(C)C,963.1976,995.8,-32.60239999999999
nist_52954786,N1=CNC(=C1)CCN,928.1776,999.8,-71.62239999999997
nist_52978076,N#CC1=CC=CC(=C1)C(=O)OC,829.1057,817.4,11.705699999999979
nist_53017557,O=C(C1=CC=C(C=C1)C(F)(F)F)C,796.4194,836.9,-40.48059999999998
nist_53113568,O=C1N=C(N)NC=2N=CNC12,923.4652,959.5,-36.03480000000002
nist_53405452,O=C(O)C(=C)C,791.3092,816.7,-25.390800000000013
nist_53413176,O=C(OC)C(=C)C,805.3042,831.4,-26.09579999999994
nist_53421280,O(C)CCOCCOCCOCCOC,878.8105,953.8,-74.98949999999991
nist_53472744,S(C(C)(C)C)C(C)(C)C,908.6842,893.8,14.884200000000078
nist_53507987,N#CC1=CC=CC(=C1)S(=O)(=O)C,885.1285,799.5,85.62850000000003
nist_53517417,O=C(N)C1=CC=C(C=C1)C,872.7377,900.9,-28.16229999999996
nist_53574112,N1(N(C)C2CCC1CC2)C,938.5756,980.7,-42.12440000000004
nist_53630252,CC/C=C/C(C)=O,850.9528,865.6,-14.647199999999998
nist_53737107,O=C(N)C1=CC=C(N)C=C1,895.4065,927.9,-32.493499999999926
nist_53758038,C1C[C@@H]2C[C@H]1C[C@H]2N,918.867,935.3,-16.432999999999993
nist_53779066,OC(C)C,793.8264,793.0,0.8264000000000351
nist_53793738,O=C(OCCF)C(F)(F)F,716.6308,735.7,-19.069200000000023
nist_53799734,O=C(OC)C1=CC=C(C=C1)C(C)(C)C,841.9049,867.1,-25.195100000000025
nist_54022480,CC(=C)C1=CC(=CC=C1)[N+](=O)[O-],797.6877,812.2,-14.512300000000096
nist_54064886,N=C(N)N,941.1416,986.3,-45.158399999999915
nist_54189755,S=P(C=1C=CC=CC1)(C=2C=CC=CC2)C=3C=CC=CC3,948.6295,906.2,42.42949999999996
nist_54714978,O=C(C1=CC=C(Cl)C=C1)C,825.6803,856.6,-30.919700000000034
nist_54753736,N#CCNC,857.2337,863.8,-6.566299999999956
nist_54852876,N1=C(C=CN1C)C=2C=CC=CC2,896.4528,932.6,-36.1472
nist_54921021,N=1NC(=CC1CC)C=2C=CC=CC2,892.8384,935.6,-42.761600000000044
nist_55024544,C=C(C1=CC=C(C=C1)N(C)C)C,926.2672,964.6,-38.33280000000002
nist_55060975,N=1C(=CC=CC1C(C)(C)C)C(C)(C)C,956.0764,982.9,-26.823599999999942
nist_55375375,N(C)CCNC,924.1209,989.2,-65.07910000000004
nist_55387108,O=C(OC)C1=CC=C(N)C=C1,866.6054,883.9,-17.294599999999946
nist_55389457,C#CCN,883.5957,887.4,-3.804300000000012
nist_55397154,O=CNO,807.3864,834.7,-27.313600000000065
nist_55501429,O=C(NCC)C,868.2898,898.0,-29.710199999999986
nist_55620107,N(N(C)CCCC)(C)C,937.8065,970.5,-32.69349999999997
nist_55718775,O=C(OC)OC,777.995,830.2,-52.20500000000004
nist_55946580,N1=CNC(=C1)CCN(C)C,984.6285,1022.0,-37.37149999999997
nist_55960931,O=C1N=CNC=2N=CNC12,903.1746,912.3,-9.1253999999999
nist_56275731,N12CCC(CC1)CC2,931.0956,983.3,-52.204399999999964
nist_56338176,FC(F)(F)C1=CC=C(C=C1)N(C)C,873.9811,903.2,-29.218900000000076
nist_56494720,O=P(OCC)(OCC)OCC,939.3531,909.3,30.053100000000086
nist_56499387,O(C1=CC=C(N)C=C1)C,898.5473,900.3,-1.7527000000000044
nist_56509973,O=C(O)C(N)CS,855.3378,903.2,-47.86220000000003
nist_56522158,O=C(O)C1CCCC1,798.3334,817.4,-19.066599999999994
nist_56528781,N=1C=CC=C2C1CC2,908.1009,953.9,-45.79909999999995
nist_56709658,N1=C2N(CCC1)CCC2,981.9566,1038.3,-56.343399999999974
nist_56730458,O=C(OC)C1=CC=C(C=C1)N(C)C,892.7569,920.6,-27.84310000000005
nist_56783721,O(C)CCOCCOC,880.8988,918.8,-37.9011999999999
nist_56892510,C=1C=CC(=CC1)N2CCCC2,927.8193,941.6,-13.780700000000024
nist_56897068,C1=CC(=CC=C1C(=O)N)[N+](=O)[O-],809.5466,845.3,-35.75339999999994
nist_56986590,ClC1=NC=CC=C1,864.4167,900.9,-36.483299999999986
nist_57171445,O=C(N)C1=CC=C(C=C1)C(F)(F)F,827.3162,862.8,-35.483799999999974
nist_57174104,COC(=O)C1=CC(=CC=C1)[N+](=O)[O-],783.4689,815.7,-32.23110000000008
nist_57202872,SC(C)C,847.2064,803.6,43.60640000000001
nist_57245361,O=C(OC)C1CC1,807.5156,842.1,-34.58440000000007
nist_57329903,O=C(O)CCC(N)C(=O)O,922.5485,913.0,9.54849999999999
nist_57414669,N1=C2NC(C)(C)CCC2(C)CCC1(C)C,1015.046,1039.3,-24.253999999999905
nist_57431887,S=C(SC)C,878.6928,860.7,17.99279999999999
nist_57452454,O=C(C(F)(F)F)C(F)(F)F,589.6787,670.4,-80.72129999999993
nist_57457871,O=C(C1=CC=C(OC)C=C1)C,866.9891,895.6,-28.610900000000015
nist_57625629,O(P1OCCO1)C,870.8105,895.1,-24.289499999999975
nist_57687912,O=C(C1=CC=C2OCCC2=C1)C,868.5364,902.6,-34.063600000000065
nist_57711020,N1=CC=CN1,838.2921,894.1,-55.80790000000002
nist_57750955,O=C(C(F)F)C(F)F,671.7739,698.8,-27.02609999999993
nist_57803602,O=C1C=C(OC(=C1)C)C,904.5427,941.5,-36.95730000000003
nist_58043369,N=1C=CC=C2C1CCC2,917.3265,957.5,-40.17349999999999
nist_58072093,N1=C2C=CC=C(N2C(=C1C)C)C,977.2982,1005.5,-28.20180000000005
nist_58146088,O=C(C1=CC=C(SC)C(Cl)=C1)C,865.1021,880.4,-15.297900000000027
nist_58267565,CC(C)C1=CC=CC=N1,916.7562,956.4,-39.64379999999994
nist_58319748,O=C1CCC1,767.6619,802.5,-34.838100000000054
nist_58335242,O(C)CCCCOC,778.5625,931.5,-152.9375
nist_58403541,NCC,907.5204,912.0,-4.479600000000005
nist_58472874,N1=C2NCCCN2CCC1,999.6109,1054.6,-54.989099999999894
nist_58481649,SCC(C)C,843.7074,802.6,41.107399999999984
nist_58692665,O1COCCC1,789.1163,825.4,-36.28369999999995
nist_58813186,CC(C)(C)N=C(N(C)C)N(C)C,987.85,1061.8,-73.94999999999993
nist_58818437,C=CCNCC=C,930.1417,949.3,-19.15829999999994
nist_58819961,N(=C(N(C)C)N(C)C)C(C)C,978.3721,1055.6,-77.22789999999986
nist_58971127,NC,889.6718,899.0,-9.328200000000038
nist_59069353,O=C(O)C(N)CC1=CN=CN1,930.6444,988.0,-57.35559999999998
nist_59086567,OCCO,772.8917,815.9,-43.00829999999996
nist_59284251,O=CC1=CC=C(C=C1)N(C)C,908.8984,924.8,-15.901599999999917
nist_59445593,C1CC=C2NCCCN2C1,931.5416,1046.4,-114.85840000000007
nist_59445869,N(=CN(C)C)CC=C,958.9369,1004.8,-45.86309999999992
nist_59535148,N1=CC=CN1CN2N=CC=C2,874.6089,924.7,-50.0911000000001
nist_59712455,NCCCN(C)C,968.7045,1025.0,-56.29549999999995
nist_59755284,NC1CCCCC1,920.2229,934.4,-14.177099999999996
nist_59821821,O=C(C(C)C)C(C)C,824.3286,850.3,-25.971399999999903
nist_59884392,N=CC=C,904.1731,912.1,-7.926900000000046
nist_59938497,N#CC1=CC=CC(=C1)CCl,830.814,811.2,19.61399999999992
nist_59949795,FC(F)CO,705.8516,727.4,-21.548400000000015
nist_59996020,O=C(O)CC,783.661,797.2,-13.539000000000101
nist_59996113,N1=NC2=CC=CC=C2C=C1,869.9723,936.3,-66.32769999999994
nist_60004719,N=C(N)C,952.6461,970.7,-18.0539
nist_60009880,O=NC(F)(F)F,657.1557,703.3,-46.14429999999993
nist_60074184,N#CC1=CC=C(C=C1)C(=O)OC,822.0475,816.6,5.447499999999991
nist_60106166,OCCCO,837.1585,876.2,-39.04150000000004
nist_60257387,O1C=COCC1,736.193,823.5,-87.30700000000002
nist_60369762,O=P(CC)(CC)CC,982.7373,936.6,46.13729999999998
nist_60467126,O(C(C)(C)C)C(C)(C)C,870.7249,887.4,-16.67509999999993
nist_60517184,OC,721.8599,754.3,-32.440099999999916
nist_60624755,O=CC(F)(F)F,644.0374,685.5,-41.46259999999995
nist_61230786,N1=C2N(CC)CCCN2CCC1,1012.8857,1068.2,-55.3143
nist_61235052,P1CC1,870.0187,802.5,67.51869999999997
nist_61250379,O=C(O)C(N)C,874.2212,901.6,-27.37880000000007
nist_61287326,N1CCC1,916.7521,943.4,-26.647899999999936
nist_61452575,C1=C[N+](=CC=C1[N+](=O)[O-])[O-],776.6562,868.0,-91.34379999999999
nist_61651544,N1=CC(=CN1)C=2C=CC=CC2,851.3987,906.0,-54.60130000000004
nist_61691278,O=C(O)C=1C=CC=CC1N,860.0127,901.5,-41.487300000000005
nist_61768026,O=C,721.4928,712.9,8.592800000000011
nist_61861413,NCCC=1C=CC=CC1,901.8311,936.2,-34.36890000000005
nist_61864907,CC[C@H](C)[C@H](N)C(O)=O,886.5497,917.4,-30.850299999999947
nist_61907745,O(CCC)CCC,803.7489,837.9,-34.15109999999993
nist_62056149,O=C(C1=CC=C(O)C=C1)C,852.2173,883.7,-31.482700000000023
nist_62056933,N=C(C)C,926.2509,932.3,-6.049099999999953
nist_62149732,N#CC=1C=CC=CC1,836.4443,811.5,24.9443
nist_62208966,N(=C(N(C)C)C)C(C)C,1000.1941,1031.6,-31.40589999999986
nist_62443404,O=C(C1=CC=C(C=C1)C)C,854.3133,875.5,-21.186699999999973
nist_62454036,O=C1C=C(N(C)C)CC(C)(C)C1,969.3446,983.8,-14.45539999999994
nist_62690951,O=C(O)C1CC1,783.4617,821.4,-37.93830000000003
nist_62917729,N=1C=CC=C(C1)N(C)C,939.5427,969.6,-30.057300000000055
nist_63107623,NCCCCCCCC,921.0916,928.9,-7.808400000000006
nist_63222613,O(C)C1C2CC3CC(C2)CC1C3,826.9407,860.2,-33.25930000000005
nist_63366846,NCCCCCCCN,895.1316,998.5,-103.36839999999995
nist_63391401,O(C1=CC=C(C=C1)N2CCCC2)C,950.4167,961.2,-10.783300000000054
nist_63512504,O=C1C=CC=CN1C,880.5931,925.8,-45.206899999999905
nist_63648761,O=C(NC)CC,867.5756,920.4,-52.82439999999997
nist_63730191,C#CC1=CC=C(SC)C=C1,879.2373,886.6,-7.362700000000018
nist_64249680,C=1C=C2C=CC=C(C2=C(C1)NC)N(C)C,962.4078,984.3,-21.892200000000003
nist_64300971,O=C(C)C12CC3CC(CC(C3)C1)C2,835.7986,864.9,-29.101400000000012
nist_64442260,CC(=O)C1=C[N+](=CC=C1)[O-],792.4574,913.1,-120.64260000000002
nist_64470809,C#CC1=CC=C(N)C=C1,869.6968,912.7,-43.00319999999999
nist_64477572,N1=CC=CN1C23CC4CC(CC(C4)C2)C3,905.7324,954.5,-48.767600000000016
nist_64669018,O=C(C=1C=CC=C(OC)C1)N(C)C,913.8494,927.0,-13.150600000000054
nist_64741216,N(=C(N(C)C)C)CCCCCC,989.554,1033.3,-43.74599999999998
nist_64756711,N#CC1=CC=C(C=C1)S(=O)(=O)C,883.9708,798.7,85.27080000000001
nist_65210752,O=C(C1=CC=CC(=C1)C)C,844.4117,868.2,-23.78830000000005
nist_65313578,N1(C)CC(C)CC(C)C1,944.3518,978.1,-33.7482
nist_65527309,N(CC)(CC)CC,950.2456,981.8,-31.554399999999987
nist_65583361,C1=C(NN=C1)[N+](=O)[O-],769.2272,820.8,-51.572799999999916
nist_65643365,N1=NN(C=2C=CC=CC12)C,886.9127,931.2,-44.28730000000007
nist_65655118,[C-]#[N+]O,650.2972,758.0,-107.70280000000002
nist_65754839,N=1C=NC=CC1,848.1248,885.8,-37.675199999999904
nist_65873493,S(C1=CC=C(C=C1)C(=C)C)C,888.2885,946.2,-57.911500000000046
nist_65915006,FC(F)(F)C(O)(C)C(F)(F)F,649.6396,691.2,-41.56040000000007
nist_66013332,OC1C(N)C2CCCC2C3CCCC13,986.1575,928.0,58.15750000000003
nist_66117436,CC(C)C[C@@H](C(=O)O)N,897.4323,914.6,-17.167699999999968
nist_66209958,N=1C=CC=C(OC)C1,901.8421,942.7,-40.857900000000086
nist_66286704,O=C(O)C1=CC=C(C=C1)C,818.2969,836.7,-18.403099999999995
nist_66340583,N(=CN(C)C)C(C)(C)CC,999.2274,1022.0,-22.77260000000001
nist_66365421,N=1C=C(N(C1)C)C,946.6247,977.6,-30.97530000000006
nist_66435064,N=1NC(=C(C1C(C)(C)C)C)C(C)(C)C,917.1281,967.5,-50.37189999999998
nist_66502088,CN(C)\C=C\C#N,918.9502,896.8,22.15020000000004
nist_66507605,OC(C)(C)C,833.6634,802.6,31.0634
nist_66604799,N#CC1N2CCC(CC2)C1,889.1594,926.4,-37.24059999999997
nist_66653298,ClC1=NC=CC(=C1)C,881.8139,921.2,-39.386100000000056
nist_66753441,O(C)CCC,778.1888,814.9,-36.71119999999996
nist_66766126,N1=C(C=CN1C)C,890.4735,933.9,-43.42650000000003
nist_66875800,S1CCCC1,871.2306,849.1,22.13059999999996
nist_66896775,O=C(OC)C1=CC=C(Cl)C=C1,809.204,842.1,-32.89600000000007
nist_66943898,C1C[C@H](C[C@H](C1)O)O,862.6213,882.2,-19.578700000000026
nist_67169490,NC=1C=CC=CC1,872.8563,882.5,-9.643699999999967
nist_67505553,O=C(C)CCC,812.0984,832.7,-20.601600000000076
nist_67715422,O=CC1=CC=C(OC)C=C1,852.7231,881.1,-28.376899999999978
nist_67754258,O(C(C)C)C(C)(C)C,858.8145,870.7,-11.885500000000093
nist_67793707,N=C(N(C)C)N(C)C,985.6016,1031.6,-45.99839999999995
nist_67884918,OC=1C=NC=CC1,888.7833,929.5,-40.716699999999946
nist_67917449,O=C1CC2(CC)CCC1(C)C2(C)C,837.0647,865.1,-28.035300000000007
nist_68310362,O=CC,763.3145,768.5,-5.185500000000047
nist_68468519,N1=C2C=CC=CC2=CN1C,896.5331,941.4,-44.86689999999999
nist_68678242,C=1C=CC(=CC1)N(C=2C=CC=CC2)C=3C=CC=CC3,902.374,908.9,-6.525999999999954
nist_69044174,O1CCCCCC1,811.9893,834.2,-22.210700000000088
nist_69419639,N#CC1CC1,821.7886,808.2,13.588599999999929
nist_69511256,O=C(C)C(C)C,814.297,836.3,-22.00299999999993
nist_69561033,N#CCCN,860.0571,866.4,-6.342899999999986
nist_69565169,O=C(N(C)C)CC(C)(C)C,899.3918,927.7,-28.308200000000056
nist_69701264,N(C)(C)CCC(C)(C)C,941.4242,973.0,-31.57579999999996
nist_69757975,C1=CN(C(=O)N=C1N)[C@H]2[C@@H]([C@@H]([C@H](O2)CO)O)O,938.1343,982.5,-44.36569999999995
nist_69812396,N=1C=CC(=CC1)C=2C=CC=CC2,910.849,939.7,-28.851
nist_69863370,O=C(C)CC=1C=CC=CC1,837.4526,842.6,-5.1474000000000615
nist_69873933,OCCC,771.2843,786.5,-15.21569999999997
nist_70067459,O=C(OC)C1=CC=C(C=C1)C(F)(F)F,787.2208,827.5,-40.279199999999946
nist_70080348,O=C(O)CN,856.0188,886.5,-30.481199999999944
nist_70221980,N=1C=CC=2C=CC=CC2C1,909.7001,951.7,-41.999900000000025
nist_70429599,O=C1CCC(C)CC1,816.563,844.9,-28.33699999999999
nist_70460348,O=C(NC)CCl,828.9152,845.8,-16.884799999999927
nist_70494540,O=P(C=1C=CC=CC1)(C=2C=CC=CC2)C(C)C,984.9239,908.9,76.02390000000003
nist_70548512,O=C(OC)C=1C(=CC(=CC1C)C)C,851.2433,866.3,-15.056699999999978
nist_70646670,C=CN(C)C,891.0379,956.8,-65.76209999999992
nist_70700377,C1=CC=C(C=C1)[N+](=O)[O-],787.7953,800.3,-12.504699999999957
nist_70773076,O=C(C(=C)C)N(C)C,884.7862,911.5,-26.713799999999992
nist_70908279,O1CCCC1,787.6587,822.1,-34.44130000000007
nist_71079873,FC(F)(F)CNCC(F)(F)F,794.8941,838.1,-43.20590000000004
nist_71247262,C1=C[N+](=CC=C1C#N)[O-],824.6458,873.4,-48.75419999999997
nist_71251271,O=C1C=C(Cl)CC(C)(C)C1,836.1222,867.9,-31.777799999999957
nist_71258481,O=C(C1=CC=C(Cl)C=C1)N(C)C,879.8781,927.9,-48.02189999999996
nist_71336265,O=C(OC)C=1C=CC=CC1,822.2594,850.5,-28.240599999999972
nist_71355630,ClCCO,721.3321,766.1,-44.767900000000054
nist_71367297,C1=CN=CC=C1[N+](=O)[O-],831.1426,874.3,-43.15739999999994
nist_71413106,O=C1C2CCC1CC2,791.7457,832.1,-40.35429999999997
nist_71459690,N1(CCCCC1)CC(C)C,971.8809,974.5,-2.619100000000003
nist_71526198,NNC,861.1274,898.8,-37.67259999999999
nist_71552108,O(C)CCCCCOC,776.1331,931.3,-155.16689999999994
nist_71609912,N=1C=CC(OC)=CC1,913.9278,961.7,-47.7722
nist_71644349,ClC=1C=CN=CC1,870.1434,916.1,-45.95659999999998
nist_71655748,N=1C=CN=CC1,840.1053,877.1,-36.994699999999966
nist_71740274,O=CC=C(C)C,843.7433,856.9,-13.1567
nist_71751185,O(C1=CC=CC(=C1)N(C)C)C,919.7827,920.6,-0.8173000000000457
nist_71799610,O=CN,810.448,822.2,-11.752000000000066
nist_71813559,O(C=C)C,735.7661,859.2,-123.4339
nist_71966022,S(C1=CC=C(C=C1)C(=C)C(C)(C)C)C,892.8908,894.8,-1.9091999999999416
nist_72019058,N#CCCCC,829.5793,802.4,27.179300000000012
nist_72057150,CN(C)C(=O)C1=CC(=CC=C1)[N+](=O)[O-],869.8408,900.9,-31.059200000000033
nist_72059023,N(=CN(C)C)CCCCCC,968.0546,1017.4,-49.34539999999993
nist_72189567,N#CC=1C=CN=CC1,851.6343,880.6,-28.96569999999997
nist_72468975,O=C(OC)C=1C=C(C(=C(C1)C)N(C)C)C,917.0666,945.4,-28.333399999999983
nist_72477210,O=C(OC)CNC(=O)C,874.5932,892.0,-17.406799999999976
nist_72513597,O=C(Cl)C(F)(F)F,634.4342,681.6,-47.16579999999999
nist_72731146,O=C1CCCC1,798.8651,823.7,-24.83490000000006
nist_72732954,O=C(N(C)C)CCC,884.5934,921.7,-37.10660000000007
nist_72737097,O=C(C1=CC=C(F)C=C1)N(C)C,880.3502,927.9,-47.549800000000005
nist_72843861,O(C1=CC=C(C=C1)C(=C)C)C,757.9015,911.1,-153.19849999999997
nist_72861983,NC(C)C,915.5046,923.8,-8.295399999999972
nist_73033780,O=C=CC,677.4816,834.1,-156.61840000000007
nist_73089694,O(C1=CC=C(C=C1)N(C)C)C,940.4169,949.1,-8.683099999999968
nist_73126347,N=1C=CC(=CC1C)C,924.4889,962.9,-38.41110000000003
nist_73135646,O=C(N(C)C)C(F)F,830.5153,864.1,-33.5847
nist_73139248,FC(F)(F)CSCC,831.793,797.6,34.192999999999984
nist_73196366,S=C(OC)C,851.0003,846.0,5.000300000000038
nist_73250725,O=C(C)CC(O)(C)C,860.2194,822.9,37.31939999999997
nist_73253580,C1=NC(=C2C(=N1)N(C=N2)[C@H]3[C@@H]([C@@H]([C@H](O3)CO)O)O)N,962.4595,989.3,-26.840499999999906
nist_73313470,O=C(CCCC)CCCC,833.0261,853.7,-20.673900000000003
nist_73362651,S(C)C1CCCCC1,864.7109,864.5,0.21090000000003783
nist_73410882,O=C(C1=CC=C(OC)C(Cl)=C1)C,852.389,883.7,-31.311000000000035
nist_73574547,O=P(C=1C=CC=CC1)(C=2C=CC=CC2)C=3C=CC=CC3,980.6241,906.2,74.42409999999995
nist_73650291,O1C=CCCC1,749.3235,865.8,-116.47649999999999
nist_73751642,O=C(C1=CC=CC(=C1)C(F)(F)F)C,805.0043,835.6,-30.59570000000008
nist_73806986,C1=C(C=NN1)[N+](=O)[O-],786.9987,822.2,-35.20130000000006
nist_73827644,NC(C)(C)CC,934.9417,937.8,-2.8582999999999856
nist_74126587,N#CCN,825.994,824.9,1.094000000000051
nist_74397230,O(C=C)CC,756.788,870.1,-113.31200000000001
nist_74566908,O=P(C=1C=CC=CC1)(C=2C=CC=CC2)C(C)(C)C,985.9013,908.9,77.00130000000001
nist_74647773,CN1C=CC(=N1)[N+](=O)[O-],830.1112,847.6,-17.48879999999997
nist_74667357,FC1=CC=C(C=C1)N(C)C,904.1639,924.8,-20.636099999999942
nist_74694959,FC(F)(F)C=1C=CC=C(N)C1,838.5178,856.9,-18.38220000000001
nist_74696497,O=C(OC)C1=CC=C(C=C1C)C,846.5214,868.2,-21.678600000000074
nist_74780065,ClC(Cl)(Cl)CO,675.9445,729.3,-53.355500000000006
nist_74822722,N(C)C,907.1794,929.5,-22.320600000000013
nist_75016164,N(=CN(C)C)C1=CC=C(C=C1)C,979.1157,988.6,-9.484300000000076
nist_75212999,N(=CCCC)CC,922.7402,955.5,-32.75980000000004
nist_75222609,O=C(O)CC(N)C(=O)O,892.0559,908.9,-16.844100000000026
nist_75228200,O1C=CCC1,748.5672,866.9,-118.33280000000002
nist_75465264,C#CCNCC#C,899.9566,910.0,-10.04340000000002
nist_75474817,N(C)(C)CC,929.0973,960.1,-31.002700000000004
nist_75497792,SCC1CCCCC1,837.8254,813.6,24.225399999999922
nist_75552763,O=C(OCC)C1=NN(C(=C1)C)C,882.1417,933.4,-51.25829999999996
nist_75562084,S=CN(C)C,913.16,906.4,6.759999999999991
nist_75575267,C=1C=C(C=C(C1)C)N(CC)CC,945.1174,964.1,-18.982600000000048
nist_75732176,N1=C2N(CCC1)CCCN2C(C)C,1014.6889,1071.6,-56.91109999999992
nist_75797611,N1=CN(C=C1C)C,951.6096,976.7,-25.090400000000045
nist_75903900,OCCN,910.2618,930.3,-20.03819999999996
nist_75907129,O=C(C(=C)C)C,817.6395,843.1,-25.460500000000025
nist_76013038,OCCCN,940.8077,962.5,-21.692300000000046
nist_76090548,C#CC=1C=CN=CC1,896.6427,930.1,-33.45730000000003
nist_76213651,O=C1CC2CCC1C2,802.9646,847.4,-44.43539999999996
nist_76248409,O=C1CCCCCCC1,831.9527,849.4,-17.447299999999927
nist_76266323,N=1C=CC(=CC1)C(C)(C)C,915.5756,957.7,-42.12440000000004
nist_76342692,O=C(O)C(N)CO,893.1833,914.6,-21.41669999999999
nist_76409487,O(P1OC(C)CC(O1)C)C,896.0408,949.1,-53.05920000000003
nist_76447776,N#CC1CCCCC1,822.708,815.0,7.70799999999997
nist_76581184,N(N(CC)CC)(CC)CC,945.7302,964.3,-18.569799999999987
nist_76603938,C(=C(N(C)C)C)C,924.0587,1005.4,-81.34129999999993
nist_76950184,NC1=CC=CC=2C=CC=C(N)C12,917.9716,944.5,-26.528400000000033
nist_76979014,ClC1=CC=C(C=C1)N(C)C,901.0663,922.9,-21.83370000000002
nist_77126152,N1(N2CCCC2)CCCC1,958.5092,979.7,-21.19080000000008
nist_77186714,CC(=O)C1=CC=C(C=C1)[N+](=O)[O-],783.9693,824.3,-40.33069999999998
nist_77469894,O=CC1=CC=C(Cl)C=C1,803.1803,831.3,-28.119699999999966
nist_77480748,O=C(N)CC,842.2676,876.2,-33.93240000000003
nist_77488444,C/C=C(/C)C(O)=O,816.3498,822.5,-6.150200000000041
nist_77567801,CC/C=C/C=O,834.188,839.0,-4.812000000000012
nist_77572073,O=CC=C,793.653,797.0,-3.34699999999998
nist_77630009,N#CC(=O)OC,771.4122,745.7,25.71219999999994
nist_77881653,O=C(C1=CC=CC(=C1)C(F)(F)F)N(C)C,880.551,907.1,-26.548999999999978
nist_78060246,N=1C=CC=CC1C,908.1602,949.1,-40.93979999999999
nist_78090683,N(CCCC)CCCC,947.7248,968.5,-20.77520000000004
nist_78117339,N#CC=C,817.9462,784.7,33.24619999999993
nist_78205311,ClC1=CC=C(N=C(N(C)C)N(C)C)C=C1,961.9866,1027.9,-65.91340000000014
nist_78234175,O=P(N(C)C)(N(C)C)N(C)C,997.4121,958.6,38.81209999999999
nist_78295119,O=C(N(C)C)C12CC3CC(CC(C3)C1)C2,911.3138,949.4,-38.08619999999996
nist_78296687,ClC1=NC=NC=2N=CNC12,880.567,873.6,6.9669999999999845
nist_78451118,S1CCCCC1,896.1848,855.8,40.38480000000004
nist_78470277,OCCC(O)CO,862.4853,905.9,-43.414699999999925
nist_78711532,OCCCCCCN,981.2323,969.0,12.23230000000001
nist_78829182,CN1CCC[C@H]1c2cccnc2,930.0122,963.4,-33.38779999999997
nist_78964640,OC=1C=CC=CC1,725.3901,817.3,-91.9099
nist_78970700,O=C(OCC)C1=NNC(=C1)C(=O)OCC,834.0025,881.6,-47.59749999999997
nist_78992368,COC(=O)\C=C\C,821.8371,851.3,-29.46289999999999
nist_79348755,N12CCCCN(CCCC1)CCCC2,986.5459,947.1,39.44589999999994
nist_79397311,N1=C2N(C)CCCN2CCC1,1006.6512,1062.7,-56.04880000000003
nist_79584522,N=1C=CC(=CC1)C,905.369,947.2,-41.83100000000002
nist_79608425,O1CCC1,781.6983,801.3,-19.601699999999937
nist_79723683,C=CN,854.138,898.9,-44.761999999999944
nist_79753160,O(C)CCOC,803.2742,858.0,-54.72580000000005
nist_79811619,O=C(C)C1CC1,816.5876,854.9,-38.312400000000025
nist_79889109,FC(F)(F)CN(C)C,855.346,902.7,-47.35400000000004
nist_80045212,N(=CN(C)C)CC=1C=CC=CC1,981.6516,1014.1,-32.44839999999999
nist_80057899,C\C=C(/C)C=O,825.8827,843.9,-18.017299999999977
nist_80075866,C=1C=CC(=C(C1)N(C)C)C(C)(C)C,943.1631,961.0,-17.836900000000014
nist_80120975,O=C(Cl)OCC,731.3401,764.8,-33.45989999999995
nist_80183436,N(CC(C)(C)C)C(C)(C)C,974.04,991.4,-17.360000000000014
nist_80229781,N(=C(N(C)C)C)CCOC,995.8735,1036.2,-40.32650000000001
nist_80404833,OCCCC,759.9146,789.2,-29.285400000000095
nist_80461731,O=CC(Cl)(Cl)Cl,686.4478,722.3,-35.852199999999925
nist_80611700,N1(C)C(CCCC1C(C)(C)C)C(C)(C)C,1000.7809,1011.1,-10.319100000000049
nist_80613287,N1=CC(N)=CN1,872.5361,907.6,-35.06389999999999
nist_80744478,N=1C=C(C=C(C1)C)C,914.2896,955.4,-41.11040000000003
nist_80933345,ClC1=CC(=CC=C1OC)C(=C)C(C)(C)C,757.0057,883.0,-125.99429999999995
nist_81060752,N#CN1CCCCC1,857.4414,876.7,-19.2586
nist_81108276,N1C(CCCC1C(C)(C)C)C(C)(C)C,1007.1863,992.5,14.68629999999996
nist_81126635,NCCCCCC,918.3439,927.5,-9.156100000000038
nist_81276356,N1=CC=NC2=CC=CC=C12,873.0274,903.8,-30.77260000000001
nist_81318994,N(=C(N(C)C)C)CCN(C)C,1008.6065,1048.5,-39.89350000000002
nist_81398916,N=1C=CC=CC1C(C)(C)C,925.3098,961.7,-36.39020000000005
nist_81534479,N1=C(C=C(N1C)C)C=2C=CC=CC2,911.881,954.3,-42.41899999999998
nist_81584935,S=C(C1CC1)C2CC2,865.2926,904.3,-39.00739999999996
nist_81660135,C#CCN(CC#C)CC#C,911.5893,925.2,-13.610700000000065
nist_81808169,O=C(OC)C=1C(=C(C=C(C1C)C)C)C,842.696,865.2,-22.50400000000002
nist_82041080,O=C(N)C12CC3CC(CC(C3)C1)C2,867.1625,912.8,-45.63749999999993
nist_82122137,C1=CC(=CC=C1C=O)[N+](=O)[O-],771.2128,795.1,-23.887200000000007
nist_82199208,N=1C2=CC=CC=C2N=C3C=CC=CC13,908.7751,938.4,-29.624900000000025
nist_82303087,C1=CC(=C[N+](=C1)[O-])C#N,799.2344,879.6,-80.36559999999997
nist_82395421,N1(C)CC1,888.3429,934.8,-46.45709999999997
nist_82455891,FC(F)(F)C(O)C(F)(F)F,608.4259,686.6,-78.17410000000007
nist_82490365,O=C1C=C(N)CC(C)(C)C1,927.6906,946.9,-19.20939999999996
nist_82762830,N1=C2N(CCC1)CCCCC2,996.1586,1047.9,-51.74140000000011
nist_82831749,N1=CNCCC1,949.8849,1002.0,-52.115099999999984
nist_82884258,NN(C)C,893.5287,927.1,-33.571300000000065
nist_82920242,N1=C(C=C(N1C)C)C,908.4459,949.3,-40.8540999999999
nist_82923257,N(=C(N(CC)CC)C)CCC,1009.99,1037.9,-27.910000000000082
nist_82938045,N#CC1CCNCC1,902.3872,912.3,-9.912799999999947
nist_82954434,O=C(C=1C=CC=C(Cl)C1)C,817.514,846.9,-29.385999999999967
nist_82963291,N12N(CCC1)CCC2,927.1329,978.0,-50.86710000000005
nist_82965047,S=C(C12CC3CC(CC(C3)C1)C2)C45CC6CC(CC(C6)C4)C5,900.4584,912.1,-11.64160000000004
nist_83081062,CN(C)C1=CC(=CC=C1)[N+](=O)[O-],871.4699,894.1,-22.63009999999997
nist_83106764,NC1CC2CCC1C2,915.4132,935.3,-19.886799999999994
nist_83159173,BrC1=CC=C(N=CN(C)C)C=C1,939.6207,981.3,-41.6792999999999
nist_83181777,NC1=CC=C(C=C1)N(C)C,955.372,955.0,0.37199999999995725
nist_83272671,O=C=CC#N,835.058,784.0,51.05799999999999
nist_83387160,ClC1=CC=C(C=C1)N(CC)CC,910.8517,931.0,-20.14829999999995
nist_83417721,O=S(=O)(C=1C=CC=CC1)C,911.1828,812.7,98.4828
nist_83466689,N(=C(C1=CC=C(C=C1)C)N(C)C)C,1014.2067,1037.9,-23.693300000000136
nist_83472162,C(C[C@@H](C(=O)O)N)CNC(=N)N,930.8156,1051.0,-120.18439999999998
nist_83571437,N=1C=CN2C=CC=CC12,938.2587,972.1,-33.84130000000005
nist_83718058,NC(C)(C)C,932.6159,934.1,-1.4841000000000122
nist_83886981,N=1NC=CC1C(C)(C)C,878.927,922.8,-43.872999999999934
nist_84007634,O=CC1=CC=C(F)C=C1,802.4458,827.1,-24.65420000000006
nist_84097835,[N-]=[N+]=NC,766.4184,833.0,-66.58159999999998
nist_84256660,FC=1C=C(C(=C(C1)C)N(C)C)C,918.6497,943.2,-24.550299999999993
nist_84476945,C1=NC2=C(N1[C@H]3[C@@H]([C@@H]([C@H](O3)CO)O)O)N=C(NC2=O)N,949.6893,993.4,-43.710699999999974
nist_84482159,N(C)(C)CCN(C)C,934.6882,1012.8,-78.1117999999999
nist_84571944,N(=C(N(C)C)C)C,979.038,1023.2,-44.162000000000035
nist_84575883,O=CC1=CC=C(C=C1)C(F)(F)F,774.4169,805.6,-31.183099999999968
nist_84743362,N=1C=CC(C=C)=CC1,906.4583,944.1,-37.641700000000014
nist_84761129,N#CC1=CC=C(C=C1)CCl,832.5211,812.8,19.721100000000092
nist_84838589,N#CC1=CC=C(N=CN(C)C)C=C1,937.5446,952.2,-14.6554000000001
nist_84862435,N=1C=CSC1C,911.0763,930.6,-19.523700000000076
nist_85138385,N1=C2C=CC=CN2C(=C1C)C,968.2043,998.2,-29.995700000000056
nist_85207811,N=1NC=CC1C=2C=CC=CC2,868.5403,914.2,-45.65970000000004
nist_85328337,O(C(=C)C)C,759.4054,894.9,-135.4946
nist_85397002,C(=C(C)C)N1CCCCC1,962.166,978.2,-16.033999999999992
nist_85477464,O=CNC,836.0056,851.3,-15.294399999999996
nist_85902541,O(CC)CC,794.8635,828.4,-33.53649999999993
nist_85977687,N(=CN(C)C)C(C)CC,997.108,1018.1,-20.992000000000075
nist_86027788,N#CN=CN(C)C,909.1201,889.7,19.420099999999934
nist_86072558,N=1C=CN(C1)C,931.5776,959.6,-28.02240000000006
nist_86112430,N(C)C(C)C,939.0045,952.4,-13.39549999999997
nist_86123228,O1C2CCCCC12,818.4712,848.1,-29.62880000000007
nist_86201120,C(CCN)C[C@@H](C(=O)O)N,987.7622,996.0,-8.237799999999993
nist_86237782,C=1C=CC(=CC1)N(CC)CC,930.5378,959.8,-29.262200000000007
nist_86322619,O=C(C1=CC=CC(=C1)N(C)C)C,901.7656,928.0,-26.23440000000005
nist_86492821,O=C1N(C)CC1,874.4804,882.2,-7.719600000000014
nist_86544462,N1=CN=C(N)C=2NC=NC12,939.066,942.8,-3.7339999999999236
nist_86619061,N(=CN(C)C)CCCC,989.0001,1013.0,-23.999900000000025
nist_86767712,O=C(OC)C(C)(C)C,814.6168,845.2,-30.583200000000033
nist_86827320,O1CC1C,768.844,803.3,-34.455999999999904
nist_86895699,NC1=CC=C(C=C1)C,887.5759,896.7,-9.124099999999999
nist_86912557,N=1C=CC=CC1COC,915.1914,958.3,-43.10859999999991
nist_87000699,N=1C=CC=C(SC)C1,900.0786,936.5,-36.42139999999995
nist_87056718,N=1C=CC(=C(C1)C)C,916.7953,957.3,-40.50469999999996
nist_87080802,O=C(C1=CC=C(C=C1)C)N(C)C,916.3214,927.0,-10.67859999999996
nist_87121924,N1=C2C=CC=CN2C=C1C,956.6662,990.9,-34.233799999999974
nist_87304609,N#CC(Cl)(Cl)Cl,745.78,723.2,22.579999999999927
nist_87337129,O=C1N=CC=CN1,883.4285,872.7,10.72849999999994
nist_87545266,N#CC1=CC=CC(C#N)=C1,811.3064,779.3,32.0064000000001
nist_87656350,O(C)CCCOC,773.9228,897.2,-123.2772
nist_87718690,N(=CN(C)C)CCCN(C)C,996.232,1057.7,-61.468000000000075
nist_87810996,O(CC=C)CC,806.5404,833.7,-27.15960000000007
nist_87843584,[N-]=[N+]=NC=1C=CC=CC1,785.4794,820.0,-34.520599999999945
nist_87879580,C=1C=CC(=CC1)CN(C)C,943.0162,968.4,-25.38379999999995
nist_87988676,O=C(OCC)C1=NNC(=C1)C,857.2998,902.6,-45.30020000000002
nist_88214618,N=1C=2C=CC=CC2C=C3C=CC=CC13,945.4869,972.6,-27.11310000000003
nist_88224779,N(C)(C)C(C)(C)CC,960.0226,982.5,-22.47739999999999
nist_88257564,N#CC(=O)N(C)C,804.7455,829.0,-24.254500000000007
nist_88338362,N=1C=CC(=CC1C(C)(C)C)C(C)(C)C,948.4162,983.8,-35.38379999999995
nist_88410350,O1CC1,735.1542,774.2,-39.0458000000001
nist_88411565,O=C1N=CC=C(N)N1,925.3993,949.9,-24.500699999999938
nist_88483682,O=C(OC)C=1C(=CC=CC1C)C,841.1613,855.3,-14.138699999999972
nist_88509907,N(C)(C)C1CCCCC1,952.5141,983.6,-31.085900000000038
nist_88513716,S=P(N(C)C)(N(C)C)N(C)C,963.5711,942.0,21.5711
nist_88552785,NC1=CC=CC(=C1)C,880.9683,895.8,-14.831699999999955
nist_88562104,FC(F)(F)C1CCNCC1,914.5003,925.1,-10.599699999999984
nist_88600761,N(N(C)C(C)(C)C)(C)C,944.5501,968.8,-24.24989999999991
nist_88603395,N#CC1=CC=C(C=C1)C(F)(F)F,803.7716,787.2,16.57159999999999
nist_88808618,O=C1C=C(N2CCCC2)CC(C)(C)C1,979.1825,1001.2,-22.01750000000004
nist_88994122,N#CC1=CC=C(C=C1)C(=O)C,824.6576,826.8,-2.1423999999999523
nist_89144580,N1=CNC=2C=CC=CC12,927.6036,953.8,-26.196399999999926
nist_89245095,ClC1=CC=CC(N)=C1,850.3082,868.1,-17.791799999999967
nist_89344068,N(C)(C)CC(C)C,941.6052,968.7,-27.094800000000077
nist_89395321,SCCC,843.0396,794.9,48.13959999999997
nist_89424885,O=CC1=CC=C(C=C1)C(=O)OC,802.8334,832.9,-30.066599999999994
nist_89431405,SCC(C)(C)C,849.2735,809.5,39.77350000000001
nist_89613571,O=C1C=CC(=O)C=C1,776.6482,799.1,-22.45180000000005
nist_89724337,NCCCN,906.8805,987.0,-80.11950000000002
nist_89741864,NCCC,915.5034,917.8,-2.2965999999998985
nist_90103179,FC(F)(F)CCN,862.3923,887.2,-24.807700000000068
nist_90122910,O=C=NC,773.1716,764.4,8.771600000000035
nist_90291368,N=1C=CC=C(C1)CC,903.9949,947.4,-43.40509999999995
nist_90491714,N12CCCCC(CCCC1)CCCC2,1042.1303,897.0,145.13030000000003
nist_90689952,N1=C(C(=C(N1C)C(C)(C)C)C)C(C)(C)C,937.93,979.6,-41.67000000000007
nist_90780110,N1CC1C,901.8538,925.1,-23.246200000000044
nist_90792840,O=C(O)CCl,743.3523,765.4,-22.047699999999963
nist_90841322,N=1NC=C(C1C)C,874.5571,927.3,-52.74289999999996
nist_90892210,O=C(N)C1=CC=C(OC)C=C1,880.7421,900.3,-19.557899999999904
nist_91035289,C=CCN(C)C,936.5713,957.8,-21.228700000000003
nist_91203737,O=C(O)C(F)(F)F,669.0026,711.7,-42.697400000000016
nist_91241069,FCCN,884.2852,892.0,-7.714799999999968
nist_91268001,[N-]=[N+]=NCC,781.9899,878.0,-96.01009999999997
nist_91319477,N#CC1CN2CCC1CC2,894.3238,935.4,-41.07619999999997
nist_91386008,N1(C)CCCCC1,952.7718,971.1,-18.328200000000038
nist_91466481,OCCOC,787.1626,768.8,18.362600000000043
nist_91538000,N(=C(C=1C=CC=CC1)N(C)C)C,989.5575,1033.3,-43.74249999999995
nist_91585454,O=C(OC)C(F)(F)F,701.9842,740.5,-38.51580000000001
nist_91631626,N=1C=CC=CC1N,909.0342,947.2,-38.16579999999999
nist_91674593,N#CC(C)(C)C,839.4484,810.9,28.548400000000015
nist_91722981,CC1=CN(C(=O)NC1=O)[C@H]2C[C@@H]([C@H](O2)CO)O,885.9084,948.3,-62.391599999999926
nist_91771440,N#CC(=O)C,790.2837,746.9,43.383699999999976
nist_91806801,O=C(OC)C1=CC=CC(=C1)N(C)C,910.4433,930.2,-19.756700000000023
nist_91821934,N=1C=CC=C2C1CCCC2,933.1211,966.0,-32.878900000000044
nist_92051179,N=1NC=CC1N,882.3157,921.5,-39.18430000000001
nist_92182737,O=C(N(C)C)C(F)(F)F,799.2091,849.0,-49.790899999999965
nist_92321253,C#CC1=CC=C(OC)C=C1,746.5574,886.4,-139.84259999999995
nist_92433578,N#CC(F)(F)C(F)(F)F,721.487,692.0,29.486999999999966
nist_92466492,O=C(F)OCC,710.1301,757.0,-46.86990000000003
nist_92511409,N(=CN(C)C)C1CC1,975.4271,1006.2,-30.77290000000005
nist_92531283,O=C1CN2CCC1CC2,890.8536,936.0,-45.14639999999997
nist_92577466,O=C(CC)CC,823.0798,836.8,-13.720199999999977
nist_92586897,N1CCCCC1,907.725,954.0,-46.27499999999998
nist_92769601,O=C(C)C(F)(F)F,694.5589,723.9,-29.341099999999983
nist_92826352,FC(F)(F)COCC(F)(F)F,619.6433,702.3,-82.6567
nist_92967857,O(P(OC)OC)C,876.8817,929.7,-52.81830000000002
nist_93242485,O=C(O)C(N)CC(=O)N,916.6421,929.0,-12.357899999999972
nist_93363990,N=1C=CC=CC1,888.1519,930.0,-41.848100000000045
nist_93453551,C=1C=CC(=CC1)P(C)C,1016.5431,969.2,47.343099999999936
nist_93470140,S(C1=CC=CC(N)=C1)C,887.4484,902.1,-14.65160000000003
nist_93554490,O=CC1=CC=CC(=C1)C,823.191,840.0,-16.80899999999997
nist_93654688,O=C(SC)C,819.942,829.0,-9.057999999999993
nist_93681672,O=C1C=CNC(=O)N1,822.4539,872.7,-50.24610000000007
nist_93844994,O=C(O)CNC(=O)CNC(=O)CN,909.7635,966.8,-57.03649999999993
nist_93875324,O=C(C=1C=CC=C(Cl)C1)N(C)C,892.1891,927.9,-35.710899999999924
nist_93886020,O=C(O)C1CCC1,793.9685,817.4,-23.431500000000028
nist_94118197,O(C)C,742.7917,792.0,-49.20830000000001
nist_94121651,O1CCCCC1,810.4693,822.8,-12.330699999999979
nist_94165039,FC=1C=NC=CC1,862.3265,902.0,-39.67349999999999
nist_94360203,S=C(N(C)C)N(C)C,941.972,947.6,-5.628000000000043
nist_94441191,O=C(N)C=1C=CC=C(Cl)C1,838.3418,877.2,-38.85820000000001
nist_94451450,O=C(O)C=1C=CC=C(N)C1,854.2213,864.7,-10.478700000000003
nist_94501756,S1CC1,819.8413,807.4,12.44130000000007
nist_94513551,SC(C)(C)C,855.76,816.4,39.360000000000014
nist_94688233,N#CC12CC3CC(CC(C3)C1)C2,851.1593,834.4,16.759300000000053
nist_94688626,N1=CC(=CN1C)C,878.8,928.4,-49.60000000000002
nist_94912342,FC(F)(F)CNC,851.4957,881.1,-29.604299999999967
nist_94936069,S(SC)C,821.9132,815.3,6.613200000000006
nist_95018475,O=C(O)C,773.3819,783.7,-10.318100000000072
nist_95096222,N=1C=CNC1C,931.8058,963.4,-31.5942
nist_95107797,O1CCCC1C,807.5194,840.8,-33.280599999999936
nist_95366619,C1=C(NN=C1[N+](=O)[O-])[N+](=O)[O-],748.0541,759.4,-11.345900000000029
nist_95621340,C1CC2CCC1[C@H]([C@H]2O)N,946.9104,948.6,-1.6896000000000413
nist_95622300,C=1C=C2C=CC=C(NC)C2=C(C1)NC,953.7229,960.3,-6.577099999999973
nist_95653395,CN(C)[P]1(=O)N(C)CCN1C,989.2173,961.7,27.517299999999977
nist_95709617,O=C(OC1=CC=C(C=C1)C(=O)C)C,858.6413,853.2,5.441299999999956
nist_95805390,C1=CC(=CC(=C1)[N+](=O)[O-])C(=O)N,816.8471,854.2,-37.35290000000009
nist_95869018,N#CCCl,782.6936,745.7,36.9935999999999
nist_95986313,C\C=C/C=O,817.6439,830.8,-13.156099999999924
nist_96033728,C=C(C1=CC=CC(=C1)N(C)C)C,924.5313,946.2,-21.668700000000058
nist_96163548,C#CCN=CN(C)C,964.5303,993.1,-28.56970000000001
nist_96330256,N=1NC(=CC1C(C)(C)C)C,898.1505,946.2,-48.04950000000008
nist_96358023,NC1=CC=C(C=C1)CCCCCCCC,890.6359,894.5,-3.8641000000000076
nist_96358821,OC=1C=CC=CC1N,899.7254,898.8,0.9254000000000815
nist_96472752,N=1NC(=C(C1CC)C)CC,900.0555,952.8,-52.7444999999999
nist_96535904,O=C(N)C1=CC=CC(=C1)C(F)(F)F,827.1485,866.9,-39.751499999999965
nist_96540549,O=C(N)C1=CC=C(F)C=C1,841.5859,877.2,-35.61410000000001
nist_96680985,O(C)C(C)C,802.0364,826.3,-24.263599999999997
nist_96855369,N1=C(OC)CCC1,934.057,957.9,-23.84299999999996
nist_96997414,O=C(C1=CC=C(C=C1)C(=O)C)C,825.3587,850.8,-25.441299999999956
nist_97161324,N=1C=CN2C=CC(=CC12)C,952.3246,994.6,-42.27539999999999
nist_97344020,O(CC)C(C)C,827.907,842.7,-14.793000000000006
nist_97359272,O(P1OCCCO1)C,878.5822,925.3,-46.71780000000001
nist_97450358,N1=CC(=CN1)C23CC4CC(CC(C4)C2)C3,866.8529,913.1,-46.247100000000046
nist_97545442,N(C)(C)CCC,935.8337,962.8,-26.966299999999933
nist_97776742,N(OC)=CN(C)C,937.5634,948.3,-10.736599999999953
nist_97779712,O=C(C=1C=CC=CC1)C,835.7356,861.1,-25.364400000000046
nist_97841162,O(CC=C)CC=C,800.4999,827.4,-26.900099999999952
nist_98158216,FC(F)(F)C=1C=NC=CC1,843.6815,892.5,-48.81849999999997
nist_98174409,N(C)(C)CN(C)C,965.5893,952.2,13.389299999999935
nist_98312602,S(CCC)CCC,880.923,864.7,16.222999999999956
nist_98316702,NCCCCN,904.9846,1005.6,-100.61540000000002
nist_98334366,N1=CC=2C=CC=CC2N1C,878.5363,922.4,-43.863699999999994
nist_98393981,N1=CSC=C1,895.0173,904.0,-8.982700000000023
nist_98394806,N=1OC=CC1,819.4667,848.6,-29.133300000000077
nist_98405505,N#CC1=CC=CC(=C1)N(C)C,886.544,894.6,-8.05600000000004
nist_98414812,N(=C(C)C)CC,941.6965,976.0,-34.303499999999985
nist_98488712,N(CCC)(CCC)CCC,965.4501,991.0,-25.54989999999998
nist_98505384,OCCCCN,952.8759,984.5,-31.6241
nist_98546517,C1CCN(C1)C2=CCCC2,930.6028,1019.2,-88.59720000000004
nist_98577689,N(N(C)CCCCC)(C)CCCCC,939.0017,977.2,-38.19830000000002
nist_98610883,O=CO,724.7859,742.0,-17.21410000000003
nist_98732490,N#CN,809.6209,805.6,4.020899999999983
nist_98749423,N12N(CCCC1)CCCC2,988.1771,978.7,9.47709999999995
nist_98842551,O=C(OCC)C,806.764,835.7,-28.936000000000035
nist_98918103,CC1=CC(=C(C=C1)[N+](=O)[O-])C,848.6639,831.0,17.663900000000012
nist_98941014,O(C1=CC=C(C=C1)C(=C)C(C)(C)C)C,762.9179,897.9,-134.98209999999995
nist_98985215,O=C(OC)CC,803.9741,830.2,-26.225900000000024
nist_99136171,O=C(C=1C=CC=CC1)N(C)C,906.5333,932.7,-26.16669999999999
nist_99201539,O1C(=CCC1)C,772.7935,910.3,-137.50649999999996
nist_99330521,C1=CC=C(N=CN(C)C)C=C1[N+](=O)[O-],929.5928,950.2,-20.607200000000034
nist_99453322,O=C1CCCCC1,818.2228,841.0,-22.777199999999993
nist_99848646,O=C(O)C(N)CCSC,905.6164,935.4,-29.78359999999998
nist_99871064,O=C(N(C)C)C(C)(C)C,901.8945,927.1,-25.20550000000003
nist_99882051,FC1=NC=CC=C1,860.6214,884.6,-23.97860000000003
nist_99907871,CCN(CC)[P](=O)(N(CC)CC)N(CC)CC,1031.5166,974.7,56.81659999999988
