record_id,neutral_smiles,pa_dft,pa_true,raw_dft_error
nist_00125011,,854.9268,844.1,10.826799999999935
nist_00396590,,860.2278,852.6,7.627799999999979
nist_00438872,,787.5196,786.0,1.5195999999999685
nist_00645122,,1007.0328,996.4,10.632799999999975
nist_00760896,,902.2561,882.3,19.956099999999992
nist_00804112,,959.2876,1046.3,-87.01239999999996
nist_00837453,,854.6652,845.6,9.065200000000004
nist_00905305,,1006.5675,1002.5,4.0674999999999955
nist_00927094,,890.8442,904.5,-13.6558
nist_00930813,,913.623,908.0,5.623000000000047
nist_01223463,,940.8967,940.3,0.5967000000000553
nist_01355247,,915.7352,903.4,12.335199999999986
nist_01387778,,878.3488,876.2,2.1487999999999374
nist_01410735,,852.2425,843.2,9.042499999999905
nist_01663744,,942.46,908.9,33.56000000000006
nist_01762105,,847.7362,848.8,-1.063799999999901
nist_01813910,,944.004,934.7,9.303999999999974
nist_01953252,,808.5309,818.9,-10.369100000000003
nist_02112727,,880.6911,866.6,14.091099999999983
nist_02204816,,841.8443,832.9,8.944299999999998
nist_02219190,,801.0654,790.4,10.665399999999977
nist_02234336,,781.3654,783.7,-2.334600000000023
nist_02244448,,910.3761,923.5,-13.123900000000049
nist_02477424,,984.7025,966.1,18.602499999999964
nist_02525694,,871.1351,851.8,19.33510000000001
nist_02544009,,793.5191,795.4,-1.880899999999997
nist_02593856,,635.692,676.8,-41.10799999999995
nist_02774099,,763.6503,765.7,-2.04970000000003
nist_02853497,,888.7258,870.6,18.125800000000027
nist_02863785,,994.6658,983.8,10.865800000000036
nist_03042087,,890.2412,890.9,-0.6587999999999283
nist_03128596,,838.6709,836.4,2.2708999999999833
nist_03202939,,925.8632,925.4,0.4632000000000289
nist_03355041,,884.7009,892.0,-7.299099999999953
nist_03374851,,991.7328,996.4,-4.66719999999998
nist_03617918,,921.8638,910.4,11.463799999999992
nist_03648145,,681.712,688.4,-6.687999999999988
nist_03690578,,795.6026,806.0,-10.397399999999948
nist_03881393,,953.9871,956.6,-2.612899999999968
nist_04021459,,929.7442,946.6,-16.855800000000045
nist_04085536,,844.5713,836.6,7.971299999999928
nist_04146605,,874.87,868.8,6.07000000000005
nist_04208386,,915.7811,885.1,30.681100000000015
nist_04360263,,967.9164,952.7,15.216399999999908
nist_04365347,,920.5703,921.5,-0.9297000000000253
nist_04459242,,803.2161,876.7,-73.48390000000006
nist_04494467,,806.6455,845.5,-38.85450000000003
nist_04553846,,867.2342,863.6,3.6341999999999643
nist_04671501,,985.7059,982.6,3.1059000000000196
nist_04864002,,992.4165,1008.7,-16.283500000000004
nist_04893497,,823.0702,826.0,-2.9298
nist_04922781,,780.9036,758.1,22.80359999999996
nist_04973755,,975.651,979.8,-4.149000000000001
nist_05248112,,1063.7714,1018.9,44.87140000000011
nist_05403789,,914.682,918.4,-3.717999999999961
nist_05459594,,1031.6859,1024.1,7.585900000000038
nist_05598367,,901.7717,884.6,17.171699999999987
nist_05604050,,869.521,863.6,5.920999999999935
nist_05641564,,920.8213,912.0,8.821299999999951
nist_05694638,,764.8175,752.5,12.317499999999995
nist_05715452,,815.1109,803.6,11.510899999999992
nist_05716584,,967.2105,968.9,-1.6894999999999527
nist_05716685,,896.335,882.6,13.735000000000014
nist_06046479,,893.6774,890.1,3.5774000000000115
nist_06047809,,950.7604,948.3,2.4604000000000497
nist_06053099,,844.5666,834.7,9.866599999999949
nist_06069824,,939.0609,941.1,-2.039100000000076
nist_06103670,,991.3419,993.9,-2.5580999999999676
nist_06115178,,890.8827,920.9,-30.017299999999977
nist_06133542,,833.7065,814.3,19.40650000000005
nist_06260766,,952.4649,939.2,13.264899999999898
nist_06290119,,828.5389,817.7,10.838899999999967
nist_06294951,,837.0433,830.9,6.1433000000000675
nist_06330481,,870.3061,864.1,6.206099999999992
nist_06337455,,989.888,984.5,5.388000000000034
nist_06361266,,893.384,897.9,-4.515999999999963
nist_06365793,,860.1196,843.5,16.61959999999999
nist_06512381,,836.7484,825.8,10.948399999999992
nist_06528973,,804.0506,804.9,-0.849399999999946
nist_06582476,,1026.1307,1020.8,5.330699999999979
nist_06618300,,806.7132,810.5,-3.786799999999971
nist_06940275,,836.1664,874.8,-38.6336
nist_06983572,,940.7374,935.4,5.337400000000002
nist_07051346,,913.0485,904.8,8.248500000000035
nist_07203878,,928.6838,908.0,20.68380000000002
nist_07262919,,909.9815,893.5,16.481499999999983
nist_07275685,,950.7534,979.7,-28.94659999999999
nist_07439956,,895.2094,890.6,4.609399999999937
nist_07474522,,886.7352,874.6,12.13519999999994
nist_07632068,,941.9075,999.6,-57.692499999999995
nist_07654692,,887.8646,913.0,-25.135400000000004
nist_08004379,,779.7776,762.8,16.977600000000052
nist_08044055,,841.2735,813.8,27.473500000000058
nist_08067356,,890.0736,877.2,12.87360000000001
nist_08074979,,895.3866,863.6,31.78660000000002
nist_08174451,,952.2652,952.4,-0.13479999999992742
nist_08274376,,1053.9686,1014.5,39.468599999999924
nist_08279524,,865.9495,873.8,-7.850500000000011
nist_08385644,,1017.3455,1013.5,3.8455000000000155
nist_08388401,,1037.6684,1020.4,17.268400000000042
nist_08430964,,822.8162,863.9,-41.0838
nist_08445717,,823.4247,821.6,1.824700000000007
nist_08678790,,787.2123,798.9,-11.68769999999995
nist_08787620,,768.0383,762.4,5.638300000000072
nist_08799676,,846.2466,888.6,-42.35340000000008
nist_08891159,,926.5154,973.3,-46.784599999999955
nist_08983077,,919.3454,914.7,4.645399999999995
nist_09014839,,871.9539,865.1,6.853899999999953
nist_09075374,,901.8965,904.7,-2.803500000000099
nist_09220888,,934.9594,920.1,14.859399999999937
nist_09388615,,888.5977,886.9,1.6977000000000544
nist_09455499,,989.1746,987.0,2.174600000000055
nist_09473702,,795.9757,801.9,-5.9243000000000166
nist_09554561,,830.8652,843.0,-12.134800000000041
nist_09562302,,1030.6187,1028.2,2.4186999999999443
nist_09601386,,964.9217,966.8,-1.8782999999999674
nist_09646960,,836.5681,833.3,3.268100000000004
nist_09721427,,928.0733,924.8,3.273300000000063
nist_09750876,,862.3613,858.6,3.7613000000000056
nist_09823349,,980.9249,969.4,11.524900000000002
nist_09872610,,818.204,813.0,5.203999999999951
nist_10043762,,853.6268,850.0,3.626800000000003
nist_10134040,,959.5232,963.7,-4.176800000000071
nist_10382420,,816.2287,813.2,3.028699999999958
nist_10481689,,1025.7671,1018.0,7.767100000000028
nist_10482643,,794.2587,799.2,-4.941300000000069
nist_10490928,,930.2852,924.8,5.485200000000077
nist_10529342,,812.3655,796.9,15.46550000000002
nist_10535164,,947.1749,947.5,-0.3251000000000204
nist_10720274,,932.6947,933.2,-0.5053000000000338
nist_10731153,,800.8156,797.3,3.515600000000063
nist_10769399,,776.3396,765.4,10.939600000000041
nist_10862679,,881.9016,880.4,1.5016000000000531
nist_11014888,,861.8526,855.5,6.352600000000052
nist_11019690,,967.6082,954.4,13.208200000000033
nist_11126429,,1066.6091,1051.4,15.209099999999808
nist_11142692,,955.258,920.5,34.75800000000004
nist_11243433,,887.7478,896.6,-8.852200000000039
nist_11249345,,850.3925,852.7,-2.3075000000000045
nist_11293718,,903.6591,894.3,9.359100000000012
nist_11371004,,967.6455,969.2,-1.5545000000000755
nist_11431970,,801.1971,784.8,16.397100000000023
nist_11633298,,951.73,932.1,19.629999999999995
nist_11642822,,893.7928,886.0,7.792800000000057
nist_11650975,,859.0657,851.5,7.5656999999999925
nist_11700273,,917.1217,910.0,7.121700000000033
nist_11869748,,927.1285,924.3,2.8285000000000764
nist_11870044,,832.4117,827.2,5.211699999999951
nist_11874841,,965.2442,972.3,-7.0557999999999765
nist_12002990,,862.5149,867.3,-4.785099999999943
nist_12076005,,730.784,723.0,7.783999999999992
nist_12102434,,790.0873,788.8,1.287300000000073
nist_12115397,,970.4078,962.8,7.6077999999999975
nist_12200694,,977.6518,979.6,-1.9482000000000426
nist_12346932,,907.4503,896.5,10.95029999999997
nist_12422329,,838.667,830.5,8.16700000000003
nist_12538873,,850.7938,834.0,16.793800000000033
nist_12699958,,1075.0834,1043.3,31.78340000000003
nist_12711106,,975.2883,1035.2,-59.911699999999996
nist_12835326,,806.4562,815.0,-8.543800000000033
nist_12889332,,859.0983,864.7,-5.601700000000051
nist_12896671,,920.1968,910.6,9.59680000000003
nist_12937229,,957.5783,956.9,0.6783000000000357
nist_12982378,,869.6099,867.4,2.2099000000000615
nist_13190508,,980.7179,965.7,15.01789999999994
nist_13205429,,877.1678,898.8,-21.632199999999898
nist_13234433,,947.736,937.8,9.936000000000035
nist_13257443,,877.0725,889.0,-11.927500000000009
nist_13302548,,826.5993,858.2,-31.600700000000074
nist_13450131,,874.0302,858.4,15.630200000000059
nist_13496787,,821.5144,808.7,12.814399999999978
nist_13566219,,850.2824,836.6,13.68240000000003
nist_13963476,,954.2209,977.8,-23.579099999999926
nist_13983815,,954.6297,948.8,5.8297000000000025
nist_13989723,,1017.6693,1000.7,16.969299999999976
nist_14023098,,886.0625,869.8,16.262500000000045
nist_14399349,,824.4376,826.6,-2.162400000000048
nist_14457330,,900.4359,881.8,18.635899999999992
nist_14533775,,931.1994,979.9,-48.70060000000001
nist_14571668,,911.3752,923.7,-12.324800000000096
nist_14601194,,955.2259,947.5,7.725900000000024
nist_14705565,,853.8928,858.3,-4.407199999999989
nist_14747122,,825.3258,813.9,11.425799999999981
nist_14759854,,925.7778,914.7,11.077799999999911
nist_14951776,,955.536,911.9,43.63599999999997
nist_15000708,,1000.3892,972.8,27.589200000000005
nist_15170600,,952.2104,944.4,7.810400000000072
nist_15274178,,894.2599,887.1,7.159899999999993
nist_15380470,,961.0715,951.1,9.971499999999992
nist_15496092,,796.1388,779.0,17.138799999999947
nist_15786561,,825.219,827.3,-2.0809999999999036
nist_15830466,,907.4852,918.4,-10.914800000000014
nist_15848754,,862.6476,856.3,6.347600000000057
nist_15888782,,955.8295,939.2,16.629500000000007
nist_16009726,,920.3685,906.8,13.568500000000085
nist_16039891,,846.7804,845.7,1.0803999999999405
nist_16221798,,1056.9274,1028.8,28.12740000000008
nist_16277296,,775.8043,802.1,-26.29570000000001
nist_16344998,,829.4697,778.3,51.169700000000034
nist_16446377,,815.3011,840.5,-25.19889999999998
nist_16499812,,913.2541,900.8,12.45410000000004
nist_16661717,,898.4761,899.3,-0.8238999999999805
nist_16684735,,835.2442,813.0,22.244199999999978
nist_16791598,,626.018,668.6,-42.581999999999994
nist_16889132,,801.376,797.4,3.975999999999999
nist_16945219,,888.8464,912.8,-23.953599999999938
nist_16972158,,934.4355,927.2,7.235500000000002
nist_16974140,,899.2771,892.1,7.177099999999996
nist_17016062,,954.0602,951.3,2.7602000000000544
nist_17193270,,951.0116,975.9,-24.888399999999933
nist_17229880,,861.7319,822.9,38.83190000000002
nist_17265757,,926.2364,918.3,7.936400000000049
nist_17336374,,843.5779,835.4,8.177900000000022
nist_17371435,,818.52,811.3,7.220000000000027
nist_17506803,,989.6502,985.5,4.150200000000041
nist_17528117,,881.2726,873.5,7.772600000000011
nist_17611470,,928.5013,924.4,4.1013000000000375
nist_17623232,,893.255,903.5,-10.245000000000005
nist_17865094,,894.4138,901.7,-7.286200000000008
nist_18128953,,880.7803,884.5,-3.719699999999989
nist_18300597,,928.1798,926.5,1.6798000000000002
nist_18367567,,881.93,841.4,40.52999999999997
nist_18387090,,826.0779,828.3,-2.222099999999955
nist_18407947,,939.726,923.5,16.226
nist_18447087,,920.7605,957.1,-36.339500000000044
nist_18486563,,954.8292,951.8,3.02920000000006
nist_18663405,,820.765,805.5,15.264999999999986
nist_18836456,,954.0161,941.9,12.116100000000074
nist_18923402,,883.747,877.2,6.546999999999912
nist_19129578,,954.5968,950.8,3.7968000000000757
nist_19140726,,937.445,908.8,28.645000000000095
nist_19159360,,1061.2207,1050.8,10.420700000000124
nist_19296619,,968.4584,949.5,18.958399999999983
nist_19365016,,979.0384,970.8,8.23840000000007
nist_19475562,,889.4287,884.4,5.028700000000072
nist_19690416,,911.9663,900.9,11.06630000000007
nist_19745086,,916.8286,909.9,6.928600000000074
nist_20179800,,962.7333,947.0,15.733299999999986
nist_20298063,,1010.053,1000.5,9.552999999999997
nist_20399592,,873.458,870.5,2.95799999999997
nist_20480616,,863.0365,870.7,-7.663499999999999
nist_20551334,,946.5842,939.0,7.58420000000001
nist_20715884,,924.0914,922.5,1.5914000000000215
nist_20751193,,953.1251,975.6,-22.474900000000048
nist_20753730,,852.4593,841.3,11.15930000000003
nist_20928646,,906.944,893.7,13.243999999999915
nist_21092190,,917.4793,912.0,5.4792999999999665
nist_21153621,,829.6891,931.1,-101.41089999999997
nist_21260066,,920.2271,930.4,-10.172900000000027
nist_21548768,,876.1522,857.0,19.152199999999993
nist_21554844,,845.599,828.6,16.999000000000024
nist_21563025,,996.4613,983.5,12.961300000000051
nist_21596804,,910.1715,896.7,13.471499999999992
nist_21682838,,770.3639,758.8,11.56389999999999
nist_21796541,,785.6845,782.5,3.1844999999999573
nist_21890240,,879.6411,868.5,11.141100000000051
nist_21915333,,818.6232,833.9,-15.27679999999998
nist_22051866,,872.5659,871.5,1.065900000000056
nist_22065434,,937.9349,927.0,10.93489999999997
nist_22087220,,964.2102,953.2,11.01019999999994
nist_22282438,,794.7632,806.1,-11.33680000000004
nist_22467923,,981.2819,988.4,-7.118100000000027
nist_22476588,,913.7433,903.3,10.443300000000022
nist_22533986,,964.5415,954.4,10.141500000000065
nist_22610150,,965.8783,1035.8,-69.92169999999999
nist_22641612,,874.1641,860.5,13.664099999999962
nist_22877676,,863.3607,852.0,11.360699999999952
nist_22937511,,929.4703,928.3,1.1702999999999975
nist_22954549,,869.2692,852.6,16.669199999999933
nist_23098314,,937.59,926.6,10.990000000000009
nist_23100417,,969.5892,963.6,5.9891999999999825
nist_23150781,,931.7929,868.5,63.29290000000003
nist_23193944,,881.785,876.4,5.384999999999991
nist_23194711,,853.492,823.8,29.692000000000007
nist_23239434,,957.7409,956.7,1.040899999999965
nist_23329284,,793.5979,781.4,12.197900000000004
nist_23353035,,915.9427,904.3,11.64269999999999
nist_23374176,,813.6103,926.7,-113.0897
nist_23449910,,851.1398,845.7,5.439799999999991
nist_23510828,,885.5474,864.3,21.247400000000084
nist_23603053,,957.0329,882.5,74.53290000000004
nist_23725441,,1003.2351,988.1,15.135099999999966
nist_23804470,,947.1278,933.1,14.027799999999957
nist_24162320,,816.3316,808.6,7.731599999999958
nist_24334192,,793.867,797.3,-3.4329999999999927
nist_24453013,,849.2611,815.4,33.86110000000008
nist_24467268,,804.2588,794.1,10.158799999999928
nist_24542042,,884.2054,871.2,13.005400000000009
nist_24691960,,979.1977,972.3,6.8977000000001
nist_24707863,,844.9037,845.3,-0.39629999999999654
nist_24728069,,871.9487,888.8,-16.851299999999924
nist_24759659,,965.3427,948.9,16.44270000000006
nist_24854403,,868.0213,865.9,2.1213000000000193
nist_24882286,,891.2201,884.6,6.6200999999999794
nist_24954230,,837.4887,856.9,-19.411299999999983
nist_24958631,,771.7468,957.0,-185.2532
nist_25018292,,973.5802,980.2,-6.619800000000055
nist_25035103,,874.5463,894.8,-20.25369999999998
nist_25078321,,842.7672,824.0,18.767200000000003
nist_25137753,,949.9716,950.0,-0.028400000000033288
nist_25167270,,1032.9315,1030.0,2.9314999999999145
nist_25263627,,860.8666,943.8,-82.9334
nist_25323329,,965.7251,964.0,1.7250999999999976
nist_25351010,,810.9637,802.6,8.363699999999994
nist_25435730,,884.5479,888.5,-3.952099999999973
nist_25476969,,923.8567,926.0,-2.143299999999954
nist_25479775,,921.743,930.3,-8.556999999999903
nist_25529697,,933.2538,928.6,4.653799999999933
nist_25538040,,921.845,943.7,-21.855000000000018
nist_25548727,,880.8364,882.8,-1.9635999999999285
nist_25796022,,914.9974,913.3,1.697400000000016
nist_25834589,,936.024,942.2,-6.176000000000045
nist_25913689,,910.8851,905.5,5.385099999999966
nist_25929302,,927.691,999.5,-71.80899999999997
nist_26070161,,873.884,852.1,21.783999999999992
nist_26162764,,988.7243,987.9,0.8242999999999938
nist_26175873,,947.0786,948.0,-0.9213999999999487
nist_26301538,,886.2876,878.6,7.687599999999975
nist_26355090,,969.0664,958.9,10.166400000000067
nist_26397715,,696.3854,700.2,-3.8146000000000413
nist_26436702,,956.6184,966.8,-10.181600000000003
nist_26641579,,893.5802,880.7,12.880199999999945
nist_26748419,,970.0395,958.8,11.239500000000021
nist_26761966,,783.0058,764.9,18.105800000000045
nist_26768603,,909.9676,904.6,5.367599999999925
nist_26877275,,992.0503,971.1,20.95029999999997
nist_26910347,,929.9425,921.2,8.74249999999995
nist_26928538,,862.3258,854.3,8.025800000000004
nist_26938256,,951.0889,942.8,8.288900000000012
nist_26974784,,925.7988,916.8,8.998800000000074
nist_27070815,,871.6896,880.9,-9.210399999999936
nist_27141194,,1007.6975,1001.2,6.497499999999945
nist_27390811,,970.3178,960.0,10.317800000000034
nist_27412045,,921.4725,905.9,15.572499999999991
nist_27542296,,971.8699,955.2,16.669899999999984
nist_27549636,,954.6328,956.6,-1.967200000000048
nist_27566950,,923.4408,921.9,1.5407999999999902
nist_27613454,,923.6133,903.8,19.813300000000027
nist_27616187,,820.1942,814.2,5.994199999999978
nist_27675435,,807.5184,791.4,16.118400000000065
nist_27743047,,928.0342,965.0,-36.965799999999945
nist_27768215,,882.2987,866.4,15.898700000000076
nist_27801636,,845.1811,837.1,8.081099999999992
nist_27951484,,960.0981,952.4,7.698100000000068
nist_28002988,,862.3031,856.7,5.603099999999927
nist_28303898,,880.4459,872.9,7.545900000000074
nist_28494275,,818.7379,881.2,-62.46210000000008
nist_28506371,,949.2502,935.5,13.75019999999995
nist_28568587,,623.8525,666.7,-42.84750000000008
nist_28598132,,933.2099,922.9,10.30989999999997
nist_28606875,,855.3882,845.0,10.388199999999983
nist_28651053,,944.4352,948.9,-4.464799999999968
nist_28657934,,926.6828,913.3,13.382800000000088
nist_28787468,,834.9331,834.8,0.1331000000000131
nist_28932091,,952.61,943.4,9.210000000000036
nist_29100742,,808.1917,803.1,5.091699999999946
nist_29195995,,944.4429,952.9,-8.457099999999969
nist_29212977,,1007.7719,995.4,12.371899999999982
nist_29229069,,887.1655,873.5,13.665499999999952
nist_29237375,,852.5849,850.3,2.2848999999999933
nist_29373002,,893.6928,878.7,14.992799999999988
nist_29508003,,782.3957,773.4,8.995700000000056
nist_29564667,,825.9567,830.2,-4.24330000000009
nist_29713370,,930.096,929.7,0.39599999999995816
nist_29796772,,901.069,893.9,7.168999999999983
nist_29851755,,909.1934,905.2,3.9933999999999514
nist_29901917,,650.0123,825.3,-175.28769999999997
nist_30067635,,788.879,775.7,13.178999999999974
nist_30150455,,848.6671,841.6,7.067099999999982
nist_30251472,,954.61,956.1,-1.490000000000009
nist_30357408,,870.5656,856.7,13.865599999999972
nist_30386149,,902.2909,887.1,15.190899999999942
nist_30473983,,796.8919,795.5,1.3918999999999642
nist_30503598,,864.3077,873.2,-8.892300000000091
nist_30543014,,897.655,900.9,-3.2450000000000045
nist_30686619,,882.9493,880.4,2.5493000000000166
nist_30715297,,981.794,968.2,13.593999999999937
nist_31002428,,863.5581,863.6,-0.041900000000055115
nist_31127504,,935.176,928.8,6.37600000000009
nist_31362586,,812.2395,798.4,13.839500000000044
nist_31395114,,992.4677,994.3,-1.8322999999999183
nist_31795026,,870.6536,941.8,-71.14639999999997
nist_31828702,,799.5971,789.6,9.997099999999932
nist_31875186,,964.7902,971.0,-6.209799999999973
nist_32204764,,1016.1199,991.5,24.61990000000003
nist_32205162,,934.3803,925.3,9.08030000000008
nist_32260914,,1034.429,1030.3,4.129000000000133
nist_32316335,,970.391,952.8,17.591000000000008
nist_32424759,,934.1372,930.6,3.5371999999999844
nist_32481052,,769.5197,766.1,3.4196999999999207
nist_32481438,,939.1996,932.4,6.799600000000055
nist_32505754,,743.5111,754.6,-11.088899999999967
nist_32519038,,931.0486,925.6,5.448599999999942
nist_32571410,,942.646,970.5,-27.854000000000042
nist_32579757,,990.8208,937.8,53.02080000000001
nist_32795873,,911.9128,947.6,-35.687200000000075
nist_32878758,,866.4381,861.3,5.1381000000000085
nist_32911202,,1013.5887,1011.7,1.8886999999999716
nist_32933115,,849.0726,843.2,5.87259999999992
nist_32977862,,936.0029,933.1,2.9028999999999314
nist_33035352,,974.1205,987.0,-12.879500000000007
nist_33095211,,792.4986,799.2,-6.701400000000035
nist_33130132,,802.0807,796.6,5.480699999999956
nist_33429568,,837.4096,846.2,-8.79040000000009
nist_33469528,,984.535,982.4,2.134999999999991
nist_33484811,,857.5241,823.8,33.72410000000002
nist_33538297,,981.764,978.8,2.9640000000000555
nist_33597444,,1014.5417,997.6,16.94169999999997
nist_33871428,,795.2796,872.6,-77.32040000000006
nist_33911636,,926.0414,937.4,-11.358600000000024
nist_34103496,,883.6435,887.5,-3.8564999999999827
nist_34261527,,762.6812,751.2,11.481199999999944
nist_34278538,,1054.2723,1047.7,6.572300000000041
nist_34323217,,920.4514,900.9,19.551400000000058
nist_34327638,,986.695,972.1,14.595000000000027
nist_34465659,,987.4848,982.5,4.98479999999995
nist_34654682,,888.4331,876.4,12.03309999999999
nist_34884620,,904.4599,909.5,-5.040100000000052
nist_34900528,,931.5637,926.6,4.963700000000017
nist_35039110,,770.9371,764.8,6.137100000000032
nist_35279711,,887.8664,929.8,-41.933599999999956
nist_35407953,,846.6291,829.8,16.82910000000004
nist_35475754,,901.1027,891.6,9.502700000000004
nist_35559914,,893.0284,907.0,-13.971599999999967
nist_35572118,,693.573,693.2,0.3729999999999336
nist_35733258,,1025.1062,1037.0,-11.893800000000056
nist_35865762,,804.3837,868.6,-64.21630000000005
nist_35876009,,767.3775,871.9,-104.52249999999992
nist_36510705,,949.8569,933.5,16.356899999999996
nist_36572823,,927.7258,909.7,18.025800000000004
nist_36631831,,972.5037,973.8,-1.2962999999999738
nist_36654072,,896.2269,895.3,0.926900000000046
nist_36759728,,881.4203,877.0,4.4202999999999975
nist_36795221,,860.2707,864.3,-4.029299999999921
nist_36823933,,969.6379,966.2,3.4378999999998996
nist_36845317,,782.7613,915.6,-132.83870000000002
nist_36867178,,965.4369,955.7,9.736899999999991
nist_36926460,,991.4912,980.7,10.791200000000003
nist_36985014,,1002.5333,998.5,4.033300000000054
nist_37250349,,1051.8154,1044.3,7.5154
nist_37272117,,973.5647,962.4,11.164700000000039
nist_37461235,,983.7813,953.0,30.781299999999987
nist_37488182,,800.1197,818.9,-18.78030000000001
nist_37641067,,880.1208,883.6,-3.4791999999999916
nist_37831599,,719.9183,770.0,-50.081699999999955
nist_37839563,,861.4668,854.0,7.466800000000035
nist_37854273,,899.8258,918.5,-18.67420000000004
nist_37914138,,842.9791,840.1,2.879099999999994
nist_37988311,,782.1096,773.1,9.009599999999978
nist_38089673,,963.2508,958.8,4.450800000000072
nist_38281302,,957.021,908.9,48.12099999999998
nist_38289072,,935.9602,923.2,12.76019999999994
nist_38643688,,843.2429,885.6,-42.35710000000006
nist_38689061,,852.1197,846.5,5.619699999999966
nist_38876516,,956.4486,946.3,10.148600000000101
nist_38915904,,790.2803,779.2,11.080299999999966
nist_38954524,,836.1709,816.7,19.470899999999915
nist_39038540,,952.5677,958.9,-6.332300000000032
nist_39055336,,943.0159,930.6,12.415899999999965
nist_39088692,,774.0471,759.7,14.347099999999955
nist_39202322,,987.9983,969.9,18.098299999999995
nist_39229641,,910.0435,916.6,-6.556500000000028
nist_39273643,,993.1173,978.0,15.1173
nist_39290346,,954.0522,951.6,2.452199999999948
nist_39318989,,990.9372,984.7,6.237199999999916
nist_39399941,,745.8675,826.2,-80.3325000000001
nist_39604331,,836.4148,815.2,21.21479999999997
nist_39675267,,924.258,916.2,8.057999999999993
nist_39769055,,780.4285,776.4,4.028500000000008
nist_39779296,,745.2986,747.6,-2.301400000000058
nist_39795150,,845.9335,838.8,7.133500000000026
nist_40065354,,893.9668,900.9,-6.9331999999999425
nist_40107124,,821.2711,812.0,9.271100000000047
nist_40160939,,964.0673,963.0,1.0673000000000457
nist_40306149,,977.586,977.2,0.38599999999996726
nist_40331045,,883.6009,911.4,-27.799099999999953
nist_40380478,,986.3777,979.0,7.377700000000004
nist_40460862,,955.2704,954.1,1.1703999999999724
nist_40483606,,983.1768,980.8,2.376800000000003
nist_40538236,,935.5188,924.9,10.618800000000078
nist_40554243,,972.9831,963.0,9.983100000000036
nist_40560142,,951.1266,981.2,-30.073399999999992
nist_41055618,,809.0055,849.6,-40.59450000000004
nist_41090921,,672.5046,719.2,-46.69540000000006
nist_41113891,,941.5292,934.3,7.229199999999992
nist_41159227,,963.7315,965.6,-1.86850000000004
nist_41160678,,877.2656,878.4,-1.1344000000000278
nist_41349770,,881.4135,876.0,5.413499999999999
nist_41356600,,954.8895,937.4,17.48950000000002
nist_41373469,,956.9694,971.9,-14.930600000000027
nist_41422401,,696.3068,699.4,-3.0932000000000244
nist_41584570,,862.2753,856.0,6.275300000000016
nist_41602631,,848.555,872.6,-24.045000000000073
nist_41603986,,820.7447,823.9,-3.155300000000011
nist_41702434,,807.0765,812.5,-5.42349999999999
nist_41808530,,872.9325,864.3,8.63250000000005
nist_41869547,,874.8665,863.0,11.866499999999974
nist_42042831,,934.9806,922.6,12.380599999999959
nist_42070158,,820.2164,842.7,-22.483600000000024
nist_42174852,,864.6331,859.2,5.433099999999968
nist_42316028,,948.6801,940.2,8.480099999999993
nist_42347590,,788.5173,799.4,-10.8827
nist_42431513,,938.7298,926.0,12.729799999999955
nist_42645812,,987.1337,979.4,7.733699999999999
nist_42769062,,864.7709,891.6,-26.82910000000004
nist_42817358,,787.0956,839.6,-52.50440000000003
nist_43041016,,910.5466,923.8,-13.253399999999942
nist_43180739,,903.9285,888.2,15.72849999999994
nist_43221995,,830.775,850.3,-19.524999999999977
nist_43312839,,878.7484,884.9,-6.15160000000003
nist_43602342,,947.1628,942.1,5.062799999999925
nist_43641519,,1048.0154,1038.3,9.715400000000045
nist_43679717,,968.0392,963.4,4.6392000000000735
nist_43721826,,823.7348,825.8,-2.0652000000000044
nist_43728677,,869.0272,863.4,5.627200000000016
nist_43843389,,949.6085,940.9,8.708500000000072
nist_43905459,,917.1935,917.5,-0.3065000000000282
nist_43913359,,922.1165,925.4,-3.2835000000000036
nist_43947806,,832.5947,840.0,-7.405300000000011
nist_44002468,,977.0204,966.6,10.420399999999972
nist_44141112,,793.8126,793.7,0.11259999999992942
nist_44192251,,945.295,967.0,-21.70500000000004
nist_44227846,,977.4508,967.0,10.450799999999958
nist_44409379,,995.1329,978.7,16.432899999999904
nist_44502495,,950.2209,944.4,5.8209000000000515
nist_44529428,,870.8617,852.9,17.961700000000064
nist_44591186,,875.7473,862.6,13.147299999999973
nist_44773830,,907.6516,900.0,7.65160000000003
nist_44827848,,747.0642,745.5,1.564200000000028
nist_44832708,,888.7771,866.0,22.77710000000002
nist_44841860,,853.1932,842.3,10.893200000000093
nist_45058522,,969.4111,958.1,11.31110000000001
nist_45088457,,957.5033,949.3,8.203300000000013
nist_45107977,,995.2087,979.7,15.508699999999976
nist_45268563,,750.4217,763.9,-13.47829999999999
nist_45333681,,927.1868,913.4,13.786799999999971
nist_45497673,,847.6989,844.8,2.898900000000026
nist_45509053,,794.8769,783.9,10.9769
nist_45560487,,966.8631,957.5,9.363100000000031
nist_45610322,,967.9912,970.6,-2.608799999999974
nist_45624990,,927.0676,917.8,9.267600000000016
nist_45633666,,964.2874,955.7,8.587400000000002
nist_45690095,,1037.1599,1033.5,3.659900000000107
nist_45748257,,887.1779,875.5,11.677900000000022
nist_45773775,,1060.7564,1034.5,26.256399999999985
nist_45913335,,848.9343,846.8,2.134300000000053
nist_46101930,,808.4788,796.7,11.778799999999933
nist_46197319,,963.579,962.3,1.2789999999999964
nist_46220433,,797.5398,792.7,4.839799999999968
nist_46329921,,810.2768,801.7,8.576799999999935
nist_46332915,,922.2411,913.1,9.141099999999938
nist_46398848,,952.5694,991.8,-39.23059999999998
nist_46422135,,948.2259,910.2,38.02589999999998
nist_46429855,,926.5412,967.0,-40.4588
nist_46814920,,818.8827,820.3,-1.4172999999999547
nist_46816886,,851.5694,857.7,-6.130600000000072
nist_46818135,,959.6447,971.9,-12.255300000000034
nist_46945904,,908.8842,908.3,0.5842000000000098
nist_47052064,,892.1413,879.0,13.141300000000001
nist_47071608,,752.912,765.2,-12.288000000000011
nist_47116388,,875.1065,861.5,13.606499999999983
nist_47287698,,1033.5052,930.1,103.40520000000004
nist_47310924,,898.7987,882.8,15.998700000000099
nist_47323398,,987.0113,983.9,3.1113000000000284
nist_47413031,,769.2887,761.3,7.988699999999994
nist_47570755,,734.52,733.6,0.9199999999999591
nist_47636449,,893.7076,882.5,11.207599999999957
nist_47676640,,972.1954,975.9,-3.7046000000000276
nist_47729731,,755.8483,715.6,40.24829999999997
nist_48022260,,719.2938,753.0,-33.70619999999997
nist_48293108,,956.251,954.3,1.9510000000000218
nist_48322586,,758.284,745.7,12.583999999999946
nist_48448851,,957.8755,967.0,-9.124500000000012
nist_48569661,,823.3342,821.1,2.234199999999987
nist_48813107,,847.3885,844.2,3.1884999999999764
nist_49251626,,978.119,979.8,-1.6809999999999263
nist_49397188,,833.6327,836.6,-2.967300000000023
nist_49490612,,877.3624,878.3,-0.9375999999999749
nist_49730683,,1058.2091,1047.7,10.50909999999999
nist_50016945,,867.4406,853.4,14.04060000000004
nist_50077675,,891.7641,864.7,27.06409999999994
nist_50107394,,809.8424,823.4,-13.55759999999998
nist_50141587,,993.4374,986.9,6.537400000000048
nist_50238139,,903.4286,938.6,-35.17140000000006
nist_50355236,,845.0905,823.6,21.490499999999997
nist_50454566,,829.4075,807.2,22.207499999999982
nist_50543292,,899.5226,883.9,15.622600000000034
nist_50556642,,1009.4883,1077.5,-68.01170000000002
nist_50599703,,833.0814,833.5,-0.41859999999996944
nist_50687721,,904.7877,929.9,-25.112300000000005
nist_50789346,,900.1965,879.3,20.89650000000006
nist_50968522,,951.5385,948.3,3.2385000000000446
nist_51034392,,821.0889,798.0,23.088899999999967
nist_51312159,,871.4689,863.3,8.168900000000008
nist_51415502,,1036.3271,1029.1,7.227100000000064
nist_51439623,,965.121,948.7,16.420999999999935
nist_51457103,,781.2998,871.9,-90.60019999999997
nist_51504303,,952.1886,949.4,2.788599999999974
nist_51546393,,1022.4946,997.7,24.794599999999946
nist_51599675,,939.8603,934.1,5.760300000000029
nist_51650524,,958.646,948.2,10.445999999999913
nist_51685700,,994.2956,987.4,6.895600000000059
nist_51734067,,832.2131,827.7,4.5131000000000085
nist_51793512,,1044.0554,1037.9,6.155399999999872
nist_51852541,,838.0008,803.0,35.00080000000003
nist_51941319,,857.8381,847.7,10.138100000000009
nist_51972409,,925.9241,906.0,19.924099999999953
nist_52138866,,932.1047,899.7,32.404699999999934
nist_52172823,,898.9603,889.1,9.860299999999938
nist_52230704,,777.4165,768.3,9.116500000000087
nist_52290330,,1042.1117,1038.4,3.711699999999837
nist_52452875,,844.1933,868.6,-24.4067
nist_52498473,,875.6421,871.8,3.842100000000073
nist_52647113,,902.1179,927.9,-25.782100000000014
nist_52674700,,947.6589,932.8,14.858900000000062
nist_52716431,,921.8966,907.2,14.69659999999999
nist_52798915,,976.7332,959.3,17.433200000000056
nist_52882401,,1008.029,995.8,12.229000000000042
nist_52954786,,962.1822,999.8,-37.61779999999999
nist_52978076,,828.8164,817.4,11.416400000000067
nist_53017557,,838.8147,836.9,1.914700000000039
nist_53113568,,985.1151,959.5,25.615099999999984
nist_53405452,,802.7034,816.7,-13.996600000000058
nist_53413176,,845.6939,831.4,14.293900000000008
nist_53421280,,932.6751,953.8,-21.12489999999991
nist_53472744,,908.3567,893.8,14.556700000000092
nist_53507987,,810.5797,799.5,11.079700000000003
nist_53517417,,912.1261,900.9,11.226099999999974
nist_53574112,,979.8252,980.7,-0.8748000000000502
nist_53630252,,880.6199,865.6,15.019900000000007
nist_53737107,,936.2301,927.9,8.330100000000016
nist_53758038,,939.3608,935.3,4.060800000000086
nist_53779066,,800.9356,793.0,7.935600000000022
nist_53793738,,737.6492,735.7,1.9491999999999052
nist_53799734,,880.7127,867.1,13.612700000000018
nist_54022480,,824.6748,812.2,12.47479999999996
nist_54064886,,1004.476,986.3,18.176000000000045
nist_54189755,,956.4319,906.2,50.231899999999996
nist_54714978,,864.0638,856.6,7.463799999999992
nist_54753736,,857.3482,863.8,-6.451799999999935
nist_54852876,,944.5873,932.6,11.987300000000005
nist_54921021,,955.1345,935.6,19.53449999999998
nist_55024544,,942.1503,964.6,-22.449700000000007
nist_55060975,,993.7529,982.9,10.852899999999977
nist_55375375,,946.9787,989.2,-42.22130000000004
nist_55387108,,909.54,883.9,25.639999999999986
nist_55389457,,894.8329,887.4,7.432900000000018
nist_55397154,,824.7594,834.7,-9.940600000000018
nist_55501429,,894.0719,898.0,-3.928099999999972
nist_55620107,,958.5649,970.5,-11.935100000000034
nist_55718775,,808.7732,830.2,-21.42680000000007
nist_55946580,,980.3012,1022.0,-41.698800000000006
nist_55960931,,948.5771,912.3,36.27710000000002
nist_56275731,,985.6548,983.3,2.3548000000000684
nist_56338176,,901.0733,903.2,-2.126700000000028
nist_56494720,,906.6502,909.3,-2.649799999999914
nist_56499387,,905.515,900.3,5.215000000000032
nist_56509973,,906.4289,903.2,3.2288999999999533
nist_56522158,,826.5279,817.4,9.127900000000068
nist_56528781,,954.7881,953.9,0.8881000000000085
nist_56709658,,1048.5426,1038.3,10.242600000000039
nist_56730458,,916.6346,920.6,-3.965400000000045
nist_56783721,,879.1352,918.8,-39.6647999999999
nist_56892510,,939.8326,941.6,-1.767400000000066
nist_56897068,,854.7541,845.3,9.45410000000004
nist_56986590,,910.7969,900.9,9.896900000000073
nist_57171445,,871.1498,862.8,8.349800000000073
nist_57174104,,811.3406,815.7,-4.359400000000051
nist_57202872,,813.9788,803.6,10.378799999999956
nist_57245361,,856.6831,842.1,14.583099999999945
nist_57329903,,905.1612,913.0,-7.838799999999992
nist_57414669,,1038.7097,1039.3,-0.5902999999998428
nist_57431887,,873.5141,860.7,12.81409999999994
nist_57452454,,631.1109,670.4,-39.28909999999996
nist_57457871,,905.5876,895.6,9.98759999999993
nist_57625629,,897.0362,895.1,1.9361999999999853
nist_57687912,,923.6483,902.6,21.048299999999927
nist_57711020,,902.2647,894.1,8.164699999999925
nist_57750955,,667.2269,698.8,-31.573099999999954
nist_57803602,,946.4471,941.5,4.947099999999978
nist_58043369,,967.8189,957.5,10.318899999999985
nist_58072093,,1015.8251,1005.5,10.32510000000002
nist_58146088,,887.8522,880.4,7.452200000000062
nist_58267565,,966.3878,956.4,9.987799999999993
nist_58319748,,808.6725,802.5,6.172500000000014
nist_58335242,,815.1531,931.5,-116.3469
nist_58403541,,914.7254,912.0,2.725400000000036
nist_58472874,,1068.0176,1054.6,13.417599999999993
nist_58481649,,809.5054,802.6,6.905399999999986
nist_58692665,,832.3138,825.4,6.9138000000000375
nist_58813186,,1103.6502,1061.8,41.850200000000086
nist_58818437,,945.8771,949.3,-3.4228999999999132
nist_58819961,,1068.317,1055.6,12.717000000000098
nist_58971127,,900.0967,899.0,1.0967000000000553
nist_59069353,,977.4958,988.0,-10.504199999999969
nist_59086567,,811.5668,815.9,-4.3332000000000335
nist_59284251,,940.091,924.8,15.291000000000054
nist_59445593,,947.1212,1046.4,-99.27880000000005
nist_59445869,,991.3602,1004.8,-13.439799999999991
nist_59535148,,920.64,924.7,-4.060000000000059
nist_59712455,,1017.8701,1025.0,-7.1299000000000206
nist_59755284,,939.474,934.4,5.074000000000069
nist_59821821,,858.4042,850.3,8.104199999999992
nist_59884392,,935.2006,912.1,23.100599999999986
nist_59938497,,826.6018,811.2,15.40179999999998
nist_59949795,,734.5132,727.4,7.113200000000006
nist_59996020,,805.1132,797.2,7.913199999999961
nist_59996113,,957.3287,936.3,21.02870000000007
nist_60004719,,987.9395,970.7,17.239499999999907
nist_60009880,,661.0344,703.3,-42.26559999999995
nist_60074184,,824.5508,816.6,7.950799999999958
nist_60106166,,875.4589,876.2,-0.741100000000074
nist_60257387,,768.3621,823.5,-55.137899999999945
nist_60369762,,947.4992,936.6,10.89919999999995
nist_60467126,,895.3876,887.4,7.987600000000043
nist_60517184,,754.7654,754.3,0.4654000000000451
nist_60624755,,666.3112,685.5,-19.188800000000015
nist_61230786,,1072.9311,1068.2,4.731099999999969
nist_61235052,,817.4333,802.5,14.933300000000031
nist_61250379,,906.7691,901.6,5.169099999999958
nist_61287326,,942.5283,943.4,-0.8717000000000326
nist_61452575,,771.5329,868.0,-96.46709999999996
nist_61651544,,915.215,906.0,9.215000000000032
nist_61691278,,876.6066,901.5,-24.893400000000042
nist_61768026,,709.6784,712.9,-3.2215999999999667
nist_61861413,,921.1265,936.2,-15.073500000000081
nist_61864907,,902.1639,917.4,-15.236099999999965
nist_61907745,,846.926,837.9,9.026000000000067
nist_62056149,,893.4275,883.7,9.727499999999964
nist_62056933,,951.3108,932.3,19.010800000000017
nist_62149732,,831.9749,811.5,20.474900000000048
nist_62208966,,1019.2563,1031.6,-12.343699999999899
nist_62443404,,887.0929,875.5,11.592899999999986
nist_62454036,,992.7576,983.8,8.95760000000007
nist_62690951,,823.0534,821.4,1.6534000000000333
nist_62917729,,985.8751,969.6,16.275099999999952
nist_63107623,,937.6099,928.9,8.709900000000061
nist_63222613,,851.8971,860.2,-8.302900000000022
nist_63366846,,930.8745,998.5,-67.62549999999999
nist_63391401,,960.9253,961.2,-0.27470000000005257
nist_63512504,,916.5082,925.8,-9.291799999999967
nist_63648761,,903.2403,920.4,-17.15969999999993
nist_63730191,,842.6875,886.6,-43.91250000000002
nist_64249680,,987.3156,984.3,3.015600000000063
nist_64300971,,867.8868,864.9,2.9868000000000166
nist_64442260,,818.6543,913.1,-94.44569999999999
nist_64470809,,872.1056,912.7,-40.594400000000064
nist_64477572,,962.752,954.5,8.251999999999953
nist_64669018,,946.6231,927.0,19.623100000000022
nist_64741216,,1038.6064,1033.3,5.30639999999994
nist_64756711,,805.4326,798.7,6.732599999999934
nist_65210752,,874.8543,868.2,6.654299999999921
nist_65313578,,989.8464,978.1,11.746399999999994
nist_65527309,,979.3678,981.8,-2.432199999999966
nist_65583361,,828.4249,820.8,7.624900000000025
nist_65643365,,943.9174,931.2,12.717399999999998
nist_65655118,,537.1906,758.0,-220.80939999999998
nist_65754839,,894.854,885.8,9.054000000000087
nist_65873493,,861.5505,946.2,-84.64949999999999
nist_65915006,,689.2893,691.2,-1.9107000000000198
nist_66013332,,981.4062,928.0,53.40620000000001
nist_66117436,,927.5598,914.6,12.959799999999973
nist_66209958,,952.8696,942.7,10.169599999999946
nist_66286704,,839.124,836.7,2.423999999999978
nist_66340583,,1028.2504,1022.0,6.2503999999999
nist_66365421,,987.4953,977.6,9.89530000000002
nist_66435064,,978.1491,967.5,10.649099999999976
nist_66502088,,919.9431,896.8,23.143100000000004
nist_66507605,,821.478,802.6,18.87799999999993
nist_66604799,,930.3525,926.4,3.9524999999999864
nist_66653298,,929.7817,921.2,8.581699999999955
nist_66753441,,814.3273,814.9,-0.5726999999999407
nist_66766126,,940.1138,933.9,6.213799999999992
nist_66875800,,858.1145,849.1,9.014499999999998
nist_66896775,,853.3223,842.1,11.222300000000018
nist_66943898,,809.7537,882.2,-72.44630000000006
nist_67169490,,882.5445,882.5,0.044499999999970896
nist_67505553,,841.5213,832.7,8.821299999999951
nist_67715422,,883.206,881.1,2.1059999999999945
nist_67754258,,875.408,870.7,4.70799999999997
nist_67793707,,1042.7658,1031.6,11.16579999999999
nist_67884918,,940.7963,929.5,11.296299999999974
nist_67917449,,872.1689,865.1,7.068899999999985
nist_68310362,,776.9204,768.5,8.420399999999972
nist_68468519,,950.5368,941.4,9.136799999999994
nist_68678242,,914.6171,908.9,5.717100000000073
nist_69044174,,835.2745,834.2,1.0744999999999436
nist_69419639,,824.1818,808.2,15.981799999999907
nist_69511256,,837.5901,836.3,1.2901000000000522
nist_69561033,,870.8246,866.4,4.424600000000055
nist_69565169,,913.9796,927.7,-13.72040000000004
nist_69701264,,972.6777,973.0,-0.3223000000000411
nist_69757975,,975.0144,982.5,-7.485599999999977
nist_69812396,,970.4905,939.7,30.790499999999952
nist_69863370,,846.1838,842.6,3.5837999999999965
nist_69873933,,786.5654,786.5,0.06539999999995416
nist_70067459,,830.2261,827.5,2.726099999999974
nist_70080348,,891.9667,886.5,5.466699999999946
nist_70221980,,966.3892,951.7,14.689199999999914
nist_70429599,,847.1229,844.9,2.2228999999999814
nist_70460348,,864.0409,845.8,18.24090000000001
nist_70494540,,969.2566,908.9,60.35660000000007
nist_70548512,,870.0123,866.3,3.7123000000000275
nist_70646670,,897.3568,956.8,-59.44319999999993
nist_70700377,,784.7636,800.3,-15.536399999999958
nist_70773076,,905.5385,911.5,-5.961500000000001
nist_70908279,,829.8385,822.1,7.738499999999931
nist_71079873,,831.3055,838.1,-6.794499999999971
nist_71247262,,816.2503,873.4,-57.14969999999994
nist_71251271,,884.3671,867.9,16.467100000000073
nist_71258481,,925.0597,927.9,-2.8402999999999565
nist_71336265,,861.051,850.5,10.551000000000045
nist_71355630,,765.8108,766.1,-0.28920000000005075
nist_71367297,,879.2766,874.3,4.976600000000076
nist_71413106,,831.6285,832.1,-0.4714999999999918
nist_71459690,,985.031,974.5,10.530999999999949
nist_71526198,,901.3183,898.8,2.5183000000000675
nist_71552108,,817.1336,931.3,-114.16639999999995
nist_71609912,,972.5155,961.7,10.815499999999929
nist_71644349,,926.2527,916.1,10.152699999999982
nist_71655748,,883.1061,877.1,6.006099999999947
nist_71740274,,877.0125,856.9,20.112500000000068
nist_71751185,,951.9159,920.6,31.315899999999942
nist_71799610,,820.1821,822.2,-2.017900000000054
nist_71813559,,757.5837,859.2,-101.61630000000002
nist_71966022,,863.8779,894.8,-30.9221
nist_72019058,,817.0122,802.4,14.61220000000003
nist_72057150,,897.3,900.9,-3.6000000000000227
nist_72059023,,1017.0638,1017.4,-0.33619999999996253
nist_72189567,,888.252,880.6,7.65199999999993
nist_72468975,,943.6534,945.4,-1.746599999999944
nist_72477210,,887.5391,892.0,-4.460900000000038
nist_72513597,,659.7989,681.6,-21.80110000000002
nist_72731146,,834.4922,823.7,10.79219999999998
nist_72732954,,923.865,921.7,2.1649999999999636
nist_72737097,,910.7585,927.9,-17.14149999999995
nist_72843861,,794.9237,911.1,-116.17629999999997
nist_72861983,,927.2333,923.8,3.433300000000031
nist_73033780,,691.2329,834.1,-142.86710000000005
nist_73089694,,959.193,949.1,10.092999999999961
nist_73126347,,974.4633,962.9,11.563300000000027
nist_73135646,,873.6058,864.1,9.505800000000022
nist_73139248,,812.0359,797.6,14.435899999999947
nist_73196366,,856.9015,846.0,10.901500000000055
nist_73250725,,888.512,822.9,65.61199999999997
nist_73253580,,992.9331,989.3,3.633100000000013
nist_73313470,,847.2966,853.7,-6.403400000000033
nist_73362651,,849.5603,864.5,-14.939700000000016
nist_73410882,,893.0999,883.7,9.399900000000002
nist_73574547,,965.5268,906.2,59.326799999999935
nist_73650291,,791.7048,865.8,-74.09519999999998
nist_73751642,,839.4518,835.6,3.8518000000000256
nist_73806986,,828.5444,822.2,6.3443999999999505
nist_73827644,,942.2675,937.8,4.467500000000086
nist_74126587,,822.274,824.9,-2.6259999999999764
nist_74397230,,778.6597,870.1,-91.44029999999998
nist_74566908,,960.803,908.9,51.90300000000002
nist_74647773,,850.6462,847.6,3.046199999999999
nist_74667357,,929.5135,924.8,4.713500000000067
nist_74694959,,851.1503,856.9,-5.749699999999962
nist_74696497,,869.6475,868.2,1.447499999999991
nist_74780065,,730.5113,729.3,1.2113000000000511
nist_74822722,,927.7094,929.5,-1.7906000000000404
nist_75016164,,1005.6007,988.6,17.000699999999938
nist_75212999,,961.9381,955.5,6.438099999999963
nist_75222609,,933.9648,908.9,25.06479999999999
nist_75228200,,784.6384,866.9,-82.26159999999993
nist_75465264,,911.9554,910.0,1.9554000000000542
nist_75474817,,952.1394,960.1,-7.9605999999999995
nist_75497792,,791.5151,813.6,-22.08490000000006
nist_75552763,,948.1691,933.4,14.76909999999998
nist_75562084,,901.9144,906.4,-4.485599999999977
nist_75575267,,965.1217,964.1,1.0217000000000098
nist_75732176,,1070.2837,1071.6,-1.3162999999999556
nist_75797611,,986.2497,976.7,9.549699999999916
nist_75903900,,934.2831,930.3,3.983100000000036
nist_75907129,,852.4972,843.1,9.397199999999998
nist_76013038,,966.586,962.5,4.086000000000013
nist_76090548,,941.617,930.1,11.516999999999939
nist_76213651,,851.2259,847.4,3.825900000000047
nist_76248409,,854.3078,849.4,4.907800000000066
nist_76266323,,967.8628,957.7,10.162799999999947
nist_76342692,,929.0664,914.6,14.466400000000021
nist_76409487,,951.7679,949.1,2.6679000000000315
nist_76447776,,805.875,815.0,-9.125
nist_76581184,,963.6295,964.3,-0.6704999999999472
nist_76603938,,948.8975,1005.4,-56.50249999999994
nist_76950184,,943.0146,944.5,-1.485400000000027
nist_76979014,,922.4117,922.9,-0.4882999999999811
nist_77126152,,985.5184,979.7,5.818399999999997
nist_77186714,,820.5669,824.3,-3.733099999999922
nist_77469894,,838.3511,831.3,7.0511000000000195
nist_77480748,,879.5319,876.2,3.331899999999905
nist_77488444,,847.4501,822.5,24.95010000000002
nist_77567801,,841.1803,839.0,2.1802999999999884
nist_77572073,,793.875,797.0,-3.125
nist_77630009,,745.7857,745.7,0.08569999999997435
nist_77881653,,894.5614,907.1,-12.538599999999974
nist_78060246,,956.6364,949.1,7.536399999999958
nist_78090683,,965.4271,968.5,-3.072900000000004
nist_78117339,,798.1125,784.7,13.412499999999909
nist_78205311,,1032.0256,1027.9,4.125599999999849
nist_78234175,,965.0054,958.6,6.405399999999986
nist_78295119,,946.0544,949.4,-3.3455999999999904
nist_78296687,,922.4808,873.6,48.88080000000002
nist_78451118,,891.4826,855.8,35.68260000000009
nist_78470277,,885.7321,905.9,-20.16790000000003
nist_78711532,,931.746,969.0,-37.25400000000002
nist_78829182,,969.2329,963.4,5.832899999999995
nist_78964640,,747.9573,817.3,-69.34269999999992
nist_78970700,,908.2357,881.6,26.63569999999993
nist_78992368,,865.7908,851.3,14.490800000000036
nist_79348755,,1089.5502,947.1,142.45019999999988
nist_79397311,,1072.4563,1062.7,9.75630000000001
nist_79584522,,957.5777,947.2,10.377700000000004
nist_79608425,,818.6551,801.3,17.355099999999993
nist_79723683,,853.5717,898.9,-45.32830000000001
nist_79753160,,800.0442,858.0,-57.955799999999954
nist_79811619,,853.598,854.9,-1.302000000000021
nist_79889109,,890.9223,902.7,-11.777700000000095
nist_80045212,,996.2008,1014.1,-17.899200000000064
nist_80057899,,841.8416,843.9,-2.058400000000006
nist_80075866,,963.5788,961.0,2.578800000000001
nist_80120975,,761.2658,764.8,-3.5341999999999416
nist_80183436,,983.3126,991.4,-8.087400000000002
nist_80229781,,1077.8084,1036.2,41.60839999999985
nist_80404833,,790.4685,789.2,1.2684999999999036
nist_80461731,,728.7866,722.3,6.486600000000067
nist_80611700,,1035.238,1011.1,24.138000000000034
nist_80613287,,929.5201,907.6,21.920099999999934
nist_80744478,,960.8954,955.4,5.495400000000018
nist_80933345,,801.5654,883.0,-81.43460000000005
nist_81060752,,891.7845,876.7,15.084499999999935
nist_81108276,,1028.5713,992.5,36.071300000000065
nist_81126635,,924.8644,927.5,-2.635599999999954
nist_81276356,,918.3691,903.8,14.569100000000049
nist_81318994,,1039.7428,1048.5,-8.757200000000012
nist_81398916,,969.2548,961.7,7.5548
nist_81534479,,960.6882,954.3,6.388200000000097
nist_81584935,,899.6797,904.3,-4.620299999999929
nist_81660135,,919.9276,925.2,-5.2724000000000615
nist_81808169,,856.651,865.2,-8.549000000000092
nist_82041080,,894.5493,912.8,-18.250699999999938
nist_82122137,,801.5815,795.1,6.481499999999983
nist_82199208,,953.3079,938.4,14.90790000000004
nist_82303087,,786.9995,879.6,-92.60050000000001
nist_82395421,,934.9028,934.8,0.102800000000002
nist_82455891,,662.6637,686.6,-23.936300000000074
nist_82490365,,970.4212,946.9,23.52120000000002
nist_82762830,,1058.7945,1047.9,10.89449999999988
nist_82831749,,1014.9985,1002.0,12.998500000000035
nist_82884258,,921.4415,927.1,-5.658500000000004
nist_82920242,,960.8182,949.3,11.518200000000093
nist_82923257,,1046.5189,1037.9,8.61889999999994
nist_82938045,,938.624,912.3,26.32400000000007
nist_82954434,,850.8502,846.9,3.9501999999999953
nist_82963291,,983.3714,978.0,5.371399999999994
nist_82965047,,931.5905,912.1,19.490499999999997
nist_83081062,,892.6196,894.1,-1.4804000000000315
nist_83106764,,939.3562,935.3,4.05619999999999
nist_83159173,,1010.0545,981.3,28.754500000000007
nist_83181777,,973.8939,955.0,18.89390000000003
nist_83272671,,804.6146,784.0,20.614599999999996
nist_83387160,,946.2483,931.0,15.248299999999972
nist_83417721,,835.8714,812.7,23.17139999999995
nist_83466689,,1058.478,1037.9,20.577999999999975
nist_83472162,,1057.2157,1051.0,6.21569999999997
nist_83571437,,983.6697,972.1,11.569700000000012
nist_83718058,,937.6025,934.1,3.502499999999941
nist_83886981,,938.0723,922.8,15.272300000000087
nist_84007634,,835.708,827.1,8.607999999999947
nist_84097835,,792.0245,833.0,-40.97550000000001
nist_84256660,,942.8642,943.2,-0.33580000000006294
nist_84476945,,1020.5788,993.4,27.178800000000024
nist_84482159,,955.6359,1012.8,-57.16409999999996
nist_84571944,,1034.0931,1023.2,10.893100000000004
nist_84575883,,809.6104,805.6,4.010400000000004
nist_84743362,,957.3224,944.1,13.222399999999993
nist_84761129,,829.6185,812.8,16.818500000000085
nist_84838589,,954.4986,952.2,2.298599999999965
nist_84862435,,930.3507,930.6,-0.24930000000006203
nist_85138385,,1007.4689,998.2,9.268899999999917
nist_85207811,,930.6535,914.2,16.453499999999963
nist_85328337,,796.0924,894.9,-98.80759999999998
nist_85397002,,962.2435,978.2,-15.956500000000005
nist_85477464,,848.569,851.3,-2.7309999999999945
nist_85902541,,832.2596,828.4,3.8596000000000004
nist_85977687,,1020.7177,1018.1,2.6177000000000135
nist_86027788,,931.1235,889.7,41.42349999999999
nist_86072558,,970.4018,959.6,10.801799999999957
nist_86112430,,945.7208,952.4,-6.679199999999923
nist_86123228,,889.7472,848.1,41.6472
nist_86201120,,987.2181,996.0,-8.78189999999995
nist_86237782,,959.8774,959.8,0.07740000000001146
nist_86322619,,929.9408,928.0,1.9407999999999674
nist_86492821,,873.7865,882.2,-8.413499999999999
nist_86544462,,986.5407,942.8,43.74070000000006
nist_86619061,,1053.3425,1013.0,40.34249999999997
nist_86767712,,830.0124,845.2,-15.187600000000089
nist_86827320,,799.2447,803.3,-4.055299999999988
nist_86895699,,894.9441,896.7,-1.755899999999997
nist_86912557,,975.5975,958.3,17.297500000000014
nist_87000699,,950.7298,936.5,14.229799999999955
nist_87056718,,969.9369,957.3,12.636900000000082
nist_87080802,,945.4348,927.0,18.434799999999996
nist_87121924,,997.1316,990.9,6.231600000000071
nist_87304609,,737.7547,723.2,14.554699999999912
nist_87337129,,930.794,872.7,58.09399999999994
nist_87545266,,795.3351,779.3,16.035100000000057
nist_87656350,,895.6389,897.2,-1.5611000000000104
nist_87718690,,1054.8683,1057.7,-2.8316999999999553
nist_87810996,,830.5733,833.7,-3.126700000000028
nist_87843584,,794.4522,820.0,-25.547800000000052
nist_87879580,,966.0433,968.4,-2.3566999999999325
nist_87988676,,931.8454,902.6,29.245400000000018
nist_88214618,,993.235,972.6,20.63499999999999
nist_88224779,,983.187,982.5,0.6870000000000118
nist_88257564,,829.6877,829.0,0.6876999999999498
nist_88338362,,990.1858,983.8,6.3858000000000175
nist_88410350,,769.0236,774.2,-5.176400000000058
nist_88411565,,990.6454,949.9,40.74540000000002
nist_88483682,,871.2387,855.3,15.93870000000004
nist_88509907,,983.8124,983.6,0.21240000000000236
nist_88513716,,953.5673,942.0,11.567300000000046
nist_88552785,,891.8666,895.8,-3.933400000000006
nist_88562104,,948.3179,925.1,23.217899999999986
nist_88600761,,966.6542,968.8,-2.1458000000000084
nist_88603395,,805.0519,787.2,17.8519
nist_88808618,,1006.7208,1001.2,5.520800000000008
nist_88994122,,829.3307,826.8,2.5307000000000244
nist_89144580,,961.739,953.8,7.939000000000078
nist_89245095,,861.8774,868.1,-6.222600000000057
nist_89344068,,954.0782,968.7,-14.621800000000007
nist_89395321,,803.2016,794.9,8.301600000000008
nist_89424885,,833.9409,832.9,1.0409000000000788
nist_89431405,,814.6647,809.5,5.164700000000039
nist_89613571,,808.4028,799.1,9.302799999999934
nist_89724337,,923.0458,987.0,-63.954200000000014
nist_89741864,,921.072,917.8,3.272000000000048
nist_90103179,,887.4123,887.2,0.21229999999991378
nist_90122910,,758.9771,764.4,-5.422900000000027
nist_90291368,,956.152,947.4,8.752000000000066
nist_90491714,,975.7355,897.0,78.7355
nist_90689952,,985.337,979.6,5.736999999999966
nist_90780110,,928.4127,925.1,3.31269999999995
nist_90792840,,786.0169,765.4,20.616899999999987
nist_90841322,,937.7508,927.3,10.450800000000072
nist_90892210,,923.8457,900.3,23.54570000000001
nist_91035289,,958.9349,957.8,1.134900000000016
nist_91203737,,682.7999,711.7,-28.900100000000066
nist_91241069,,902.4823,892.0,10.48230000000001
nist_91268001,,806.3212,878.0,-71.67880000000002
nist_91319477,,934.9786,935.4,-0.4213999999999487
nist_91386008,,968.4789,971.1,-2.6211000000000695
nist_91466481,,848.6579,768.8,79.85790000000009
nist_91538000,,1025.448,1033.3,-7.851999999999862
nist_91585454,,724.7644,740.5,-15.735599999999977
nist_91631626,,1006.2774,947.2,59.0773999999999
nist_91674593,,824.4659,810.9,13.565900000000056
nist_91722981,,924.0715,948.3,-24.22849999999994
nist_91771440,,746.8233,746.9,-0.0766999999999598
nist_91806801,,935.1409,930.2,4.940899999999942
nist_91821934,,987.069,966.0,21.06899999999996
nist_92051179,,942.3478,921.5,20.847800000000007
nist_92182737,,846.0968,849.0,-2.90319999999997
nist_92321253,,778.2608,886.4,-108.13919999999996
nist_92433578,,688.5281,692.0,-3.471900000000005
nist_92466492,,742.6639,757.0,-14.336099999999988
nist_92511409,,994.0294,1006.2,-12.170600000000036
nist_92531283,,938.3256,936.0,2.3256000000000085
nist_92577466,,830.2273,836.8,-6.572699999999941
nist_92586897,,932.0287,954.0,-21.971300000000042
nist_92769601,,732.9806,723.9,9.080600000000004
nist_92826352,,702.0414,702.3,-0.2586000000000013
nist_92967857,,934.7857,929.7,5.085699999999974
nist_93242485,,944.7973,929.0,15.79729999999995
nist_93363990,,937.9451,930.0,7.945100000000025
nist_93453551,,977.404,969.2,8.20399999999995
nist_93470140,,889.8588,902.1,-12.241200000000049
nist_93554490,,850.4983,840.0,10.498299999999972
nist_93654688,,837.2232,829.0,8.22320000000002
nist_93681672,,865.2484,872.7,-7.451600000000099
nist_93844994,,941.9702,966.8,-24.829799999999977
nist_93875324,,905.0234,927.9,-22.87659999999994
nist_93886020,,801.8744,817.4,-15.52559999999994
nist_94118197,,789.2798,792.0,-2.720199999999977
nist_94121651,,856.4853,822.8,33.6853000000001
nist_94165039,,911.1512,902.0,9.151200000000017
nist_94360203,,956.9821,947.6,9.382099999999923
nist_94441191,,884.6629,877.2,7.4628999999999905
nist_94451450,,869.524,864.7,4.823999999999955
nist_94501756,,814.7518,807.4,7.351800000000026
nist_94513551,,827.3315,816.4,10.931500000000028
nist_94688233,,846.8421,834.4,12.442099999999982
nist_94688626,,937.1323,928.4,8.73230000000001
nist_94912342,,884.2221,881.1,3.122099999999932
nist_94936069,,815.3644,815.3,0.0644000000000915
nist_95018475,,778.1451,783.7,-5.554900000000089
nist_95096222,,976.2066,963.4,12.806600000000003
nist_95107797,,839.2482,840.8,-1.5517999999999574
nist_95366619,,766.7111,759.4,7.31110000000001
nist_95621340,,966.1242,948.6,17.52419999999995
nist_95622300,,969.8402,960.3,9.540200000000027
nist_95653395,,963.5036,961.7,1.8035999999999603
nist_95709617,,889.0469,853.2,35.846900000000005
nist_95805390,,858.2294,854.2,4.02940000000001
nist_95869018,,759.193,745.7,13.492999999999938
nist_95986313,,848.9097,830.8,18.10970000000009
nist_96033728,,946.1425,946.2,-0.05750000000000455
nist_96163548,,994.5364,993.1,1.436399999999935
nist_96330256,,959.7942,946.2,13.5942
nist_96358023,,910.5687,894.5,16.068700000000035
nist_96358821,,900.0488,898.8,1.2488000000000739
nist_96472752,,966.4771,952.8,13.677099999999996
nist_96535904,,871.2667,866.9,4.366700000000037
nist_96540549,,889.5425,877.2,12.342499999999973
nist_96680985,,828.4926,826.3,2.192600000000084
nist_96855369,,966.0613,957.9,8.161299999999983
nist_96997414,,862.604,850.8,11.804000000000087
nist_97161324,,997.5152,994.6,2.915200000000027
nist_97344020,,844.0004,842.7,1.3003999999999678
nist_97359272,,947.6877,925.3,22.387699999999995
nist_97450358,,936.2638,913.1,23.163799999999924
nist_97545442,,961.3238,962.8,-1.4761999999999489
nist_97776742,,947.6155,948.3,-0.6844999999999573
nist_97779712,,869.5145,861.1,8.414499999999975
nist_97841162,,844.735,827.4,17.335000000000036
nist_98158216,,900.1447,892.5,7.644699999999943
nist_98174409,,966.1561,952.2,13.956099999999992
nist_98312602,,876.7426,864.7,12.042599999999993
nist_98316702,,921.4072,1005.6,-84.19280000000003
nist_98334366,,925.9993,922.4,3.599299999999971
nist_98393981,,908.3027,904.0,4.302699999999959
nist_98394806,,853.7946,848.6,5.194599999999923
nist_98405505,,895.6107,894.6,1.0106999999999289
nist_98414812,,982.6087,976.0,6.608699999999999
nist_98488712,,989.682,991.0,-1.3179999999999836
nist_98505384,,914.721,984.5,-69.779
nist_98546517,,945.5742,1019.2,-73.62580000000003
nist_98577689,,979.6742,977.2,2.474199999999996
nist_98610883,,726.1119,742.0,-15.888100000000009
nist_98732490,,821.1578,805.6,15.55779999999993
nist_98749423,,1017.2476,978.7,38.54759999999999
nist_98842551,,828.3439,835.7,-7.356100000000083
nist_98918103,,814.8356,831.0,-16.1644
nist_98941014,,798.8054,897.9,-99.09460000000001
nist_98985215,,831.3399,830.2,1.1398999999998978
nist_99136171,,915.8148,932.7,-16.885200000000054
nist_99201539,,803.541,910.3,-106.7589999999999
nist_99330521,,952.1573,950.2,1.9572999999999183
nist_99453322,,848.9436,841.0,7.943599999999947
nist_99848646,,910.4532,935.4,-24.94679999999994
nist_99871064,,927.9242,927.1,0.8242000000000189
nist_99882051,,892.6309,884.6,8.030899999999974
nist_99907871,,998.4799,974.7,23.779899999999998
