record_id,neutral_smiles,pa_pm7,pa_true,raw_pm7_error
kmeans_63176218,C#CCCCCN[C@@H](C=C)C(=O)O,928.9079,953.1157,-24.207799999999907
kmeans_63176218,C#CCCCCN[C@@H](C=C)C(=O)O,926.4627,956.5506,-30.08789999999999
kmeans_63176218,C#CCCCCN[C@@H](C=C)C(=O)O,847.3782,822.2324,25.14580000000001
kmeans_37417822,C#CCCCn1cc(CN)cn1,928.5352,936.6747,-8.139499999999998
kmeans_37417822,C#CCCCn1cc(CN)cn1,885.3509,942.5422,-57.191299999999956
kmeans_12399016,C#CCN(C)CCCN[C@@H](C)C(C)C,952.4702,959.7237,-7.253500000000031
kmeans_12399016,C#CCN(C)CCCN[C@@H](C)C(C)C,979.5659,979.7625,-0.19659999999998945
kmeans_99673236,C#CCNC(=O)c1cnc(S)[nH]1,869.217,901.8133,-32.59630000000004
kmeans_99673236,C#CCNC(=O)c1cnc(S)[nH]1,839.3699,841.9674,-2.597499999999968
kmeans_99673236,C#CCNC(=O)c1cnc(S)[nH]1,838.5174,756.2304,82.28699999999992
kmeans_99673236,C#CCNC(=O)c1cnc(S)[nH]1,913.0639,937.3798,-24.315900000000056
kmeans_52911111,C#CCOCCNC(=O)[C@@H](CC)CO,942.166,806.4146,135.7514000000001
kmeans_52911111,C#CCOCCNC(=O)[C@@H](CC)CO,912.5937,968.0054,-55.411699999999996
kmeans_52911111,C#CCOCCNC(=O)[C@@H](CC)CO,895.4618,830.4342,65.0276
kmeans_52911111,C#CCOCCNC(=O)[C@@H](CC)CO,926.5859,926.5216,0.06430000000000291
kmeans_80564143,C#CCOCCNC(=O)[C@@H](O)CCC,806.1444,960.0854,-153.94100000000003
kmeans_80564143,C#CCOCCNC(=O)[C@@H](O)CCC,886.1284,849.0106,37.1178000000001
kmeans_80564143,C#CCOCCNC(=O)[C@@H](O)CCC,889.5873,931.2876,-41.70029999999997
kmeans_80564143,C#CCOCCNC(=O)[C@@H](O)CCC,899.6656,945.1751,-45.5095
kmeans_47463441,C#CC[C@@H](CO)Nc1ccnc(C)n1,925.3774,988.1236,-62.746200000000044
kmeans_47463441,C#CC[C@@H](CO)Nc1ccnc(C)n1,947.1336,1001.6715,-54.537900000000036
kmeans_47463441,C#CC[C@@H](CO)Nc1ccnc(C)n1,875.2228,903.1441,-27.921299999999974
kmeans_47463441,C#CC[C@@H](CO)Nc1ccnc(C)n1,870.6986,892.7785,-22.079899999999952
kmeans_86439409,C#C[C@H](CC)N[C@@H]1CC[C@@H](C#N)C1,920.9058,921.9473,-1.0415000000000418
kmeans_86439409,C#C[C@H](CC)N[C@@H]1CC[C@@H](C#N)C1,845.9997,830.8904,15.109299999999962
kmeans_46279368,C#C[C@H](N[C@@H]1CCOC[C@@H]1C)C(C)C,938.1464,933.5277,4.61869999999999
kmeans_46279368,C#C[C@H](N[C@@H]1CCOC[C@@H]1C)C(C)C,966.3918,841.9998,124.39199999999994
kmeans_44794831,C/C=C/C(=O)N1CC[C@@H]1C(=O)O,920.4766,946.8619,-26.38530000000003
kmeans_44794831,C/C=C/C(=O)N1CC[C@@H]1C(=O)O,859.2418,972.3099,-113.06809999999996
kmeans_44794831,C/C=C/C(=O)N1CC[C@@H]1C(=O)O,906.8966,949.8483,-42.95169999999996
kmeans_44794831,C/C=C/C(=O)N1CC[C@@H]1C(=O)O,891.431,876.5003,14.930700000000002
kmeans_48175504,C/C=C/C(=O)NCCN(CC)C(C)C,889.8567,1026.5506,-136.69389999999999
kmeans_48175504,C/C=C/C(=O)NCCN(CC)C(C)C,957.3622,981.7442,-24.381999999999948
kmeans_48175504,C/C=C/C(=O)NCCN(CC)C(C)C,892.7647,917.1199,-24.35520000000008
kmeans_55709881,C/C=C/COC(=O)C1(C(=O)O)CC1,798.4674,819.6528,-21.18539999999996
kmeans_55709881,C/C=C/COC(=O)C1(C(=O)O)CC1,844.0022,893.2047,-49.202499999999986
kmeans_55709881,C/C=C/COC(=O)C1(C(=O)O)CC1,771.6198,801.907,-30.287199999999984
kmeans_55709881,C/C=C/COC(=O)C1(C(=O)O)CC1,828.1735,845.1257,-16.95220000000006
kmeans_68640079,C/N=C(/NC)N1CC[C@@H](C(=O)O)C1,915.8068,956.8542,-41.04740000000004
kmeans_68640079,C/N=C(/NC)N1CC[C@@H](C(=O)O)C1,907.6532,913.6799,-6.026700000000005
kmeans_68640079,C/N=C(/NC)N1CC[C@@H](C(=O)O)C1,1016.1001,1063.3338,-47.23370000000011
kmeans_68640079,C/N=C(/NC)N1CC[C@@H](C(=O)O)C1,915.066,936.4762,-21.410199999999918
kmeans_68640079,C/N=C(/NC)N1CC[C@@H](C(=O)O)C1,915.5976,811.668,103.92960000000005
kmeans_75232473,C1=CC[C@@H](CNC[C@@H]2COCO2)CC1,946.6286,969.7147,-23.086099999999988
kmeans_75232473,C1=CC[C@@H](CNC[C@@H]2COCO2)CC1,941.6753,980.6622,-38.98689999999999
kmeans_75232473,C1=CC[C@@H](CNC[C@@H]2COCO2)CC1,956.2765,818.3096,137.9669
kmeans_38897451,C1CC(CNC2CCNCC2)CCN1,949.1212,945.4409,3.6802999999999884
kmeans_38897451,C1CC(CNC2CCNCC2)CCN1,944.6631,992.587,-47.9239
kmeans_38897451,C1CC(CNC2CCNCC2)CCN1,920.3413,970.3821,-50.04079999999999
kmeans_16669097,C1CC[C@@H](CN[C@@H]2CCOC2)OC1,958.3508,969.4459,-11.095100000000002
kmeans_16669097,C1CC[C@@H](CN[C@@H]2CCOC2)OC1,958.7952,866.5031,92.2921
kmeans_16669097,C1CC[C@@H](CN[C@@H]2CCOC2)OC1,904.6538,861.3641,43.28970000000004
kmeans_26948720,C=C(C)CNC(=O)C1(C#N)CCC1,791.4118,819.1825,-27.770700000000033
kmeans_26948720,C=C(C)CNC(=O)C1(C#N)CCC1,841.8741,821.7139,20.16020000000003
kmeans_26948720,C=C(C)CNC(=O)C1(C#N)CCC1,843.5264,862.8798,-19.35340000000008
kmeans_71327853,C=C(CC)CNc1cc(N)ncn1,858.9696,875.343,-16.373399999999947
kmeans_71327853,C=C(CC)CNc1cc(N)ncn1,935.4922,989.2167,-53.72449999999992
kmeans_71327853,C=C(CC)CNc1cc(N)ncn1,936.2856,990.7313,-54.44569999999999
kmeans_71327853,C=C(CC)CNc1cc(N)ncn1,881.9705,910.5561,-28.5856
kmeans_03210311,C=C(CC)CNc1nccs1,948.7001,965.9311,-17.230999999999995
kmeans_03210311,C=C(CC)CNc1nccs1,867.7937,887.9556,-20.16190000000006
kmeans_75368074,C=CC(=O)N(CCC)[C@@H](C)C(=O)O,894.848,811.3831,83.46489999999994
kmeans_75368074,C=CC(=O)N(CCC)[C@@H](C)C(=O)O,891.5623,918.8751,-27.312799999999925
kmeans_75368074,C=CC(=O)N(CCC)[C@@H](C)C(=O)O,860.5944,892.8813,-32.28690000000006
kmeans_75368074,C=CC(=O)N(CCC)[C@@H](C)C(=O)O,882.7605,921.9536,-39.19310000000007
kmeans_29281710,C=CC(=O)N[C@@H](C)Cc1cccs1,858.0619,870.2491,-12.187199999999962
kmeans_29281710,C=CC(=O)N[C@@H](C)Cc1cccs1,891.1833,919.1131,-27.9298
kmeans_54002230,C=CC(=O)N[C@@H](CC)CN1CCCC1,1005.3574,921.0243,84.33309999999994
kmeans_54002230,C=CC(=O)N[C@@H](CC)CN1CCCC1,997.825,1024.4292,-26.60419999999999
kmeans_54002230,C=CC(=O)N[C@@H](CC)CN1CCCC1,903.3225,842.1267,61.19579999999996
kmeans_25077714,C=CCCCC(=O)N1CC[C@@](C)(O)C1,877.3031,897.657,-20.353900000000067
kmeans_25077714,C=CCCCC(=O)N1CC[C@@](C)(O)C1,890.4631,926.2212,-35.7580999999999
kmeans_25077714,C=CCCCC(=O)N1CC[C@@](C)(O)C1,798.6329,806.615,-7.9821000000000595
kmeans_90091048,C=CCCONC(=O)[C@@H](O)CCC,864.0172,910.4143,-46.39710000000002
kmeans_90091048,C=CCCONC(=O)[C@@H](O)CCC,864.0162,896.8077,-32.79149999999993
kmeans_90091048,C=CCCONC(=O)[C@@H](O)CCC,853.8986,835.4129,18.48569999999995
kmeans_90091048,C=CCCONC(=O)[C@@H](O)CCC,889.231,911.2958,-22.06479999999999
kmeans_82343259,C=CCC[C@@H](CC)NCCC#N,827.1729,809.5575,17.615400000000022
kmeans_82343259,C=CCC[C@@H](CC)NCCC#N,914.7238,930.6478,-15.923999999999978
kmeans_67136393,C=CCNC(=O)/C=C/C(=O)O,819.471,798.7009,20.770099999999957
kmeans_67136393,C=CCNC(=O)/C=C/C(=O)O,766.2776,808.3904,-42.11279999999999
kmeans_67136393,C=CCNC(=O)/C=C/C(=O)O,782.9288,758.6446,24.284200000000055
kmeans_67136393,C=CCNC(=O)/C=C/C(=O)O,845.241,875.3219,-30.080900000000042
kmeans_38272574,C=CCNC(=O)CN1CCNCC1=O,870.2918,877.8213,-7.5294999999999845
kmeans_38272574,C=CCNC(=O)CN1CCNCC1=O,869.9568,920.4187,-50.4618999999999
kmeans_38272574,C=CCNC(=O)CN1CCNCC1=O,904.206,952.7494,-48.54340000000002
kmeans_38272574,C=CCNC(=O)CN1CCNCC1=O,841.1263,867.1281,-26.001800000000003
kmeans_38272574,C=CCNC(=O)CN1CCNCC1=O,879.7611,960.4669,-80.70579999999995
kmeans_85025620,C=CCNC(=O)[C@@]1(C)C[C@@H](N)CCO1,882.4237,843.49,38.933700000000044
kmeans_85025620,C=CCNC(=O)[C@@]1(C)C[C@@H](N)CCO1,888.2971,898.941,-10.64390000000003
kmeans_85025620,C=CCNC(=O)[C@@]1(C)C[C@@H](N)CCO1,986.6769,913.3459,73.33100000000002
kmeans_85025620,C=CCNC(=O)[C@@]1(C)C[C@@H](N)CCO1,934.8826,913.8852,20.99739999999997
kmeans_15882186,C=CC[C@@H](C)NC(=O)NOCC(=C)C,898.2797,933.3653,-35.0856
kmeans_15882186,C=CC[C@@H](C)NC(=O)NOCC(=C)C,891.1474,930.974,-39.8266000000001
kmeans_15882186,C=CC[C@@H](C)NC(=O)NOCC(=C)C,849.6017,866.1425,-16.54079999999999
kmeans_15882186,C=CC[C@@H](C)NC(=O)NOCC(=C)C,869.9995,878.7137,-8.714200000000005
kmeans_14739108,C=C[C@@H](C(=O)O)N(C)CC(=O)NC,899.7466,900.3605,-0.6139000000000578
kmeans_14739108,C=C[C@@H](C(=O)O)N(C)CC(=O)NC,924.671,988.1068,-63.43579999999997
kmeans_14739108,C=C[C@@H](C(=O)O)N(C)CC(=O)NC,892.4,974.0404,-81.6404
kmeans_14739108,C=C[C@@H](C(=O)O)N(C)CC(=O)NC,912.9609,955.5068,-42.54589999999996
kmeans_14739108,C=C[C@@H](C(=O)O)N(C)CC(=O)NC,939.7654,968.1441,-28.37869999999998
kmeans_23858329,C=C[C@H](CO)NCc1ccc(CC)o1,927.3878,973.2465,-45.8587
kmeans_23858329,C=C[C@H](CO)NCc1ccc(CC)o1,938.8688,985.3554,-46.48660000000007
kmeans_19486385,CC#CC(=O)N[C@@H]1C=CS(=O)(=O)C1,859.1538,860.3912,-1.2373999999999796
kmeans_19486385,CC#CC(=O)N[C@@H]1C=CS(=O)(=O)C1,893.3845,827.2838,66.10069999999996
kmeans_19486385,CC#CC(=O)N[C@@H]1C=CS(=O)(=O)C1,849.4238,820.1938,29.230000000000018
kmeans_91375795,CC#CCN(CC)CCC(=O)O,939.4264,990.2341,-50.80770000000007
kmeans_91375795,CC#CCN(CC)CCC(=O)O,959.6601,975.1146,-15.454499999999939
kmeans_91375795,CC#CCN(CC)CCC(=O)O,900.7146,1001.3749,-100.6603
kmeans_56273810,CC#CCN1CC[C@@H](C)[C@@H](CO)C1,1017.6463,795.6729,221.97339999999997
kmeans_56273810,CC#CCN1CC[C@@H](C)[C@@H](CO)C1,979.2572,975.3839,3.873299999999972
kmeans_04241750,CC(=NOCC(N)=O)c1occc1C,860.3676,878.2236,-17.855999999999995
kmeans_04241750,CC(=NOCC(N)=O)c1occc1C,925.3457,909.1039,16.241800000000012
kmeans_04241750,CC(=NOCC(N)=O)c1occc1C,883.337,982.241,-98.904
kmeans_04241750,CC(=NOCC(N)=O)c1occc1C,873.8878,982.2327,-108.34490000000005
kmeans_64100767,CC(=O)NCCN1CCC[C@@H]1C,970.1425,981.0596,-10.917100000000005
kmeans_64100767,CC(=O)NCCN1CCC[C@@H]1C,905.6472,897.0361,8.611099999999965
kmeans_64100767,CC(=O)NCCN1CCC[C@@H]1C,841.3641,839.5576,1.8065000000000282
kmeans_40665259,CC(=O)Nc1cc(CC2CC2)[nH]n1,863.9683,953.064,-89.09569999999997
kmeans_40665259,CC(=O)Nc1cc(CC2CC2)[nH]n1,920.1991,973.9025,-53.70339999999999
kmeans_40665259,CC(=O)Nc1cc(CC2CC2)[nH]n1,844.3958,843.6836,0.7122000000000526
kmeans_21774939,CC(=O)S[C@@H]1CCC[C@H]1O,861.2566,867.8514,-6.594799999999964
kmeans_21774939,CC(=O)S[C@@H]1CCC[C@H]1O,861.2573,914.5494,-53.292100000000005
kmeans_21774939,CC(=O)S[C@@H]1CCC[C@H]1O,846.4965,832.3332,14.163299999999936
kmeans_19196405,CC(C)(C#N)NC(=O)Cn1cccn1,875.1949,870.2018,4.993099999999913
kmeans_19196405,CC(C)(C#N)NC(=O)Cn1cccn1,875.1982,934.8812,-59.68299999999999
kmeans_19196405,CC(C)(C#N)NC(=O)Cn1cccn1,827.2826,821.0021,6.280499999999961
kmeans_19196405,CC(C)(C#N)NC(=O)Cn1cccn1,868.5754,921.3414,-52.766000000000076
kmeans_11747001,CC(C)(O)CCNc1ncc(O)cn1,881.188,949.9849,-68.79690000000005
kmeans_11747001,CC(C)(O)CCNc1ncc(O)cn1,878.7284,964.2008,-85.4724
kmeans_11747001,CC(C)(O)CCNc1ncc(O)cn1,719.893,777.0829,-57.189899999999966
kmeans_11747001,CC(C)(O)CCNc1ncc(O)cn1,913.7194,829.1052,84.61419999999998
kmeans_69495570,CC(C)(O)c1cn(CC2CC2)nn1,892.5389,972.5386,-79.99969999999996
kmeans_69495570,CC(C)(O)c1cn(CC2CC2)nn1,872.4924,972.5407,-100.04830000000004
kmeans_69495570,CC(C)(O)c1cn(CC2CC2)nn1,846.8062,903.5814,-56.77520000000004
kmeans_73357719,CC(C)CC(=O)N(C)CCC(=O)O,907.2678,928.9923,-21.724500000000035
kmeans_73357719,CC(C)CC(=O)N(C)CCC(=O)O,842.3467,890.9891,-48.64239999999995
kmeans_73357719,CC(C)CC(=O)N(C)CCC(=O)O,907.2678,750.6825,156.58529999999996
kmeans_73357719,CC(C)CC(=O)N(C)CCC(=O)O,928.0325,791.9702,136.06230000000005
kmeans_01103658,CC(C)CCCN(C)C1(CO)CCC1,977.9298,1017.3879,-39.458099999999945
kmeans_01103658,CC(C)CCCN(C)C1(CO)CCC1,958.3405,1017.1564,-58.81589999999994
kmeans_81712707,CC(C)CNC(=O)CCc1nc[nH]n1,921.7851,994.6387,-72.85359999999991
kmeans_81712707,CC(C)CNC(=O)CCc1nc[nH]n1,959.2186,997.49,-38.27139999999997
kmeans_81712707,CC(C)CNC(=O)CCc1nc[nH]n1,827.6692,894.8656,-67.19639999999993
kmeans_81712707,CC(C)CNC(=O)CCc1nc[nH]n1,922.4879,912.4029,10.084999999999923
kmeans_19837929,CC(C)CNC1(CN(C)C)CCC1,1000.4757,981.7134,18.762299999999982
kmeans_19837929,CC(C)CNC1(CN(C)C)CCC1,997.5645,966.3826,31.181899999999928
kmeans_44416928,CC(C)CNCCCCN(C)C1CC1,1034.4649,981.9454,52.519499999999994
kmeans_44416928,CC(C)CNCCCCN(C)C1CC1,957.1963,970.3326,-13.136300000000006
kmeans_09820628,CC(C)CSCC(C)(CO)CO,840.925,884.0379,-43.11290000000008
kmeans_09820628,CC(C)CSCC(C)(CO)CO,882.9234,873.0206,9.90280000000007
kmeans_92260010,CC(C)C[C@@]1(C)NCCNC1=O,899.5211,935.2851,-35.76400000000001
kmeans_92260010,CC(C)C[C@@]1(C)NCCNC1=O,878.6592,909.1596,-30.5003999999999
kmeans_92260010,CC(C)C[C@@]1(C)NCCNC1=O,851.3669,859.1169,-7.75
kmeans_09176426,CC(C)C[C@H](C)N1CC[C@@H]([C@@H](C)O)C1,995.5404,818.5679,176.97249999999997
kmeans_09176426,CC(C)C[C@H](C)N1CC[C@@H]([C@@H](C)O)C1,994.075,997.9313,-3.8562999999999192
kmeans_67842562,CC(C)N(CCC[C@@H](C)O)C(C)C,1008.9936,803.7809,205.21270000000004
kmeans_67842562,CC(C)N(CCC[C@@H](C)O)C(C)C,949.2408,1009.5791,-60.338300000000004
kmeans_86032705,CC(C)[C@@H](C)SCc1cnn[nH]1,814.6488,909.4115,-94.7627
kmeans_86032705,CC(C)[C@@H](C)SCc1cnn[nH]1,872.4236,947.8261,-75.40250000000003
kmeans_86032705,CC(C)[C@@H](C)SCc1cnn[nH]1,862.013,855.7827,6.230300000000057
kmeans_34280106,CC(C)[C@@H](CCO)NC(=O)CON,884.0592,936.526,-52.46679999999992
kmeans_34280106,CC(C)[C@@H](CCO)NC(=O)CON,898.3049,908.097,-9.792100000000005
kmeans_34280106,CC(C)[C@@H](CCO)NC(=O)CON,936.0944,922.8253,13.26909999999998
kmeans_34280106,CC(C)[C@@H](CCO)NC(=O)CON,925.0203,915.4374,9.582899999999995
kmeans_34280106,CC(C)[C@@H](CCO)NC(=O)CON,886.2029,857.0255,29.177400000000034
kmeans_14626849,CC(C)c1ccc([C@@H](C)O)cn1,940.5192,985.3851,-44.86590000000001
kmeans_14626849,CC(C)c1ccc([C@@H](C)O)cn1,837.5143,878.8574,-41.343099999999936
kmeans_35007591,CC1(C)C(=O)NC(=O)N1CC(N)=O,796.4611,838.8068,-42.345699999999965
kmeans_35007591,CC1(C)C(=O)NC(=O)N1CC(N)=O,789.0965,775.654,13.442499999999995
kmeans_35007591,CC1(C)C(=O)NC(=O)N1CC(N)=O,858.977,863.9939,-5.016900000000078
kmeans_35007591,CC1(C)C(=O)NC(=O)N1CC(N)=O,832.5151,837.4458,-4.930700000000002
kmeans_35007591,CC1(C)C(=O)NC(=O)N1CC(N)=O,836.885,911.7538,-74.86879999999996
kmeans_35007591,CC1(C)C(=O)NC(=O)N1CC(N)=O,798.203,850.5968,-52.393800000000056
kmeans_85244239,CC1(C)NCC[C@@H]1NS(C)(=O)=O,894.0907,854.7565,39.33420000000001
kmeans_85244239,CC1(C)NCC[C@@H]1NS(C)(=O)=O,951.482,950.6861,0.7958999999999605
kmeans_85244239,CC1(C)NCC[C@@H]1NS(C)(=O)=O,885.4021,846.3133,39.08879999999999
kmeans_08672997,CC1CC(N[C@@H]2CCO[C@@H]2C)C1,945.2928,968.0804,-22.787599999999998
kmeans_08672997,CC1CC(N[C@@H]2CCO[C@@H]2C)C1,824.1955,969.4634,-145.26789999999994
kmeans_41873917,CC1CC(c2nc(CN)cs2)C1,958.9982,983.5144,-24.516200000000026
kmeans_41873917,CC1CC(c2nc(CN)cs2)C1,944.3406,954.4452,-10.104600000000005
kmeans_48989999,CCC(CC)NCCc1ccc(C)o1,944.5572,963.3136,-18.756399999999985
kmeans_71570153,CCC(CC)NC[C@@](C)(CC)OC,963.1528,1010.2881,-47.13530000000003
kmeans_71570153,CCC(CC)NC[C@@](C)(CC)OC,905.7042,866.6242,39.08000000000004
kmeans_10943521,CCC/C=C/C(=O)NCCCN(C)C,848.6149,882.8588,-34.24389999999994
kmeans_10943521,CCC/C=C/C(=O)NCCCN(C)C,954.5874,987.0439,-32.456500000000005
kmeans_10943521,CCC/C=C/C(=O)NCCCN(C)C,899.1034,939.3151,-40.211700000000064
kmeans_78011362,CCCC1(C(=O)N[C@H]2CC2(C)C)CC1,858.1734,881.0669,-22.893500000000017
kmeans_78011362,CCCC1(C(=O)N[C@H]2CC2(C)C)CC1,898.1243,940.9672,-42.8429000000001
kmeans_97461138,CCCCCCCN[C@@H]1CCOC1,944.3485,969.4826,-25.134100000000103
kmeans_97461138,CCCCCCCN[C@@H]1CCOC1,795.6633,847.2805,-51.61719999999991
kmeans_78792009,CCCCCN(C)CCN,969.8492,975.9129,-6.06370000000004
kmeans_78792009,CCCCCN(C)CCN,900.293,921.6654,-21.37239999999997
kmeans_99519582,CCCCCN(C)CC[C@@H](C)O,930.3223,998.0435,-67.72119999999995
kmeans_99519582,CCCCCN(C)CC[C@@H](C)O,991.6286,817.5166,174.11199999999997
kmeans_57258388,CCCCCNC(=O)c1cnnn1C,811.2348,905.2847,-94.0499000000001
kmeans_57258388,CCCCCNC(=O)c1cnnn1C,819.4069,857.9523,-38.545400000000086
kmeans_57258388,CCCCCNC(=O)c1cnnn1C,866.7716,947.4732,-80.70159999999998
kmeans_57258388,CCCCCNC(=O)c1cnnn1C,839.4674,888.8207,-49.35329999999999
kmeans_35277503,CCCCCNCc1cnn(C)n1,937.5224,985.4721,-47.94970000000001
kmeans_35277503,CCCCCNCc1cnn(C)n1,835.8209,927.5615,-91.74059999999997
kmeans_35277503,CCCCCNCc1cnn(C)n1,838.3331,905.61,-67.27690000000007
kmeans_82613834,CCCCC[C@@H](C)N1C(=O)CNC1=O,804.9682,851.2643,-46.296100000000024
kmeans_82613834,CCCCC[C@@H](C)N1C(=O)CNC1=O,794.3624,791.137,3.225400000000036
kmeans_82613834,CCCCC[C@@H](C)N1C(=O)CNC1=O,825.3958,819.6959,5.699899999999957
kmeans_82613834,CCCCC[C@@H](C)N1C(=O)CNC1=O,826.8451,854.9506,-28.105500000000006
kmeans_73013034,CCCCNC(=O)C1(C(N)=O)CCC1,847.7582,894.0894,-46.33119999999997
kmeans_73013034,CCCCNC(=O)C1(C(N)=O)CCC1,869.8879,904.4863,-34.59840000000008
kmeans_73013034,CCCCNC(=O)C1(C(N)=O)CCC1,896.8699,948.613,-51.74310000000003
kmeans_73013034,CCCCNC(=O)C1(C(N)=O)CCC1,906.393,910.8046,-4.411600000000021
kmeans_53263976,CCCCS(=O)(=O)N(C)CCN,925.5946,847.6368,77.95780000000002
kmeans_53263976,CCCCS(=O)(=O)N(C)CCN,974.7302,968.4113,6.318899999999985
kmeans_53263976,CCCCS(=O)(=O)N(C)CCN,875.3423,922.3353,-46.99299999999994
kmeans_60144329,CCCC[C@@H](C)N(C)C(=O)[C@H](C)N,925.3172,943.8879,-18.570699999999988
kmeans_60144329,CCCC[C@@H](C)N(C)C(=O)[C@H](C)N,948.9047,992.1465,-43.2417999999999
kmeans_60144329,CCCC[C@@H](C)N(C)C(=O)[C@H](C)N,900.2494,909.097,-8.847599999999943
kmeans_62476566,CCCC[C@@H](C)[C@@H](C)NCCCC#N,956.7851,948.7042,8.080900000000042
kmeans_62476566,CCCC[C@@H](C)[C@@H](C)NCCCC#N,933.9816,813.3788,120.6028
kmeans_13751043,CCCN(C)CC(=O)NC1CC(=O)C1,845.8644,851.3235,-5.459099999999921
kmeans_13751043,CCCN(C)CC(=O)NC1CC(=O)C1,918.9108,984.6723,-65.76149999999996
kmeans_13751043,CCCN(C)CC(=O)NC1CC(=O)C1,870.7783,974.5034,-103.72510000000011
kmeans_13751043,CCCN(C)CC(=O)NC1CC(=O)C1,855.2328,855.4853,-0.25250000000005457
kmeans_92962510,CCCN1CC[C@H](NC[C@@H]2C[C@@H]2C)C1,930.5016,984.0549,-53.55329999999992
kmeans_92962510,CCCN1CC[C@H](NC[C@@H]2C[C@@H]2C)C1,963.1103,975.9358,-12.82549999999992
kmeans_99042669,CCCNC(=O)Nc1nc(C)no1,922.0768,904.3949,17.68190000000004
kmeans_99042669,CCCNC(=O)Nc1nc(C)no1,811.2851,820.2888,-9.00369999999998
kmeans_99042669,CCCNC(=O)Nc1nc(C)no1,795.2888,807.4035,-12.11469999999997
kmeans_99042669,CCCNC(=O)Nc1nc(C)no1,860.2822,870.3026,-10.020399999999995
kmeans_99042669,CCCNC(=O)Nc1nc(C)no1,859.6066,910.9963,-51.38970000000006
kmeans_09226515,CCCOc1cc(N)n[nH]1,879.3863,906.8749,-27.48860000000002
kmeans_09226515,CCCOc1cc(N)n[nH]1,919.9683,984.871,-64.90269999999998
kmeans_09226515,CCCOc1cc(N)n[nH]1,704.7304,774.8565,-70.12609999999995
kmeans_87666647,CCC[C@@H](C)NCc1cnnn1C,886.1202,963.6913,-77.5711
kmeans_87666647,CCC[C@@H](C)NCc1cnnn1C,840.8092,917.8102,-77.00099999999998
kmeans_87666647,CCC[C@@H](C)NCc1cnnn1C,907.6146,929.4221,-21.807500000000005
kmeans_27964177,CCC[C@@H](N)C(=O)c1ccccc1,921.7706,960.3855,-38.614900000000034
kmeans_27964177,CCC[C@@H](N)C(=O)c1ccccc1,875.0482,938.9931,-63.944900000000075
kmeans_42520645,CCN(C(=O)CCC(C)(C)O)C1CC1,915.3757,925.1814,-9.805700000000002
kmeans_42520645,CCN(C(=O)CCC(C)(C)O)C1CC1,873.7712,885.7235,-11.952299999999923
kmeans_42520645,CCN(C(=O)CCC(C)(C)O)C1CC1,963.4361,995.5718,-32.13570000000004
kmeans_14813671,CCN(C)C(=O)NC[C@@H](C)N,893.4955,898.7407,-5.245199999999954
kmeans_14813671,CCN(C)C(=O)NC[C@@H](C)N,979.3031,1011.4623,-32.159200000000055
kmeans_14813671,CCN(C)C(=O)NC[C@@H](C)N,854.3882,882.928,-28.539800000000014
kmeans_14813671,CCN(C)C(=O)NC[C@@H](C)N,986.5757,930.2388,56.336900000000014
kmeans_00223830,CCN(C)C(=O)c1cccnc1NC,931.4244,983.0866,-51.662199999999984
kmeans_00223830,CCN(C)C(=O)c1cccnc1NC,913.2303,941.0301,-27.79979999999989
kmeans_00223830,CCN(C)C(=O)c1cccnc1NC,913.7079,910.8821,2.8257999999999583
kmeans_00223830,CCN(C)C(=O)c1cccnc1NC,893.1987,918.8497,-25.650999999999954
kmeans_17561029,CCN(C)C(C)(C)C(=O)O,936.9425,977.559,-40.616499999999974
kmeans_17561029,CCN(C)C(C)(C)C(=O)O,846.2186,807.0814,39.13720000000001
kmeans_17561029,CCN(C)C(C)(C)C(=O)O,937.1563,970.4667,-33.31039999999996
kmeans_60748450,CCN(CC)C[C@@H]1CCCN1,980.8933,999.3965,-18.503199999999993
kmeans_60748450,CCN(CC)C[C@@H]1CCCN1,974.3006,996.5538,-22.253199999999993
kmeans_41235464,CCN(CCC(=O)O)CC[C@@H](C)O,912.0031,990.2717,-78.26859999999999
kmeans_41235464,CCN(CCC(=O)O)CC[C@@H](C)O,974.3361,811.0093,163.32679999999993
kmeans_41235464,CCN(CCC(=O)O)CC[C@@H](C)O,980.847,964.4403,16.4067
kmeans_41235464,CCN(CCC(=O)O)CC[C@@H](C)O,957.5115,823.1061,134.4054
kmeans_97194909,CCN(CCCO)[C@@H]1C=CCCC1,951.9959,1002.9699,-50.974000000000046
kmeans_97194909,CCN(CCCO)[C@@H]1C=CCCC1,993.7075,790.3945,203.313
kmeans_56439915,CCN1C[C@@H](C(=O)O)CC1=O,840.4258,844.9754,-4.549600000000055
kmeans_56439915,CCN1C[C@@H](C(=O)O)CC1=O,751.4502,792.8311,-41.3809
kmeans_56439915,CCN1C[C@@H](C(=O)O)CC1=O,852.2476,898.3421,-46.094499999999925
kmeans_56439915,CCN1C[C@@H](C(=O)O)CC1=O,762.3227,748.8699,13.452800000000025
kmeans_18558350,CCNC(=O)CC(=O)N[C@H]1CC1(C)C,892.4979,943.182,-50.68410000000006
kmeans_18558350,CCNC(=O)CC(=O)N[C@H]1CC1(C)C,876.808,887.7327,-10.92470000000003
kmeans_18558350,CCNC(=O)CC(=O)N[C@H]1CC1(C)C,905.1391,962.6879,-57.54880000000003
kmeans_18558350,CCNC(=O)CC(=O)N[C@H]1CC1(C)C,883.1881,894.6538,-11.465700000000083
kmeans_48197778,CCNC(=O)CCOC,904.7897,949.9866,-45.196899999999914
kmeans_48197778,CCNC(=O)CCOC,916.2069,943.4266,-27.21969999999999
kmeans_48197778,CCNC(=O)CCOC,882.5273,878.9373,3.589999999999918
kmeans_53706547,CCNC(=O)CO[C@@H]1CCCC[C@@H]1C,884.0688,928.3353,-44.26649999999995
kmeans_53706547,CCNC(=O)CO[C@@H]1CCCC[C@@H]1C,882.6537,868.2744,14.379299999999944
kmeans_53706547,CCNC(=O)CO[C@@H]1CCCC[C@@H]1C,905.479,957.1214,-51.64239999999995
kmeans_27283602,CCNC(=O)C[C@@H](C)C1CCCCC1,842.4014,825.4583,16.94309999999996
kmeans_27283602,CCNC(=O)C[C@@H](C)C1CCCCC1,887.698,903.939,-16.240999999999985
kmeans_08782030,CCNC(=O)N1CC(n2ccnc2)C1,931.1285,964.1364,-33.00789999999995
kmeans_08782030,CCNC(=O)N1CC(n2ccnc2)C1,859.0403,915.0824,-56.042100000000005
kmeans_08782030,CCNC(=O)N1CC(n2ccnc2)C1,836.4811,857.8391,-21.35800000000006
kmeans_08782030,CCNC(=O)N1CC(n2ccnc2)C1,853.8994,880.1937,-26.29430000000002
kmeans_76833434,CCNC(=O)[C@@H]1C[C@@H]1C(=O)OC,879.1989,972.5781,-93.37919999999997
kmeans_76833434,CCNC(=O)[C@@H]1C[C@@H]1C(=O)OC,875.0183,881.4303,-6.412000000000035
kmeans_76833434,CCNC(=O)[C@@H]1C[C@@H]1C(=O)OC,910.677,972.5697,-61.89269999999999
kmeans_76833434,CCNC(=O)[C@@H]1C[C@@H]1C(=O)OC,816.8847,876.4208,-59.53610000000003
kmeans_36232782,CCNCCNC(=O)NCC1(C)CC1,985.0982,1028.337,-43.23879999999997
kmeans_36232782,CCNCCNC(=O)NCC1(C)CC1,897.4904,917.5879,-20.097499999999968
kmeans_36232782,CCNCCNC(=O)NCC1(C)CC1,875.9219,922.944,-47.02209999999991
kmeans_36232782,CCNCCNC(=O)NCC1(C)CC1,875.1514,931.6539,-56.502500000000055
kmeans_02871683,CCO/C=C/C(=O)NC1CCOCC1,909.6059,934.0365,-24.430600000000027
kmeans_02871683,CCO/C=C/C(=O)NC1CCOCC1,872.199,896.791,-24.5920000000001
kmeans_02871683,CCO/C=C/C(=O)NC1CCOCC1,725.704,756.3688,-30.664800000000014
kmeans_02871683,CCO/C=C/C(=O)NC1CCOCC1,889.5159,827.1259,62.389999999999986
kmeans_00845735,CCOC(=O)C(C)(C)C1(O)CCC1,879.0033,816.9339,62.06939999999997
kmeans_00845735,CCOC(=O)C(C)(C)C1(O)CCC1,845.692,922.8736,-77.1816
kmeans_00845735,CCOC(=O)C(C)(C)C1(O)CCC1,799.7333,863.2428,-63.5095
kmeans_52854657,CCOC(=O)CNCC(C)C,913.1111,937.9074,-24.796300000000087
kmeans_52854657,CCOC(=O)CNCC(C)C,861.9446,958.2016,-96.25699999999995
kmeans_52854657,CCOC(=O)CNCC(C)C,908.5241,767.7282,140.79589999999996
kmeans_40047103,CCOC(=O)Nc1cccc(N)c1,859.7344,876.2028,-16.468399999999974
kmeans_40047103,CCOC(=O)Nc1cccc(N)c1,884.1246,903.0057,-18.88110000000006
kmeans_40047103,CCOC(=O)Nc1cccc(N)c1,836.2139,853.6323,-17.41840000000002
kmeans_40047103,CCOC(=O)Nc1cccc(N)c1,795.1138,786.7827,8.331099999999992
kmeans_52736144,CCOC(=O)[C@@H](C)N[C@@H](C)CC1CC1,877.934,994.8986,-116.96460000000002
kmeans_52736144,CCOC(=O)[C@@H](C)N[C@@H](C)CC1CC1,955.7507,994.8967,-39.14599999999996
kmeans_52736144,CCOC(=O)[C@@H](C)N[C@@H](C)CC1CC1,933.1177,948.2287,-15.11099999999999
kmeans_99542190,CCOCC1CCN(CCO)CC1,965.9216,1014.8655,-48.943899999999985
kmeans_99542190,CCOCC1CCN(CCO)CC1,968.4585,1019.9308,-51.47230000000002
kmeans_99542190,CCOCC1CCN(CCO)CC1,805.9669,852.2003,-46.23339999999996
kmeans_26589117,CCOC[C@@H](C)N[C@@H]1CCOC1,828.9184,849.2958,-20.377399999999966
kmeans_26589117,CCOC[C@@H](C)N[C@@H]1CCOC1,811.1401,849.0365,-37.896400000000085
kmeans_26589117,CCOC[C@@H](C)N[C@@H]1CCOC1,972.8699,957.1542,15.715700000000083
kmeans_23178644,CCONC(=O)C12CCCN1CCC2,909.0622,958.5404,-49.478200000000015
kmeans_23178644,CCONC(=O)C12CCCN1CCC2,887.1275,905.8382,-18.710699999999974
kmeans_23178644,CCONC(=O)C12CCCN1CCC2,943.1233,1024.0636,-80.94029999999998
kmeans_23178644,CCONC(=O)C12CCCN1CCC2,909.8973,967.3146,-57.41730000000007
kmeans_59826942,CCO[C@@H](C)C(=O)NS(C)(=O)=O,852.5317,868.7906,-16.25890000000004
kmeans_59826942,CCO[C@@H](C)C(=O)NS(C)(=O)=O,823.6112,811.546,12.065200000000004
kmeans_59826942,CCO[C@@H](C)C(=O)NS(C)(=O)=O,877.4143,784.3901,93.02420000000006
kmeans_59826942,CCO[C@@H](C)C(=O)NS(C)(=O)=O,884.4689,849.2622,35.206699999999955
kmeans_29841042,CCSCCCNC(=N)N,878.4876,1045.4009,-166.91330000000005
kmeans_29841042,CCSCCCNC(=N)N,970.2602,1031.1141,-60.85389999999995
kmeans_29841042,CCSCCCNC(=N)N,894.6943,869.0707,25.62360000000001
kmeans_29841042,CCSCCCNC(=N)N,883.6728,847.266,36.40680000000009
kmeans_51305928,CC[C@@H](C#N)C(=O)NC1(CO)CCC1,809.3316,851.6976,-42.365999999999985
kmeans_51305928,CC[C@@H](C#N)C(=O)NC1(CO)CCC1,775.9905,798.1315,-22.140999999999963
kmeans_51305928,CC[C@@H](C#N)C(=O)NC1(CO)CCC1,876.5046,903.5897,-27.08510000000001
kmeans_51305928,CC[C@@H](C#N)C(=O)NC1(CO)CCC1,833.5108,821.6921,11.818700000000035
kmeans_01841702,CC[C@@H](C#N)N1CCC(C(N)=O)CC1,927.2775,951.0086,-23.73109999999997
kmeans_01841702,CC[C@@H](C#N)N1CCC(C(N)=O)CC1,864.6649,885.2546,-20.589699999999993
kmeans_01841702,CC[C@@H](C#N)N1CCC(C(N)=O)CC1,822.0969,845.053,-22.956099999999992
kmeans_01841702,CC[C@@H](C#N)N1CCC(C(N)=O)CC1,888.9411,930.9687,-42.02760000000001
kmeans_80095148,CC[C@@H](C)NC(=O)C1CCOCC1,909.215,887.568,21.647000000000048
kmeans_80095148,CC[C@@H](C)NC(=O)C1CCOCC1,886.1272,945.6063,-59.47910000000002
kmeans_80095148,CC[C@@H](C)NC(=O)C1CCOCC1,799.1986,976.1835,-176.98489999999993
kmeans_31155702,CC[C@@H](C)n1cccc(C(=O)O)c1=O,906.0473,879.5008,26.546499999999924
kmeans_31155702,CC[C@@H](C)n1cccc(C(=O)O)c1=O,900.2652,967.874,-67.60879999999997
kmeans_31155702,CC[C@@H](C)n1cccc(C(=O)O)c1=O,914.5024,967.8746,-53.37220000000002
kmeans_98103689,CC[C@@H](CO)C(=O)NC[C@@H](C)C1CC1,877.7417,852.3146,25.427099999999996
kmeans_98103689,CC[C@@H](CO)C(=O)NC[C@@H](C)C1CC1,910.6345,795.1979,115.4366
kmeans_98103689,CC[C@@H](CO)C(=O)NC[C@@H](C)C1CC1,918.4388,905.3963,13.042500000000018
kmeans_89487298,CC[C@@H](N)C(=O)NCc1nccs1,883.9571,908.2986,-24.341499999999996
kmeans_89487298,CC[C@@H](N)C(=O)NCc1nccs1,951.065,965.9692,-14.904199999999946
kmeans_89487298,CC[C@@H](N)C(=O)NCc1nccs1,877.1281,842.6792,34.44889999999998
kmeans_89487298,CC[C@@H](N)C(=O)NCc1nccs1,923.3653,968.2433,-44.87799999999993
kmeans_69076704,CC[C@@H](O)CCCNc1ccccn1,952.056,980.7739,-28.717899999999986
kmeans_69076704,CC[C@@H](O)CCCNc1ccccn1,934.4422,1002.5306,-68.08840000000009
kmeans_69076704,CC[C@@H](O)CCCNc1ccccn1,991.4515,814.591,176.8605
kmeans_93504089,CC[C@@H]1CCN(CC[C@@H](C)O)C1,794.1392,833.1121,-38.972900000000095
kmeans_93504089,CC[C@@H]1CCN(CC[C@@H](C)O)C1,956.6953,995.6413,-38.946000000000026
kmeans_11092394,CC[C@@H]1CC[C@@H]1NCC(C)(C)C(N)=O,984.6084,970.4733,14.135099999999966
kmeans_11092394,CC[C@@H]1CC[C@@H]1NCC(C)(C)C(N)=O,830.6148,1031.6076,-200.9928000000001
kmeans_11092394,CC[C@@H]1CC[C@@H]1NCC(C)(C)C(N)=O,847.9981,902.7453,-54.74720000000002
kmeans_06440117,CC[C@@H]1C[C@H]1CN(C)CCNC(C)=O,957.2928,1002.2548,-44.96199999999999
kmeans_06440117,CC[C@@H]1C[C@H]1CN(C)CCNC(C)=O,878.7834,909.9385,-31.155099999999948
kmeans_06440117,CC[C@@H]1C[C@H]1CN(C)CCNC(C)=O,851.125,844.5044,6.620599999999968
kmeans_14143329,CC[C@@H]1OCC[C@H]1NCCC(N)=O,899.7707,943.7466,-43.97589999999991
kmeans_14143329,CC[C@@H]1OCC[C@H]1NCCC(N)=O,803.892,841.8857,-37.99369999999999
kmeans_14143329,CC[C@@H]1OCC[C@H]1NCCC(N)=O,814.9322,855.4001,-40.467899999999986
kmeans_14143329,CC[C@@H]1OCC[C@H]1NCCC(N)=O,881.6154,842.9355,38.679899999999975
kmeans_92936065,CC[C@@](C)(O)C(=O)NCCCCC#N,897.0109,914.1903,-17.179399999999987
kmeans_92936065,CC[C@@](C)(O)C(=O)NCCCCC#N,860.9514,911.3603,-50.40890000000002
kmeans_92936065,CC[C@@](C)(O)C(=O)NCCCCC#N,852.3671,821.2679,31.099199999999996
kmeans_92936065,CC[C@@](C)(O)C(=O)NCCCCC#N,885.2418,894.5039,-9.262100000000032
kmeans_80188577,CC[C@H](C#N)C(=O)N1C[C@@H](O)C[C@@H]1C,853.5391,883.0618,-29.522699999999986
kmeans_80188577,CC[C@H](C#N)C(=O)N1C[C@@H](O)C[C@@H]1C,850.5487,834.5471,16.001600000000053
kmeans_80188577,CC[C@H](C#N)C(=O)N1C[C@@H](O)C[C@@H]1C,839.6428,836.1681,3.4746999999999844
kmeans_80188577,CC[C@H](C#N)C(=O)N1C[C@@H](O)C[C@@H]1C,757.9211,824.4029,-66.48180000000002
kmeans_14972071,CC[C@H](O)CCCNC[C@@H]1C[C@@H]1C,995.3947,988.7064,6.688299999999913
kmeans_14972071,CC[C@H](O)CCCNC[C@@H]1C[C@@H]1C,816.1408,1018.5009,-202.3601
kmeans_61391153,CCc1cc(=O)n(C2CC2)c(O)n1,869.3507,937.9337,-68.58300000000008
kmeans_61391153,CCc1cc(=O)n(C2CC2)c(O)n1,875.3685,918.4962,-43.127700000000004
kmeans_61391153,CCc1cc(=O)n(C2CC2)c(O)n1,684.6431,721.6124,-36.969299999999976
kmeans_07724319,CCc1ncc(C(=O)O)c(=O)[nH]1,856.4696,906.7687,-50.29909999999995
kmeans_07724319,CCc1ncc(C(=O)O)c(=O)[nH]1,846.7021,909.8382,-63.136100000000056
kmeans_07724319,CCc1ncc(C(=O)O)c(=O)[nH]1,853.237,863.4623,-10.225300000000061
kmeans_07724319,CCc1ncc(C(=O)O)c(=O)[nH]1,827.3838,838.5136,-11.129800000000046
kmeans_39123819,CN(C(=O)C(N)=O)[C@@H]1CCC[C@H]1O,861.1227,883.2502,-22.12749999999994
kmeans_39123819,CN(C(=O)C(N)=O)[C@@H]1CCC[C@H]1O,836.3726,852.0599,-15.687299999999937
kmeans_39123819,CN(C(=O)C(N)=O)[C@@H]1CCC[C@H]1O,908.0249,930.8197,-22.79480000000001
kmeans_39123819,CN(C(=O)C(N)=O)[C@@H]1CCC[C@H]1O,832.3718,829.3435,3.0283000000000584
kmeans_39123819,CN(C(=O)C(N)=O)[C@@H]1CCC[C@H]1O,857.9192,888.6,-30.680799999999977
kmeans_11471322,CN(C)CC(=O)NCC1CC1,935.327,997.685,-62.35799999999995
kmeans_11471322,CN(C)CC(=O)NCC1CC1,912.5198,945.9617,-33.44189999999992
kmeans_11471322,CN(C)CC(=O)NCC1CC1,881.507,893.7073,-12.200300000000084
kmeans_06826119,CN(C)CC(C)(C)NCc1nc[nH]n1,913.0654,1037.4547,-124.38930000000005
kmeans_06826119,CN(C)CC(C)(C)NCc1nc[nH]n1,873.7172,924.2927,-50.57549999999992
kmeans_06826119,CN(C)CC(C)(C)NCc1nc[nH]n1,976.5844,1019.0046,-42.42020000000002
kmeans_06826119,CN(C)CC(C)(C)NCc1nc[nH]n1,972.254,1022.5838,-50.32979999999998
kmeans_02589962,CN(C)CCNC1CCC1,964.1226,972.5062,-8.383600000000001
kmeans_02589962,CN(C)CCNC1CCC1,921.7942,962.8622,-41.067999999999984
kmeans_50067373,CN(C)[C@@H]1CCCC(=NNC2CC2)C1,954.0197,987.5389,-33.51920000000007
kmeans_50067373,CN(C)[C@@H]1CCCC(=NNC2CC2)C1,921.248,970.6396,-49.391599999999926
kmeans_50067373,CN(C)[C@@H]1CCCC(=NNC2CC2)C1,918.146,927.6429,-9.496900000000096
kmeans_14383554,CN(C)c1cnc(-c2nnn[nH]2)cn1,833.0972,863.3952,-30.298000000000002
kmeans_14383554,CN(C)c1cnc(-c2nnn[nH]2)cn1,869.1693,907.2239,-38.05459999999994
kmeans_14383554,CN(C)c1cnc(-c2nnn[nH]2)cn1,889.589,937.7353,-48.1463
kmeans_14383554,CN(C)c1cnc(-c2nnn[nH]2)cn1,827.8192,927.1163,-99.2971
kmeans_14383554,CN(C)c1cnc(-c2nnn[nH]2)cn1,822.7925,877.973,-55.18049999999994
kmeans_14383554,CN(C)c1cnc(-c2nnn[nH]2)cn1,867.7711,905.6761,-37.90499999999997
kmeans_02339154,CN(CC(C)(C)N)C(=O)[C@H]1CCN1,945.3249,910.5238,34.801099999999906
kmeans_02339154,CN(CC(C)(C)N)C(=O)[C@H]1CCN1,999.7207,1018.4486,-18.72790000000009
kmeans_02339154,CN(CC(C)(C)N)C(=O)[C@H]1CCN1,999.7158,1012.6303,-12.91450000000009
kmeans_02339154,CN(CC(C)(C)N)C(=O)[C@H]1CCN1,971.5948,1014.4454,-42.850599999999986
kmeans_62102984,CN(CC1CCCC1)C[C@H](O)CO,977.0125,1015.769,-38.75649999999996
kmeans_62102984,CN(CC1CCCC1)C[C@H](O)CO,793.1791,1004.9856,-211.80650000000003
kmeans_62102984,CN(CC1CCCC1)C[C@H](O)CO,992.1657,1009.045,-16.879299999999944
kmeans_64971135,CN(CCCN)CC1CCNCC1,984.9584,980.3899,4.568499999999972
kmeans_64971135,CN(CCCN)CC1CCNCC1,1010.4929,1012.9763,-2.483400000000074
kmeans_64971135,CN(CCCN)CC1CCNCC1,919.1332,939.8757,-20.742500000000064
kmeans_65321868,CN(CCCN)[C@@H]1CCOC1=O,902.7193,948.7945,-46.075199999999995
kmeans_65321868,CN(CCCN)[C@@H]1CCOC1=O,885.1925,954.4732,-69.28070000000002
kmeans_65321868,CN(CCCN)[C@@H]1CCOC1=O,825.804,855.1943,-29.390300000000025
kmeans_65321868,CN(CCCN)[C@@H]1CCOC1=O,901.09,944.5304,-43.440399999999954
kmeans_93866335,CN(Cc1cn[nH]c1)C(=O)CC1CC1,888.1996,890.6476,-2.447999999999979
kmeans_93866335,CN(Cc1cn[nH]c1)C(=O)CC1CC1,873.7979,899.4466,-25.648699999999963
kmeans_93866335,CN(Cc1cn[nH]c1)C(=O)CC1CC1,908.9813,927.1023,-18.12099999999998
kmeans_34963516,CNC(=N)NCCC(C)(C)C1CC1,878.5762,881.7846,-3.2083999999999833
kmeans_34963516,CNC(=N)NCCC(C)(C)C1CC1,997.592,1039.8575,-42.26550000000009
kmeans_34963516,CNC(=N)NCCC(C)(C)C1CC1,906.9295,918.4152,-11.485700000000065
kmeans_20068682,CNC[C@@H](C)Cc1ccc(OC)cc1,755.4436,811.7451,-56.30150000000003
kmeans_20068682,CNC[C@@H](C)Cc1ccc(OC)cc1,922.8253,962.0892,-39.263900000000035
kmeans_38102391,CNS(=O)(=O)c1cc(C)n(C)n1,928.1663,875.1791,52.98720000000003
kmeans_38102391,CNS(=O)(=O)c1cc(C)n(C)n1,929.5031,894.7395,34.7636
kmeans_38102391,CNS(=O)(=O)c1cc(C)n(C)n1,876.088,923.1928,-47.10480000000007
kmeans_81741491,CN[C@@H](C)C(=O)NC1CCC(C)CC1,926.353,944.0292,-17.676199999999994
kmeans_81741491,CN[C@@H](C)C(=O)NC1CCC(C)CC1,870.4007,886.7265,-16.32579999999996
kmeans_81741491,CN[C@@H](C)C(=O)NC1CCC(C)CC1,964.39,982.4837,-18.093700000000013
kmeans_50408648,COC(=O)C(C)(C)[C@@H]1CCCNC1,939.5292,1005.4947,-65.96550000000002
kmeans_50408648,COC(=O)C(C)(C)[C@@H]1CCCNC1,812.1093,861.8077,-49.69839999999999
kmeans_50408648,COC(=O)C(C)(C)[C@@H]1CCCNC1,769.898,804.6482,-34.75019999999995
kmeans_32181661,COC(=O)C1=C[C@@H]2OC(C)=C[C@@H]2N1,894.7228,930.3297,-35.606899999999996
kmeans_32181661,COC(=O)C1=C[C@@H]2OC(C)=C[C@@H]2N1,881.3886,966.4047,-85.01610000000005
kmeans_32181661,COC(=O)C1=C[C@@H]2OC(C)=C[C@@H]2N1,805.6782,838.2899,-32.61170000000004
kmeans_32181661,COC(=O)C1=C[C@@H]2OC(C)=C[C@@H]2N1,769.131,763.1818,5.949200000000019
kmeans_38045806,COC(=O)CCNC(C)=O,868.0212,895.4234,-27.402199999999993
kmeans_38045806,COC(=O)CCNC(C)=O,856.7489,863.254,-6.50509999999997
kmeans_38045806,COC(=O)CCNC(C)=O,869.1558,861.3501,7.805700000000002
kmeans_38045806,COC(=O)CCNC(C)=O,841.0439,908.0793,-67.03539999999998
kmeans_63425040,COC(=O)c1ccc(C(N)=O)cn1,793.2628,838.6931,-45.43029999999999
kmeans_63425040,COC(=O)c1ccc(C(N)=O)cn1,807.7941,805.3145,2.479600000000005
kmeans_63425040,COC(=O)c1ccc(C(N)=O)cn1,876.2323,953.2883,-77.05600000000004
kmeans_63425040,COC(=O)c1ccc(C(N)=O)cn1,831.6398,871.1076,-39.46780000000001
kmeans_63425040,COC(=O)c1ccc(C(N)=O)cn1,766.2336,774.318,-8.08439999999996
kmeans_26098285,COCC(=O)Nc1ccc(C)nc1O,863.5681,906.4352,-42.86710000000005
kmeans_26098285,COCC(=O)Nc1ccc(C)nc1O,897.7116,991.2897,-93.57810000000006
kmeans_26098285,COCC(=O)Nc1ccc(C)nc1O,740.1801,917.1921,-177.01199999999994
kmeans_26098285,COCC(=O)Nc1ccc(C)nc1O,847.316,834.2913,13.024700000000053
kmeans_26098285,COCC(=O)Nc1ccc(C)nc1O,887.8627,888.0843,-0.2215999999999667
kmeans_05104331,COCCN[C@@H]1C[C@@H](O)C1(C)C,962.2374,954.8786,7.358799999999974
kmeans_05104331,COCCN[C@@H]1C[C@@H](O)C1(C)C,773.0061,819.3857,-46.379600000000096
kmeans_05104331,COCCN[C@@H]1C[C@@H](O)C1(C)C,810.3208,818.4427,-8.121899999999982
kmeans_63953149,COCCc1ccccc1O,860.1067,888.8371,-28.730399999999918
kmeans_63953149,COCCc1ccccc1O,861.017,894.1351,-33.11809999999991
kmeans_58453948,COC[C@@H](N[C@@H]1CCNC1)C1CC1,959.3679,979.0727,-19.70480000000009
kmeans_58453948,COC[C@@H](N[C@@H]1CCNC1)C1CC1,933.3069,965.0042,-31.697299999999927
kmeans_58453948,COC[C@@H](N[C@@H]1CCNC1)C1CC1,963.6945,949.8705,13.823999999999955
kmeans_46191005,COC[C@@H](O)CNC1CC2(CCC2)C1,947.3691,995.3684,-47.99929999999995
kmeans_46191005,COC[C@@H](O)CNC1CC2(CCC2)C1,962.1472,989.3188,-27.171600000000012
kmeans_46191005,COC[C@@H](O)CNC1CC2(CCC2)C1,975.7618,851.2211,124.54070000000002
kmeans_07460908,CO[C@@]1(C)C[C@H]1NCc1cnccn1,929.2175,989.141,-59.92349999999999
kmeans_07460908,CO[C@@]1(C)C[C@H]1NCc1cnccn1,903.9525,935.0982,-31.145700000000033
kmeans_07460908,CO[C@@]1(C)C[C@H]1NCc1cnccn1,947.759,994.4194,-46.66039999999998
kmeans_07460908,CO[C@@]1(C)C[C@H]1NCc1cnccn1,929.2175,948.8639,-19.64639999999997
kmeans_12422681,COc1c(C)cc(N)c(C)c1C,816.6936,844.6479,-27.954300000000103
kmeans_12422681,COc1c(C)cc(N)c(C)c1C,907.2068,911.5561,-4.349299999999971
kmeans_78339201,COc1cc(C(=O)NCC(N)=O)on1,851.6633,896.8967,-45.23339999999996
kmeans_78339201,COc1cc(C(=O)NCC(N)=O)on1,876.8822,876.2337,0.6485000000000127
kmeans_78339201,COc1cc(C(=O)NCC(N)=O)on1,827.366,851.1633,-23.797300000000064
kmeans_78339201,COc1cc(C(=O)NCC(N)=O)on1,849.183,842.486,6.697000000000003
kmeans_78339201,COc1cc(C(=O)NCC(N)=O)on1,828.3185,879.6239,-51.30540000000008
kmeans_78339201,COc1cc(C(=O)NCC(N)=O)on1,675.7014,732.8847,-57.18329999999992
kmeans_47860659,COc1ccc(/C(C)=C/C(=O)O)cc1,840.6682,886.759,-46.09080000000006
kmeans_47860659,COc1ccc(/C(C)=C/C(=O)O)cc1,729.6525,779.9992,-50.34669999999994
kmeans_47860659,COc1ccc(/C(C)=C/C(=O)O)cc1,856.8763,882.6385,-25.762200000000007
kmeans_06698303,COc1cccc2c1CNCCCO2,986.5028,986.3847,0.11810000000002674
kmeans_06698303,COc1cccc2c1CNCCCO2,751.9182,794.759,-42.84080000000006
kmeans_06698303,COc1cccc2c1CNCCCO2,825.869,838.2493,-12.38029999999992
kmeans_05460655,CSC(=S)NCC(=O)O,829.9183,830.0343,-0.11599999999998545
kmeans_05460655,CSC(=S)NCC(=O)O,773.5606,815.0489,-41.48829999999998
kmeans_05460655,CSC(=S)NCC(=O)O,895.8706,916.4002,-20.529600000000073
kmeans_05460655,CSC(=S)NCC(=O)O,890.4168,883.8952,6.521599999999921
kmeans_05460655,CSC(=S)NCC(=O)O,818.6964,829.9903,-11.293900000000008
kmeans_21752853,CSc1ccc(CCO)c(C)n1,761.6812,792.5712,-30.889999999999986
kmeans_21752853,CSc1ccc(CCO)c(C)n1,894.6465,859.2331,35.41339999999991
kmeans_21752853,CSc1ccc(CCO)c(C)n1,927.2672,970.0281,-42.76089999999999
kmeans_08057217,C[C@@H](C#N)C(=O)NOCC1CCC1,821.3096,869.1599,-47.85029999999995
kmeans_08057217,C[C@@H](C#N)C(=O)NOCC1CCC1,832.6712,797.8513,34.81989999999996
kmeans_08057217,C[C@@H](C#N)C(=O)NOCC1CCC1,829.8168,804.7973,25.019499999999994
kmeans_08057217,C[C@@H](C#N)C(=O)NOCC1CCC1,756.9912,869.1618,-112.17059999999992
kmeans_37312235,C[C@@H](C#N)CN[C@@H]1CCn2ccnc21,909.2582,944.1424,-34.884199999999964
kmeans_37312235,C[C@@H](C#N)CN[C@@H]1CCn2ccnc21,889.3096,859.034,30.275600000000054
kmeans_37312235,C[C@@H](C#N)CN[C@@H]1CCn2ccnc21,988.8447,973.219,15.625699999999938
kmeans_50982207,C[C@@H](CCCCO)NC[C@@H](C)C1CC1,964.0957,983.1537,-19.057999999999993
kmeans_50982207,C[C@@H](CCCCO)NC[C@@H](C)C1CC1,1016.8163,1011.3269,5.489399999999932
kmeans_18526235,C[C@@H](CCN)N[C@@H](C)C1CCCCC1,932.9676,913.8376,19.129999999999995
kmeans_18526235,C[C@@H](CCN)N[C@@H](C)C1CCCCC1,1026.115,1017.0953,9.019700000000057
kmeans_91419373,C[C@@H](CO)NC(=O)c1cncn1C,903.6715,958.2997,-54.62819999999999
kmeans_91419373,C[C@@H](CO)NC(=O)c1cncn1C,867.3552,886.209,-18.85379999999998
kmeans_91419373,C[C@@H](CO)NC(=O)c1cncn1C,931.5886,995.2476,-63.65899999999999
kmeans_91419373,C[C@@H](CO)NC(=O)c1cncn1C,914.9332,917.0328,-2.0995999999998958
kmeans_18281703,C[C@@H](CO)NCC1CCN(C)CC1,926.6727,949.4472,-22.77449999999999
kmeans_18281703,C[C@@H](CO)NCC1CCN(C)CC1,952.3442,1019.8539,-67.50969999999995
kmeans_18281703,C[C@@H](CO)NCC1CCN(C)CC1,949.0228,928.4399,20.582899999999995
kmeans_85373448,C[C@@H](C[C@@H](C)N)NCCC(C)(C)C,999.0698,947.8485,51.22130000000004
kmeans_85373448,C[C@@H](C[C@@H](C)N)NCCC(C)(C)C,1015.3778,1012.0951,3.282699999999977
kmeans_81105877,C[C@@H](C[C@@H](C)N)NCc1cscn1,1012.13,921.1461,90.98389999999995
kmeans_81105877,C[C@@H](C[C@@H](C)N)NCc1cscn1,960.529,1021.5773,-61.04830000000004
kmeans_81105877,C[C@@H](C[C@@H](C)N)NCc1cscn1,1036.096,1041.7132,-5.617199999999912
kmeans_12198312,C[C@@H](C[C@@H](C)O)NC(=O)NCCC#N,941.944,910.358,31.586000000000013
kmeans_12198312,C[C@@H](C[C@@H](C)O)NC(=O)NCCC#N,907.0687,862.5816,44.487100000000055
kmeans_12198312,C[C@@H](C[C@@H](C)O)NC(=O)NCCC#N,940.1699,811.2154,128.95449999999994
kmeans_12198312,C[C@@H](C[C@@H](C)O)NC(=O)NCCC#N,923.5712,912.0089,11.562299999999937
kmeans_12198312,C[C@@H](C[C@@H](C)O)NC(=O)NCCC#N,856.9786,840.1944,16.784200000000055
kmeans_77379515,C[C@@H](N)C(=O)N[C@@H]1COC(=O)C1,823.5431,832.025,-8.481899999999996
kmeans_77379515,C[C@@H](N)C(=O)N[C@@H]1COC(=O)C1,783.6646,840.5444,-56.879800000000046
kmeans_77379515,C[C@@H](N)C(=O)N[C@@H]1COC(=O)C1,845.288,882.0572,-36.769199999999955
kmeans_77379515,C[C@@H](N)C(=O)N[C@@H]1COC(=O)C1,883.5202,916.0609,-32.5406999999999
kmeans_77379515,C[C@@H](N)C(=O)N[C@@H]1COC(=O)C1,795.325,759.6755,35.64949999999999
kmeans_90319009,C[C@@H](NC(=O)c1ccon1)C(=O)O,821.2368,844.8685,-23.631700000000023
kmeans_90319009,C[C@@H](NC(=O)c1ccon1)C(=O)O,837.19,889.6994,-52.509399999999914
kmeans_90319009,C[C@@H](NC(=O)c1ccon1)C(=O)O,815.4718,878.5712,-63.099399999999946
kmeans_90319009,C[C@@H](NC(=O)c1ccon1)C(=O)O,841.9189,924.2304,-82.31150000000002
kmeans_90319009,C[C@@H](NC(=O)c1ccon1)C(=O)O,850.2831,874.8289,-24.545799999999986
kmeans_08108905,C[C@@H](NCC1(C)CC1)c1cn[nH]c1,952.7062,992.6347,-39.928499999999985
kmeans_08108905,C[C@@H](NCC1(C)CC1)c1cn[nH]c1,862.0215,942.2813,-80.25980000000004
kmeans_79149847,C[C@@H](NO)C(=O)O,846.5985,871.8874,-25.288900000000012
kmeans_79149847,C[C@@H](NO)C(=O)O,770.8718,784.3394,-13.467599999999948
kmeans_79149847,C[C@@H](NO)C(=O)O,766.6523,838.4443,-71.79200000000003
kmeans_79149847,C[C@@H](NO)C(=O)O,781.3847,854.194,-72.80930000000001
kmeans_44738368,C[C@@H](N[C@@H]1CCC[C@H]1C)[C@@H]1CCCN1,974.0814,999.2869,-25.205499999999915
kmeans_44738368,C[C@@H](N[C@@H]1CCC[C@H]1C)[C@@H]1CCCN1,972.4208,992.2172,-19.796400000000062
kmeans_55018417,C[C@@H](O)C(=O)N(C)[C@@H]1CCCOC1,800.2185,966.8439,-166.6254
kmeans_55018417,C[C@@H](O)C(=O)N(C)[C@@H]1CCCOC1,913.515,868.9568,44.55819999999994
kmeans_55018417,C[C@@H](O)C(=O)N(C)[C@@H]1CCCOC1,910.2672,927.3139,-17.046699999999987
kmeans_55018417,C[C@@H](O)C(=O)N(C)[C@@H]1CCCOC1,920.3681,971.286,-50.91789999999992
kmeans_43536111,C[C@@H](O)CCCN1C[C@H]2COC[C@H]2C1,1000.1572,809.4157,190.74149999999997
kmeans_43536111,C[C@@H](O)CCCN1C[C@H]2COC[C@H]2C1,910.3807,830.6179,79.76280000000008
kmeans_43536111,C[C@@H](O)CCCN1C[C@H]2COC[C@H]2C1,985.7876,987.0321,-1.2445000000000164
kmeans_15401032,C[C@@H]([C@@H]1CCNC1)N(C)C,932.6885,976.2163,-43.52780000000007
kmeans_15401032,C[C@@H]([C@@H]1CCNC1)N(C)C,936.54,1017.1427,-80.60270000000003
kmeans_65895143,C[C@@H]1CCCCN1C(=O)NC1CCC1,906.26,941.2676,-35.007600000000025
kmeans_65895143,C[C@@H]1CCCCN1C(=O)NC1CCC1,880.907,892.6803,-11.77329999999995
kmeans_65895143,C[C@@H]1CCCCN1C(=O)NC1CCC1,888.8336,930.4436,-41.6099999999999
kmeans_91620225,C[C@@H]1CCCN(C[C@@H]2CCCCN2)C1,997.0604,1027.9094,-30.849000000000046
kmeans_91620225,C[C@@H]1CCCN(C[C@@H]2CCCCN2)C1,988.3371,1031.2178,-42.88069999999993
kmeans_22444747,C[C@@H]1CCCN(Cc2nc[nH]n2)C1,873.4102,915.5725,-42.16229999999996
kmeans_22444747,C[C@@H]1CCCN(Cc2nc[nH]n2)C1,933.1451,950.609,-17.46390000000008
kmeans_22444747,C[C@@H]1CCCN(Cc2nc[nH]n2)C1,974.3052,994.3578,-20.052599999999984
kmeans_44246496,C[C@@H]1CCN([C@@H]2CNC[C@H]2O)[C@@H]1C,941.9578,993.3573,-51.39949999999999
kmeans_44246496,C[C@@H]1CCN([C@@H]2CNC[C@H]2O)[C@@H]1C,935.3401,968.6117,-33.271600000000035
kmeans_44246496,C[C@@H]1CCN([C@@H]2CNC[C@H]2O)[C@@H]1C,936.3722,969.9723,-33.6001
kmeans_45633416,C[C@@H]1CN(CC2CC2)C[C@@H]1O,956.0772,985.9401,-29.86290000000008
kmeans_45633416,C[C@@H]1CN(CC2CC2)C[C@@H]1O,787.1833,991.5788,-204.39549999999997
kmeans_94833330,C[C@@H]1CN(CCn2cccn2)C[C@H]1N,935.4724,1015.5201,-80.04769999999996
kmeans_94833330,C[C@@H]1CN(CCn2cccn2)C[C@H]1N,936.3977,944.1537,-7.755999999999972
kmeans_94833330,C[C@@H]1CN(CCn2cccn2)C[C@H]1N,986.2127,943.276,42.93670000000009
kmeans_47677060,C[C@@H]1COC[C@@H]1NC1CCCC1,955.754,985.7437,-29.98969999999997
kmeans_47677060,C[C@@H]1COC[C@@H]1NC1CCCC1,811.1465,832.9709,-21.824400000000082
kmeans_70682806,C[C@@H]1C[C@@H](C)N(C(N)=O)C1,850.7707,871.1901,-20.419399999999996
kmeans_70682806,C[C@@H]1C[C@@H](C)N(C(N)=O)C1,877.7245,910.8589,-33.134399999999914
kmeans_70682806,C[C@@H]1C[C@@H](C)N(C(N)=O)C1,891.284,936.1088,-44.82479999999998
kmeans_11275820,C[C@@H]1C[C@@H](NC(=O)CC2CC2)CO1,848.4889,850.6137,-2.12480000000005
kmeans_11275820,C[C@@H]1C[C@@H](NC(=O)CC2CC2)CO1,809.1607,840.6182,-31.457499999999982
kmeans_11275820,C[C@@H]1C[C@@H](NC(=O)CC2CC2)CO1,871.8229,928.32,-56.497100000000046
kmeans_04320134,C[C@@H]1C[C@H]1NC(=O)[C@@H](N)CC(N)=O,910.7905,919.5757,-8.785200000000032
kmeans_04320134,C[C@@H]1C[C@H]1NC(=O)[C@@H](N)CC(N)=O,945.5639,975.9697,-30.4058
kmeans_04320134,C[C@@H]1C[C@H]1NC(=O)[C@@H](N)CC(N)=O,876.4235,979.6852,-103.26170000000002
kmeans_04320134,C[C@@H]1C[C@H]1NC(=O)[C@@H](N)CC(N)=O,861.5089,884.2727,-22.763799999999947
kmeans_04320134,C[C@@H]1C[C@H]1NC(=O)[C@@H](N)CC(N)=O,945.5639,975.9622,-30.398300000000063
kmeans_48369368,C[C@@H]1[C@H](O)CCN1CCC1CCCC1,988.0108,1018.6351,-30.62429999999995
kmeans_48369368,C[C@@H]1[C@H](O)CCN1CCC1CCCC1,969.8868,992.9211,-23.03430000000003
kmeans_68043376,C[C@@](N)(Cc1ccccc1)C(=O)O,911.4013,929.3449,-17.94360000000006
kmeans_68043376,C[C@@](N)(Cc1ccccc1)C(=O)O,836.4031,824.9975,11.40560000000005
kmeans_68043376,C[C@@](N)(Cc1ccccc1)C(=O)O,818.8872,947.4477,-128.56050000000005
kmeans_12176794,C[C@@]1(NC(=O)CC2CC2)CC=CCC1,891.5304,932.5089,-40.978500000000054
kmeans_12176794,C[C@@]1(NC(=O)CC2CC2)CC=CCC1,859.8696,871.6014,-11.731800000000021
kmeans_71469949,C[C@H](N)C(=O)NC[C@@H](O)[C@@H](C)O,952.8217,952.8225,-0.0008000000000265572
kmeans_71469949,C[C@H](N)C(=O)NC[C@@H](O)[C@@H](C)O,950.9833,987.4855,-36.502200000000016
kmeans_71469949,C[C@H](N)C(=O)NC[C@@H](O)[C@@H](C)O,889.6253,904.5244,-14.899099999999976
kmeans_71469949,C[C@H](N)C(=O)NC[C@@H](O)[C@@H](C)O,909.2887,865.1347,44.153999999999996
kmeans_71469949,C[C@H](N)C(=O)NC[C@@H](O)[C@@H](C)O,912.643,917.0843,-4.441299999999956
kmeans_12331760,C[C@H](N)CC(=O)NC(C)(C)C(=O)O,944.6293,980.9211,-36.29180000000008
kmeans_12331760,C[C@H](N)CC(=O)NC(C)(C)C(=O)O,948.2605,928.7763,19.484199999999987
kmeans_12331760,C[C@H](N)CC(=O)NC(C)(C)C(=O)O,875.3975,899.5863,-24.188800000000015
kmeans_12331760,C[C@H](N)CC(=O)NC(C)(C)C(=O)O,863.0587,965.4769,-102.41819999999996
kmeans_12331760,C[C@H](N)CC(=O)NC(C)(C)C(=O)O,909.5013,940.6588,-31.157500000000027
kmeans_85821452,C[C@H]1NCC[C@@H]1NC(=O)C1CCC1,931.8751,956.9691,-25.09400000000005
kmeans_85821452,C[C@H]1NCC[C@@H]1NC(=O)C1CCC1,883.113,938.3209,-55.207899999999995
kmeans_85821452,C[C@H]1NCC[C@@H]1NC(=O)C1CCC1,836.3559,881.3018,-44.94589999999994
kmeans_42315758,Cc1cc(C(=O)NCCCCN)n[nH]1,879.6082,917.1393,-37.53110000000004
kmeans_42315758,Cc1cc(C(=O)NCCCCN)n[nH]1,1019.1738,1049.1143,-29.94049999999993
kmeans_42315758,Cc1cc(C(=O)NCCCCN)n[nH]1,916.8542,964.6926,-47.83839999999998
kmeans_42315758,Cc1cc(C(=O)NCCCCN)n[nH]1,899.4062,931.6617,-32.255499999999984
kmeans_62025432,Cc1cc(CN2CCN(C)CC2)n[nH]1,920.7345,955.6019,-34.867399999999975
kmeans_62025432,Cc1cc(CN2CCN(C)CC2)n[nH]1,978.3511,986.8033,-8.452200000000062
kmeans_62025432,Cc1cc(CN2CCN(C)CC2)n[nH]1,981.4618,1020.0121,-38.55029999999999
kmeans_48298808,Cc1cc(S(N)(=O)=O)ccn1,886.8756,935.9605,-49.08490000000006
kmeans_48298808,Cc1cc(S(N)(=O)=O)ccn1,865.0261,825.3956,39.6305000000001
kmeans_48298808,Cc1cc(S(N)(=O)=O)ccn1,867.6004,807.4159,60.18450000000007
kmeans_36685080,Cc1cc2[nH]c(=S)n(N)c(=O)c2[nH]1,839.8445,890.3402,-50.49569999999994
kmeans_36685080,Cc1cc2[nH]c(=S)n(N)c(=O)c2[nH]1,878.1774,913.2632,-35.08579999999995
kmeans_36685080,Cc1cc2[nH]c(=S)n(N)c(=O)c2[nH]1,928.6618,934.7799,-6.118100000000027
kmeans_39501665,Cc1cc2cc[nH]c(=O)c2cn1,919.0705,971.9138,-52.8433
kmeans_39501665,Cc1cc2cc[nH]c(=O)c2cn1,851.1154,905.5036,-54.38819999999998
kmeans_51424471,Cc1ccc(COC(=O)CO)cc1C,824.3207,873.0505,-48.72980000000007
kmeans_51424471,Cc1ccc(COC(=O)CO)cc1C,803.1378,834.0101,-30.872299999999996
kmeans_51424471,Cc1ccc(COC(=O)CO)cc1C,785.8972,873.5041,-87.6069
kmeans_40589896,Cc1ccc(Cc2ccccn2)cc1N,942.181,993.7132,-51.53219999999999
kmeans_40589896,Cc1ccc(Cc2ccccn2)cc1N,907.0211,908.6438,-1.622700000000009
kmeans_15893318,Cc1ccc(NC[C@@H](C)C#N)nn1,854.844,885.4688,-30.624799999999937
kmeans_15893318,Cc1ccc(NC[C@@H](C)C#N)nn1,891.7882,960.3728,-68.58460000000002
kmeans_15893318,Cc1ccc(NC[C@@H](C)C#N)nn1,909.3069,971.9517,-62.64479999999992
kmeans_15893318,Cc1ccc(NC[C@@H](C)C#N)nn1,876.1342,821.5138,54.62040000000002
kmeans_92528919,Cc1ccc2c(C(N)=O)cnn2c1,887.7635,885.9998,1.7636999999999716
kmeans_92528919,Cc1ccc2c(C(N)=O)cnn2c1,904.5607,937.2205,-32.65980000000002
kmeans_92528919,Cc1ccc2c(C(N)=O)cnn2c1,868.8721,924.3579,-55.48579999999993
kmeans_51352539,Cc1cccc(-c2csc(N)n2)c1,842.1743,846.9475,-4.773199999999974
kmeans_51352539,Cc1cccc(-c2csc(N)n2)c1,951.7177,963.4941,-11.776399999999967
kmeans_71672948,Cc1ccnc(N2CC(C(=O)O)C2)n1,880.3456,918.1599,-37.8143
kmeans_71672948,Cc1ccnc(N2CC(C(=O)O)C2)n1,914.8181,969.7543,-54.936199999999985
kmeans_71672948,Cc1ccnc(N2CC(C(=O)O)C2)n1,793.9822,914.1533,-120.17109999999991
kmeans_71672948,Cc1ccnc(N2CC(C(=O)O)C2)n1,799.8697,795.7187,4.150999999999954
kmeans_71672948,Cc1ccnc(N2CC(C(=O)O)C2)n1,916.3208,967.9286,-51.6078
kmeans_73893844,Cc1ccnc2nc(S)[nH]c12,946.5904,996.2586,-49.668199999999956
kmeans_73893844,Cc1ccnc2nc(S)[nH]c12,928.5793,963.8192,-35.239900000000034
kmeans_73893844,Cc1ccnc2nc(S)[nH]c12,818.2592,755.7119,62.54729999999995
kmeans_45729006,Cc1cnccc1OC1CNC1,922.2804,986.3976,-64.11720000000003
kmeans_45729006,Cc1cnccc1OC1CNC1,749.8367,785.7211,-35.88440000000003
kmeans_45729006,Cc1cnccc1OC1CNC1,902.7852,923.6462,-20.86099999999999
kmeans_56407544,Cc1cocc1C(=O)NC/C=C/CO,912.0468,893.7709,18.27589999999998
kmeans_56407544,Cc1cocc1C(=O)NC/C=C/CO,879.0812,908.4962,-29.415000000000077
kmeans_56407544,Cc1cocc1C(=O)NC/C=C/CO,860.5625,862.9723,-2.4098000000000184
kmeans_64782210,Cc1nc(N)ccc1[C@@H](C)N,942.1916,998.8132,-56.62160000000006
kmeans_64782210,Cc1nc(N)ccc1[C@@H](C)N,884.1835,908.5549,-24.371399999999994
kmeans_64782210,Cc1nc(N)ccc1[C@@H](C)N,943.5634,959.2393,-15.675899999999956
kmeans_09915793,Cc1noc([C@@H](N)CO)n1,883.6166,898.4137,-14.7971
kmeans_09915793,Cc1noc([C@@H](N)CO)n1,835.8852,865.5203,-29.635099999999966
kmeans_09915793,Cc1noc([C@@H](N)CO)n1,871.6212,911.5072,-39.88599999999997
kmeans_09915793,Cc1noc([C@@H](N)CO)n1,883.1787,904.5446,-21.365899999999897
kmeans_76295140,Cn1cccc1CNCC1(C)COC1,926.9523,956.4426,-29.490299999999934
kmeans_76295140,Cn1cccc1CNCC1(C)COC1,813.1284,854.8888,-41.76039999999989
kmeans_89034361,Cn1cnc(NCc2cncn2C)n1,911.3291,927.1952,-15.86609999999996
kmeans_89034361,Cn1cnc(NCc2cncn2C)n1,921.5507,962.1242,-40.57349999999997
kmeans_89034361,Cn1cnc(NCc2cncn2C)n1,893.7729,907.2355,-13.462599999999952
kmeans_89034361,Cn1cnc(NCc2cncn2C)n1,961.022,998.2671,-37.24509999999998
kmeans_72256210,Cn1cnnc1NCc1ccccc1,854.7986,880.0488,-25.250200000000063
kmeans_72256210,Cn1cnnc1NCc1ccccc1,918.7233,976.3668,-57.64350000000002
kmeans_72256210,Cn1cnnc1NCc1ccccc1,916.0147,989.0187,-73.00400000000002
kmeans_21111296,Cn1nnc([C@@H]2CCCNC2)n1,826.1544,926.7448,-100.59040000000005
kmeans_21111296,Cn1nnc([C@@H]2CCCNC2)n1,780.696,853.9804,-73.2844
kmeans_21111296,Cn1nnc([C@@H]2CCCNC2)n1,924.6195,956.36,-31.740499999999997
kmeans_21111296,Cn1nnc([C@@H]2CCCNC2)n1,760.2884,821.2972,-61.00879999999995
kmeans_07367640,N#C[C@@H]1CNC[C@@H]1c1ccccn1,937.6519,978.3531,-40.701200000000085
kmeans_07367640,N#C[C@@H]1CNC[C@@H]1c1ccccn1,938.6754,915.3698,23.305599999999913
kmeans_07367640,N#C[C@@H]1CNC[C@@H]1c1ccccn1,883.5903,964.6047,-81.01440000000002
kmeans_69690930,N#C[C@@]1(N)CCc2ccccc21,884.8048,888.0894,-3.284599999999955
kmeans_69690930,N#C[C@@]1(N)CCc2ccccc21,861.8489,844.5431,17.305799999999977
kmeans_99607407,N=C(NCC1(O)CCCC1)N1CCC1,1001.9752,1070.0763,-68.10109999999997
kmeans_99607407,N=C(NCC1(O)CCCC1)N1CCC1,1024.3026,1080.6795,-56.37689999999998
kmeans_99607407,N=C(NCC1(O)CCCC1)N1CCC1,927.1918,925.5453,1.6464999999999463
kmeans_99607407,N=C(NCC1(O)CCCC1)N1CCC1,928.4703,949.1442,-20.673900000000003
kmeans_33155880,NC(=O)[C@@H]1CCC[C@@H](NC(=O)O)C1,901.4129,883.3494,18.06350000000009
kmeans_33155880,NC(=O)[C@@H]1CCC[C@@H](NC(=O)O)C1,818.8692,844.1604,-25.291200000000003
kmeans_33155880,NC(=O)[C@@H]1CCC[C@@H](NC(=O)O)C1,900.8992,885.4988,15.40039999999999
kmeans_33155880,NC(=O)[C@@H]1CCC[C@@H](NC(=O)O)C1,817.0827,856.7149,-39.6321999999999
kmeans_33155880,NC(=O)[C@@H]1CCC[C@@H](NC(=O)O)C1,831.2119,905.0963,-73.88440000000003
kmeans_99712002,NC(N)=N/N=C/c1ccc[nH]1,855.2236,881.0966,-25.872999999999934
kmeans_99712002,NC(N)=N/N=C/c1ccc[nH]1,920.2511,1003.9025,-83.65140000000008
kmeans_99712002,NC(N)=N/N=C/c1ccc[nH]1,912.2052,976.637,-64.43179999999995
kmeans_47350922,NC1([C@@H]2CCCCO2)CC1,817.3716,956.5046,-139.13300000000004
kmeans_47350922,NC1([C@@H]2CCCCO2)CC1,945.9258,954.1283,-8.202499999999986
kmeans_97296787,NC1=NCCSC1,867.8373,867.3108,0.5265000000000555
kmeans_97296787,NC1=NCCSC1,939.059,989.5932,-50.534200000000055
kmeans_97296787,NC1=NCCSC1,848.6498,846.6861,1.963700000000017
kmeans_19190332,NCC(=O)N(C1CC1)C1CC1,873.4416,900.258,-26.816400000000044
kmeans_19190332,NCC(=O)N(C1CC1)C1CC1,909.7163,959.0051,-49.288799999999924
kmeans_19190332,NCC(=O)N(C1CC1)C1CC1,882.0963,966.7182,-84.62189999999998
kmeans_24142665,NCCCC(=O)NCCCC1CC1,912.2131,1018.8254,-106.61229999999989
kmeans_24142665,NCCCC(=O)NCCCC1CC1,908.6925,906.8883,1.804200000000037
kmeans_24142665,NCCCC(=O)NCCCC1CC1,922.4799,919.9712,2.50870000000009
kmeans_69623873,NCCCCC(=O)N1CC[C@@H]2C[C@@H]2C1,909.568,932.4704,-22.902400000000057
kmeans_69623873,NCCCCC(=O)N1CC[C@@H]2C[C@@H]2C1,940.6674,939.5288,1.1385999999999967
kmeans_69623873,NCCCCC(=O)N1CC[C@@H]2C[C@@H]2C1,868.44,878.5921,-10.152099999999905
kmeans_57986849,NCCCn1cccc(CN)c1=O,984.2231,1017.3565,-33.13339999999994
kmeans_57986849,NCCCn1cccc(CN)c1=O,985.0901,1015.8149,-30.72479999999996
kmeans_57986849,NCCCn1cccc(CN)c1=O,984.9236,953.5319,31.391700000000014
kmeans_72784837,NCCN[C@@H]1CNC[C@H]1O,941.5882,1016.2878,-74.69959999999992
kmeans_72784837,NCCN[C@@H]1CNC[C@H]1O,908.4317,976.5854,-68.15370000000007
kmeans_72784837,NCCN[C@@H]1CNC[C@H]1O,887.3749,980.1314,-92.75649999999996
kmeans_72784837,NCCN[C@@H]1CNC[C@H]1O,940.8652,1004.6928,-63.827600000000075
kmeans_74915686,NC[C@@H](O)C1CCCCC1,939.5979,945.2193,-5.621399999999994
kmeans_74915686,NC[C@@H](O)C1CCCCC1,792.3911,804.8191,-12.427999999999997
kmeans_23768762,NC[C@H]1CC[C@H](NC(N)=O)CC1,851.8159,862.5642,-10.748299999999972
kmeans_23768762,NC[C@H]1CC[C@H](NC(N)=O)CC1,890.4875,931.6135,-41.12600000000009
kmeans_23768762,NC[C@H]1CC[C@H](NC(N)=O)CC1,846.5027,920.471,-73.9683
kmeans_23768762,NC[C@H]1CC[C@H](NC(N)=O)CC1,831.0451,835.6064,-4.56129999999996
kmeans_08320453,NCc1cc(C(=O)O)cc(N)c1O,930.1278,942.0542,-11.926400000000058
kmeans_08320453,NCc1cc(C(=O)O)cc(N)c1O,913.9481,949.1009,-35.15280000000007
kmeans_08320453,NCc1cc(C(=O)O)cc(N)c1O,913.9481,950.6152,-36.667100000000005
kmeans_08320453,NCc1cc(C(=O)O)cc(N)c1O,809.844,929.6529,-119.8089
kmeans_08320453,NCc1cc(C(=O)O)cc(N)c1O,808.8315,836.3943,-27.56280000000004
kmeans_27823142,NCc1ccnc(NCC2CC2)n1,906.2403,976.2861,-70.04579999999999
kmeans_27823142,NCc1ccnc(NCC2CC2)n1,899.1191,995.1781,-96.05899999999997
kmeans_27823142,NCc1ccnc(NCC2CC2)n1,871.7048,901.9186,-30.213799999999992
kmeans_27823142,NCc1ccnc(NCC2CC2)n1,918.0807,947.7207,-29.639999999999986
kmeans_52259987,NCc1cncn1CC1CC1,900.2281,925.6862,-25.458099999999945
kmeans_52259987,NCc1cncn1CC1CC1,951.3502,984.6592,-33.30900000000008
kmeans_68911545,NNc1nccnc1N1CCCC1,924.1437,929.8606,-5.71690000000001
kmeans_68911545,NNc1nccnc1N1CCCC1,903.3899,972.8943,-69.50440000000003
kmeans_68911545,NNc1nccnc1N1CCCC1,915.7851,993.5028,-77.71769999999992
kmeans_68911545,NNc1nccnc1N1CCCC1,901.362,993.5002,-92.13819999999998
kmeans_68911545,NNc1nccnc1N1CCCC1,884.6986,870.2262,14.472400000000107
kmeans_08097159,NS(=O)(=O)NCCO,881.8537,854.2228,27.630899999999997
kmeans_08097159,NS(=O)(=O)NCCO,880.8104,885.5641,-4.753700000000094
kmeans_08097159,NS(=O)(=O)NCCO,863.8978,876.4882,-12.590400000000045
kmeans_08097159,NS(=O)(=O)NCCO,865.5684,849.4017,16.16669999999999
kmeans_91939160,N[C@@H]1C[C@@H]1C(=O)NC1CC1,936.7604,980.2683,-43.50789999999995
kmeans_91939160,N[C@@H]1C[C@@H]1C(=O)NC1CC1,900.2506,951.5546,-51.30400000000009
kmeans_91939160,N[C@@H]1C[C@@H]1C(=O)NC1CC1,864.6534,892.7105,-28.05709999999999
kmeans_07449760,Nc1ccc(=O)n(C2CC2)c1,920.3626,974.2039,-53.84129999999993
kmeans_07449760,Nc1ccc(=O)n(C2CC2)c1,889.8459,865.323,24.52290000000005
kmeans_13645195,Nc1ccc(CCC(=O)NO)cc1,872.7468,886.1853,-13.438499999999976
kmeans_13645195,Nc1ccc(CCC(=O)NO)cc1,870.7072,826.6911,44.01609999999994
kmeans_13645195,Nc1ccc(CCC(=O)NO)cc1,876.9149,880.8799,-3.965000000000032
kmeans_13645195,Nc1ccc(CCC(=O)NO)cc1,847.9196,908.6194,-60.699800000000096
kmeans_60678714,Nc1cccc(N2CCOCC2)c1,895.054,910.4751,-15.421100000000024
kmeans_60678714,Nc1cccc(N2CCOCC2)c1,936.772,953.4197,-16.647699999999986
kmeans_60678714,Nc1cccc(N2CCOCC2)c1,810.6094,952.9519,-142.34249999999997
kmeans_89450752,O=C(CC1CC1)OCc1cnn[nH]1,852.1899,940.0664,-87.87650000000008
kmeans_89450752,O=C(CC1CC1)OCc1cnn[nH]1,797.3645,798.2793,-0.9148000000000138
kmeans_89450752,O=C(CC1CC1)OCc1cnn[nH]1,776.7668,746.9221,29.84469999999999
kmeans_89450752,O=C(CC1CC1)OCc1cnn[nH]1,828.6482,878.656,-50.007799999999975
kmeans_65281098,O=C(N1CC[C@@H](O)C1)C1(O)CCC1,841.1564,802.3492,38.807199999999966
kmeans_65281098,O=C(N1CC[C@@H](O)C1)C1(O)CCC1,892.3523,925.5034,-33.15110000000004
kmeans_65281098,O=C(N1CC[C@@H](O)C1)C1(O)CCC1,877.7732,935.6293,-57.85609999999997
kmeans_65281098,O=C(N1CC[C@@H](O)C1)C1(O)CCC1,906.1952,955.8205,-49.62530000000004
kmeans_60166345,O=C(NCC1CC1)N(C1CC1)C1CC1,876.8137,914.5177,-37.70399999999995
kmeans_60166345,O=C(NCC1CC1)N(C1CC1)C1CC1,889.4286,914.9567,-25.528099999999995
kmeans_60166345,O=C(NCC1CC1)N(C1CC1)C1CC1,904.0202,956.3568,-52.336599999999976
kmeans_66115464,O=C(NC[C@@H]1CCOC1)C12CC1C2,876.5918,920.6527,-44.06089999999995
kmeans_66115464,O=C(NC[C@@H]1CCOC1)C12CC1C2,822.1504,852.8834,-30.73300000000006
kmeans_66115464,O=C(NC[C@@H]1CCOC1)C12CC1C2,851.4822,859.0607,-7.578499999999963
kmeans_67220253,O=C(NCc1cc[nH]n1)N1CCCC1,936.4072,1001.8634,-65.45619999999997
kmeans_67220253,O=C(NCc1cc[nH]n1)N1CCCC1,887.1659,919.7637,-32.59780000000001
kmeans_67220253,O=C(NCc1cc[nH]n1)N1CCCC1,922.3836,1001.8542,-79.47059999999999
kmeans_67220253,O=C(NCc1cc[nH]n1)N1CCCC1,901.2026,931.9707,-30.768100000000004
kmeans_72221184,O=C(Nc1cnsn1)C1CCCC1,928.3518,920.4837,7.868100000000027
kmeans_72221184,O=C(Nc1cnsn1)C1CCCC1,873.1344,927.6567,-54.52229999999997
kmeans_72221184,O=C(Nc1cnsn1)C1CCCC1,894.873,892.0968,2.776200000000017
kmeans_72221184,O=C(Nc1cnsn1)C1CCCC1,842.1251,828.6385,13.486599999999953
kmeans_24747216,O=C(O)CCC(=O)OCCCCO,868.3609,904.6167,-36.25580000000002
kmeans_24747216,O=C(O)CCC(=O)OCCCCO,826.9634,873.9477,-46.984300000000076
kmeans_24747216,O=C(O)CCC(=O)OCCCCO,818.1838,841.9136,-23.729799999999955
kmeans_24747216,O=C(O)CCC(=O)OCCCCO,895.3314,804.89,90.44140000000004
kmeans_24747216,O=C(O)CCC(=O)OCCCCO,814.1548,870.3288,-56.17399999999998
kmeans_85292445,O=C(O)CN1CCC2(CCNCC2)C1,913.2834,961.9923,-48.70889999999997
kmeans_85292445,O=C(O)CN1CCC2(CCNCC2)C1,900.3951,965.7644,-65.36930000000007
kmeans_85292445,O=C(O)CN1CCC2(CCNCC2)C1,927.9739,976.8233,-48.84940000000006
kmeans_85292445,O=C(O)CN1CCC2(CCNCC2)C1,930.1496,845.5634,84.58619999999996
kmeans_95949325,O=C(O)CO[C@@H]1CCCNC1,964.2017,970.8406,-6.638900000000035
kmeans_95949325,O=C(O)CO[C@@H]1CCCNC1,768.5349,874.8135,-106.27859999999998
kmeans_95949325,O=C(O)CO[C@@H]1CCCNC1,932.548,852.5789,79.96910000000003
kmeans_95949325,O=C(O)CO[C@@H]1CCCNC1,930.4663,845.4524,85.01390000000004
kmeans_13102676,O=C(O)[C@@H]1Cc2ccc(O)cc2N1,808.1204,786.7015,21.418900000000008
kmeans_13102676,O=C(O)[C@@H]1Cc2ccc(O)cc2N1,876.2508,906.7582,-30.50739999999996
kmeans_13102676,O=C(O)[C@@H]1Cc2ccc(O)cc2N1,744.0762,773.1878,-29.111600000000067
kmeans_13102676,O=C(O)[C@@H]1Cc2ccc(O)cc2N1,790.2059,901.0259,-110.81999999999994
kmeans_93641900,O=C(O)c1ccc2cccnc2n1,790.2524,965.3511,-175.0987
kmeans_93641900,O=C(O)c1ccc2cccnc2n1,823.5667,887.5604,-63.99369999999999
kmeans_93641900,O=C(O)c1ccc2cccnc2n1,916.6705,970.9879,-54.31740000000002
kmeans_93641900,O=C(O)c1ccc2cccnc2n1,908.2414,959.3294,-51.087999999999965
kmeans_17998498,O=C([C@H]1C[C@@H](O)C1)N1CCOCC1,923.1546,976.3803,-53.225700000000074
kmeans_17998498,O=C([C@H]1C[C@@H](O)C1)N1CCOCC1,923.1546,958.2024,-35.04780000000005
kmeans_17998498,O=C([C@H]1C[C@@H](O)C1)N1CCOCC1,764.422,815.8436,-51.42160000000001
kmeans_17998498,O=C([C@H]1C[C@@H](O)C1)N1CCOCC1,890.436,873.9521,16.483900000000062
kmeans_32820891,O=C1CC(C(=O)Nn2ccnn2)C1,740.0362,801.7377,-61.70150000000001
kmeans_32820891,O=C1CC(C(=O)Nn2ccnn2)C1,853.8228,905.0251,-51.20229999999992
kmeans_32820891,O=C1CC(C(=O)Nn2ccnn2)C1,771.2249,812.14,-40.91509999999994
kmeans_32820891,O=C1CC(C(=O)Nn2ccnn2)C1,761.9972,751.2238,10.773400000000038
kmeans_32820891,O=C1CC(C(=O)Nn2ccnn2)C1,809.3353,862.7623,-53.42700000000002
kmeans_17339368,O=C1CCCC[C@@]12CCNC2,950.0502,978.0734,-28.023199999999974
kmeans_17339368,O=C1CCCC[C@@]12CCNC2,826.8105,871.9029,-45.0924
kmeans_73862143,O=C1C[C@@H]2[C@@H](CO)[C@@H](O)C[C@H]2O1,801.0447,847.201,-46.15629999999999
kmeans_73862143,O=C1C[C@@H]2[C@@H](CO)[C@@H](O)C[C@H]2O1,801.0447,843.4829,-42.43819999999994
kmeans_73862143,O=C1C[C@@H]2[C@@H](CO)[C@@H](O)C[C@H]2O1,845.1929,813.3588,31.834100000000035
kmeans_73862143,O=C1C[C@@H]2[C@@H](CO)[C@@H](O)C[C@H]2O1,785.4148,853.0491,-67.63429999999994
kmeans_62428632,O=C1NC(=O)[C@@]2(CCCNC2)N1,803.8562,862.2656,-58.409400000000005
kmeans_62428632,O=C1NC(=O)[C@@]2(CCCNC2)N1,899.5328,904.9947,-5.461900000000014
kmeans_62428632,O=C1NC(=O)[C@@]2(CCCNC2)N1,811.0387,862.0469,-51.0082000000001
kmeans_62428632,O=C1NC(=O)[C@@]2(CCCNC2)N1,782.8348,866.1523,-83.3175
kmeans_62428632,O=C1NC(=O)[C@@]2(CCCNC2)N1,775.1483,769.8486,5.299699999999916
kmeans_80658567,O=C1NN(C2CCCCC2)NO1,792.5582,751.2112,41.347000000000094
kmeans_80658567,O=C1NN(C2CCCCC2)NO1,778.7512,976.2543,-197.5030999999999
kmeans_80658567,O=C1NN(C2CCCCC2)NO1,799.1023,830.8226,-31.720299999999952
kmeans_80658567,O=C1NN(C2CCCCC2)NO1,809.709,793.1839,16.525099999999952
kmeans_80658567,O=C1NN(C2CCCCC2)NO1,770.9702,944.0509,-173.08069999999998
kmeans_42837054,O=C1N[C@@H]2C[C@H]1[C@H]1O[C@@H]21,818.8238,870.3216,-51.497799999999984
kmeans_42837054,O=C1N[C@@H]2C[C@H]1[C@H]1O[C@@H]21,843.9751,845.6582,-1.6830999999999676
kmeans_42837054,O=C1N[C@@H]2C[C@H]1[C@H]1O[C@@H]21,743.2145,784.5173,-41.302799999999934
kmeans_52310977,O=C1Nc2ccccc2CS1,816.3701,814.1798,2.1902999999999793
kmeans_52310977,O=C1Nc2ccccc2CS1,842.3761,885.7452,-43.3691
kmeans_52310977,O=C1Nc2ccccc2CS1,823.3898,805.1389,18.2509
kmeans_27729145,OCCN[C@@H]1CCC[C@@H]2C[C@@H]21,951.812,967.4408,-15.628799999999956
kmeans_27729145,OCCN[C@@H]1CCC[C@@H]2C[C@@H]21,938.3348,996.799,-58.464200000000005
kmeans_17114986,OCCOCCNc1ccccn1,906.8906,1037.0065,-130.1159
kmeans_17114986,OCCOCCNc1ccccn1,932.3121,957.9562,-25.64409999999998
kmeans_17114986,OCCOCCNc1ccccn1,803.7423,981.3561,-177.61379999999997
kmeans_17114986,OCCOCCNc1ccccn1,935.7787,986.3532,-50.57450000000006
kmeans_78477613,OC[C@@]1(O)CCCNC1,947.164,864.1707,82.99329999999998
kmeans_78477613,OC[C@@]1(O)CCCNC1,935.1202,983.0868,-47.966600000000085
kmeans_78477613,OC[C@@]1(O)CCCNC1,935.1202,983.0824,-47.96220000000005
kmeans_23035992,OCc1c[nH]nc1-c1ccncc1,929.5625,993.298,-63.7355
kmeans_23035992,OCc1c[nH]nc1-c1ccncc1,812.4047,847.9592,-35.55449999999996
kmeans_23035992,OCc1c[nH]nc1-c1ccncc1,849.2181,911.08,-61.86189999999999
kmeans_59181348,ONCC1(O)CCC1,768.4875,802.004,-33.516500000000065
kmeans_59181348,ONCC1(O)CCC1,883.0598,902.7606,-19.70079999999996
kmeans_59181348,ONCC1(O)CCC1,817.9223,778.4817,39.440599999999904
kmeans_99030201,Oc1nnc(C2CCC2)n1C1CC1,904.6637,982.9943,-78.3306
kmeans_99030201,Oc1nnc(C2CCC2)n1C1CC1,920.4731,998.059,-77.58589999999992
kmeans_99030201,Oc1nnc(C2CCC2)n1C1CC1,676.0618,705.2038,-29.142000000000053
kmeans_87112749,c1coc(CNC[C@@H]2CCCO2)c1,800.2433,890.3189,-90.07560000000001
kmeans_87112749,c1coc(CNC[C@@H]2CCCO2)c1,930.3416,981.934,-51.5924
